{
    "model": "nitrogen:gun/rsh_12_geo",
    "texture": "nitrogen:gun/uv/rsh_12",
    "slot": "nitrogen:gun/slot/rsh_12",
    "third_person_animation": "default",
    "hud": "nitrogen:gun/hud/rsh_12",
    "animation": "nitrogen:rsh_12",
    "use_default_animation": "pistol",
    "sounds": {
        "draw": "tacz:deagle/deagle_draw",
        "shoot": "nitrogen:rsh_12/rsh_12_shoot",
        "shoot_3p": "nitrogen:rsh_12/rsh_12_shoot_3p",
        "bolt": "nitrogen:rsh_12/rsh_12_bolt",
        "inspect": "nitrogen:rsh_12/rsh_12_inspect",
        "inspect_empty": "nitrogen:rsh_12/rsh_12_inspect",
        "reload_empty": "nitrogen:rsh_12/rsh_12_reload_tactical",
        "reload_tactical": "nitrogen:rsh_12/rsh_12_reload_tactical"
    },
    "offhand_show": {
      "pos": [3.5, 13.5, -0.5],
      "rotate": [-90, -35, 90],
      "scale": [0.5, 0.5, 0.5]
    },
    "hotbar_show": {
      "0": {
        "pos": [-6.5, 12, -0.5],
        "rotate": [-90, -35, 90],
        "scale": [0.5, 0.5, 0.5]
      }
    },
	"muzzle_flash": {
		"texture": "tacz:flash/common_muzzle_flash",
		"scale": 0.6
	},
    "transform": {
        "scale": {
            "thirdperson": [
                0.6,
                0.6,
                0.6
            ],
            "ground": [
                0.6,
                0.6,
                0.6
            ],
            "fixed": [
                1.2,
                1.2,
                1.2
            ]
        }
    }
}