{
	"format_version": "1.8.0",
	"animations": {
		"draw": {
			"loop": true,
			"animation_length": 1.2,
			"bones": {
				"root": {
					"rotation": {
						"0.0": [18.3516, -10.6923, 15.19687],
						"0.2": [1.75167, -2.49883, -4.07639],
						"0.35": [0.58201, -1.04064, 2.6563],
						"0.45": [0.34258, 0.38164, 0.59987],
						"0.55": [0, 0, 0]
					},
					"position": {
						"0.0": [0, "-17.3*0.45", "10*0.45"],
						"0.1": [0, "-7.41*0.45", "-4.07*0.45"],
						"0.2": ["-0.4*0.45", "-1.2*0.45", "-7.75*0.45"],
						"0.3": ["0.4*0.45", 0, "1.6*0.45"],
						"0.5": [0, 0, 0]
					}
				},
				"leftarm": {
					"rotation": {
						"0.0": [0, 0, 0],
						"0.2": [1, 0, -22],
						"0.4": [0, 0, 0]
					},
					"position": {
						"0.0": [0, 0, 0],
						"0.2": ["3.539*0.45", "3.6754*0.45", "5.5978*0.45"],
						"0.4": [0, 0, 0]
					}
				},
				"lefthide": {
					"position": [-1, 6, 5],
					"scale": "1/0.1"
				},
				"righthide": {
					"position": [-0.25, 4, 0],
					"scale": "1/0.1"
				}
			},
			"sound_effects": {
				"0.0": {
					"effect": "pistol_draw"
				}
			}
		},
		"inspect": {
			"loop": true,
			"animation_length": 3.8,
			"bones": {
				"rightg": {
					"rotation": {
						"0.0": [0, 0, 0],
						"0.1667": [-9.10467, -25.95159, -19.19327],
						"0.3": [-9.18088, -30.72584, -29.96084],
						"0.4333": [-11.10933, -36.38799, -25.34713],
						"0.5333": [-10.06514, -35.52384, -28.03806],
						"0.7667": [-10.53586, -33.26173, -26.50426],
						"1.0": [-3.4941, -33.46148, -45.63456],
						"1.1333": [-5.10177, -33.18669, -41.26087],
						"1.2333": [-5.44096, -33.36535, -40.34312],
						"1.3333": [-5.12916, -33.43138, -41.1983],
						"1.4667": [-4.49196, -33.554, -42.93807],
						"1.6": [-4.91154, -33.47594, -41.79411],
						"1.7": [-4.68955, -33.51914, -42.40043],
						"2.0333": [-15.01528, 9.53318, 68.94603],
						"2.1667": [-13.25936, 9.51163, 74.71344],
						"2.3": [-13.71722, 9.69111, 74.12635],
						"2.4333": [-13.63502, 10.8884, 77.37459],
						"2.5667": [-13.131, 11.49451, 79.97102],
						"2.7333": [-13.29499, 11.30318, 79.14045],
						"2.9": [-13.06372, 11.56958, 80.30366],
						"3.1": [-13.14455, 11.47839, 79.90168],
						"3.2667": [-13.70447, 10.80068, 77.00658],
						"3.4": [-7.95076, 4.6277, 48.42796],
						"3.5333": [0, -1.75, -2.75],
						"3.7": [0, 0, 0]
					},
					"position": {
						"0.0": [0, 0, 0],
						"0.2667": ["-0.475*0.45", "3.35*0.45", "-8.7*0.45"],
						"0.4": ["-0.195*0.45", "0.25*0.45", "-7.7*0.45"],
						"0.5667": ["-0.03*0.45", "1.5*0.45", "-7.7*0.45"],
						"0.7": [0, "1.375*0.45", "-7.7*0.45"],
						"0.9": ["-0.125*0.45", "1.4*0.45", "-8.275*0.45"],
						"1.2": ["-0.52*0.45", "1.475*0.45", "-8*0.45"],
						"1.4": ["-0.39*0.45", "1.425*0.45", "-8.175*0.45"],
						"1.6667": ["-0.225*0.45", "1.25*0.45", "-7.975*0.45"],
						"1.8": ["-0.63*0.45", "-3.19*0.45", "-7.65*0.45"],
						"1.9667": ["2.455*0.45", "-4.725*0.45", "-6.15*0.45"],
						"2.1333": ["2.585*0.45", "-3.395*0.45", "-5.545*0.45"],
						"2.2667": ["2.475*0.45", "-3.63*0.45", "-4.17*0.45"],
						"2.4": ["2.435*0.45", "-3.43*0.45", "-4.25*0.45"],
						"2.5667": ["2.545*0.45", "-3.425*0.45", "-4.24*0.45"],
						"2.7667": ["2.47*0.45", "-3.5*0.45", "-4.27*0.45"],
						"3.0": ["2.51*0.45", "-3.41*0.45", "-4.3*0.45"],
						"3.2333": ["2.455*0.45", "-3.325*0.45", "-4.325*0.45"],
						"3.3667": ["1.995*0.45", "-2.11*0.45", "-2.41*0.45"],
						"3.5": ["-0.25*0.45", "-2.31*0.45", "0.05*0.45"],
						"3.6333": [0, 0, 0]
					}
				},
				"string": {
					"rotation": {
						"0.0": [0, 0, 0],
						"0.2667": [37.5, 0, 40],
						"0.6": [22.07753, 3.24938, 26.12499],
						"1.0": [27.5, 0, 40],
						"1.7333": [27.5, 0, 40],
						"2.0": [-7.64346, 26.40156, -66.79633],
						"2.3": [25.25766, 11.2531, 17.52904],
						"2.6667": [-8.89674, 26.12797, -69.56838],
						"3.0": [21.10326, 26.12797, -69.56838],
						"3.2667": [1.10326, 26.12797, -69.56838],
						"3.5": [0, 0, 0]
					}
				},
				"string3": {
					"rotation": {
						"0.0": [0, 0, 0],
						"0.2667": [0, 0, 0],
						"0.6": [7.5, 0, 0],
						"1.0": [0, 0, 0],
						"1.7333": [0, 0, 0],
						"2.0": [0, 0, 3.75],
						"2.3": [0, 0, 17.5],
						"2.5333": [0, 0, -6.5],
						"2.6667": [0, 0, 0],
						"3.0": [0, 0, 0],
						"3.5": [0, 0, 0]
					}
				},
				"string5": {
					"rotation": {
						"0.0": [0, 0, 0],
						"0.2667": [0, 0, 0],
						"0.6": [5, 0, 0],
						"1.0": [0, 0, 0],
						"1.7333": [0, 0, 0],
						"2.0": [0, 0, -7.5],
						"2.3": [0, 0, 30],
						"2.5333": [0, 0, -10.5],
						"2.6667": [0, 0, 0],
						"3.0": [0, 0, 0],
						"3.5": [0, 0, 0]
					}
				},
				"string6": {
					"rotation": {
						"0.0": [0, 0, 0],
						"0.2667": [0, 0, 0],
						"0.6": [5, 0, 0],
						"1.0": [0, 0, 0],
						"1.7333": [0, 0, 0],
						"2.0": [-12.5, 0, -8],
						"2.3": [-4.15419, 0.36312, -11.01317],
						"2.4667": [0, 0, -20],
						"2.6667": [0, 0, 0],
						"3.0": [0, 0, 0],
						"3.5": [0, 0, 0]
					}
				},
				"rightarm": {
					"rotation": {
						"0.0": [0, 0, 0],
						"0.2333": [-1.33627, 1.7593, 3.45399],
						"1.7": [-1.33627, 1.7593, 3.45399],
						"2.0333": [-4.86179, 33.49794, 3.19974],
						"3.4333": [-4.86179, 33.49794, 3.19974],
						"3.6333": [0, 0, 0]
					},
					"position": {
						"0.0": [0, 0, 0],
						"0.1": ["-1.1122*0.45", "-1.0752*0.45", "3.8436*0.45"],
						"0.2333": ["-2.7536*0.45", "0.5615*0.45", "1.6842*0.45"],
						"1.7": ["-2.7536*0.45", "0.5615*0.45", "1.6842*0.45"],
						"2.0333": ["11.9736*0.45", "-1.4431*0.45", "0.8929*0.45"],
						"3.4333": ["11.9736*0.45", "-1.4431*0.45", "0.8929*0.45"],
						"3.6333": [0, 0, 0]
					}
				},
				"left": {
					"rotation": {
						"0.5": [0, 0, 0],
						"0.7667": [-53.84863, -11.0103, 10.54778],
						"1.0333": [-53.85, -11.01, 10.55],
						"1.5": [-53.85, -11.01, 10.55],
						"1.9": [-53.85, -11.01, 10.55],
						"2.3": [-53.85, -11.01, 10.55],
						"2.8667": [-53.85, -11.01, 10.55],
						"3.2667": [-53.84863, -11.0103, 10.54778],
						"3.5333": [0, 0, 0]
					},
					"position": {
						"0.2333": [0, 0, 0],
						"0.4667": [0, "-0.8*0.45", 0],
						"0.7667": [0, 0, 0],
						"1.0333": [0, "0.5*0.45", 0],
						"1.5": [0, "0.22*0.45", 0],
						"1.9": [0, "0.5*0.45", 0],
						"2.3": [0, "0.22*0.45", 0],
						"2.8667": [0, "0.5*0.45", 0],
						"3.2667": [0, 0, 0],
						"3.5667": [0, "-2.3*0.45", 0],
						"3.8": [0, 0, 0]
					}
				},
				"leftarm": {
					"rotation": {
						"0.0": [0, 0, 0],
						"0.2667": [56.51889, -13.11207, 7.52633],
						"3.5333": [56.51889, -13.11207, 7.52633],
						"3.7333": [0, 0, 0]
					},
					"position": {
						"0.0": [0, 0, 0],
						"0.2667": ["3*0.45", "-1.5*0.45", 0],
						"3.5333": ["3*0.45", "-1.5*0.45", 0],
						"3.7333": [0, 0, 0]
					}
				},
				"ipad": {
					"rotation": [10.03742, -4.92385, -3.37038],
					"position": ["23.25*0.45", "-164.25*0.45", "14*0.45"],
					"scale": {
						"0.2333": [0, 0, 0],
						"0.2667": ["1/0.15", "1/0.15", "1/0.15"],
						"3.5333": ["1/0.15", "1/0.15", "1/0.15"],
						"3.5667": [0, 0, 0]
					}
				},
				"body": {
					"position": [0, "0.1*0.45", 0]
				},
				"content": {
					"position": {
						"0.4": [0, 0, 0],
						"0.5": [0, "0.13*0.45", 0]
					}
				},
				"scanner": {
					"rotation": {
						"0.5": [0, 0, 0],
						"2.4": [0, 360, 0],
						"3.6": [0, 0, 0]
					},
					"position": {
						"0.4333": [0, 0, 0],
						"0.5": [0, 0, 0]
					}
				},
				"scanbar": {
					"position": {
						"0.4": [0, 0, 0],
						"0.5": [0, 0, 0],
						"1.4333": [0, 0, "-1.9375*0.45"],
						"2.3667": [0, 0, 0],
						"3.6": [0, 0, "-1.9375*0.45"]
					}
				},
				"lefthide": {
					"position": [-1, 6, 5],
					"scale": "1/0.1"
				},
				"righthide": {
					"position": [-0.25, 4, 0],
					"scale": "1/0.1"
				}
			},
			"sound_effects": {
				"0.0": {
					"effect": "pistol_inspectup"
				},
				"0.4333": {
					"effect": "radar"
				},
				"0.7667": {
					"effect": "pistol_inspectfoley"
				},
				"1.6333": {
					"effect": "pistol_inspectturn"
				},
				"2.2333": {
					"effect": "radar"
				},
				"3.3333": {
					"effect": "pistol_inspectdown"
				}
			}
		},
		"inspect_empty": {
			"loop": true,
			"animation_length": 3.8,
			"bones": {
				"rightg": {
					"rotation": {
						"0.0": [0, 0, 0],
						"0.1667": [-9.10467, -25.95159, -19.19327],
						"0.3": [-9.18088, -30.72584, -29.96084],
						"0.4333": [-11.10933, -36.38799, -25.34713],
						"0.5333": [-10.06514, -35.52384, -28.03806],
						"0.7667": [-10.53586, -33.26173, -26.50426],
						"1.0": [-3.4941, -33.46148, -45.63456],
						"1.1333": [-5.10177, -33.18669, -41.26087],
						"1.2333": [-5.44096, -33.36535, -40.34312],
						"1.3333": [-5.12916, -33.43138, -41.1983],
						"1.4667": [-4.49196, -33.554, -42.93807],
						"1.6": [-4.91154, -33.47594, -41.79411],
						"1.7": [-4.68955, -33.51914, -42.40043],
						"2.0333": [-15.01528, 9.53318, 68.94603],
						"2.1667": [-13.25936, 9.51163, 74.71344],
						"2.3": [-13.71722, 9.69111, 74.12635],
						"2.4333": [-13.63502, 10.8884, 77.37459],
						"2.5667": [-13.131, 11.49451, 79.97102],
						"2.7333": [-13.29499, 11.30318, 79.14045],
						"2.9": [-13.06372, 11.56958, 80.30366],
						"3.1": [-13.14455, 11.47839, 79.90168],
						"3.2667": [-13.70447, 10.80068, 77.00658],
						"3.4": [-7.95076, 4.6277, 48.42796],
						"3.5333": [0, -1.75, -2.75],
						"3.7": [0, 0, 0]
					},
					"position": {
						"0.0": [0, 0, 0],
						"0.2667": ["-0.475*0.45", "3.35*0.45", "-8.7*0.45"],
						"0.4": ["-0.195*0.45", "0.25*0.45", "-7.7*0.45"],
						"0.5667": ["-0.03*0.45", "1.5*0.45", "-7.7*0.45"],
						"0.7": [0, "1.375*0.45", "-7.7*0.45"],
						"0.9": ["-0.125*0.45", "1.4*0.45", "-8.275*0.45"],
						"1.2": ["-0.52*0.45", "1.475*0.45", "-8*0.45"],
						"1.4": ["-0.39*0.45", "1.425*0.45", "-8.175*0.45"],
						"1.6667": ["-0.225*0.45", "1.25*0.45", "-7.975*0.45"],
						"1.8": ["-0.63*0.45", "-3.19*0.45", "-7.65*0.45"],
						"1.9667": ["2.455*0.45", "-4.725*0.45", "-6.15*0.45"],
						"2.1333": ["2.585*0.45", "-3.395*0.45", "-5.545*0.45"],
						"2.2667": ["2.475*0.45", "-3.63*0.45", "-4.17*0.45"],
						"2.4": ["2.435*0.45", "-3.43*0.45", "-4.25*0.45"],
						"2.5667": ["2.545*0.45", "-3.425*0.45", "-4.24*0.45"],
						"2.7667": ["2.47*0.45", "-3.5*0.45", "-4.27*0.45"],
						"3.0": ["2.51*0.45", "-3.41*0.45", "-4.3*0.45"],
						"3.2333": ["2.455*0.45", "-3.325*0.45", "-4.325*0.45"],
						"3.3667": ["1.995*0.45", "-2.11*0.45", "-2.41*0.45"],
						"3.5": ["-0.25*0.45", "-2.31*0.45", "0.05*0.45"],
						"3.6333": [0, 0, 0]
					}
				},
				"string": {
					"rotation": {
						"0.0": [0, 0, 0],
						"0.2667": [37.5, 0, 40],
						"0.6": [22.07753, 3.24938, 26.12499],
						"1.0": [27.5, 0, 40],
						"1.7333": [27.5, 0, 40],
						"2.0": [-7.64346, 26.40156, -66.79633],
						"2.3": [25.25766, 11.2531, 17.52904],
						"2.6667": [-8.89674, 26.12797, -69.56838],
						"3.0": [21.10326, 26.12797, -69.56838],
						"3.2667": [1.10326, 26.12797, -69.56838],
						"3.5": [0, 0, 0]
					}
				},
				"string3": {
					"rotation": {
						"0.0": [0, 0, 0],
						"0.2667": [0, 0, 0],
						"0.6": [7.5, 0, 0],
						"1.0": [0, 0, 0],
						"1.7333": [0, 0, 0],
						"2.0": [0, 0, 3.75],
						"2.3": [0, 0, 17.5],
						"2.5333": [0, 0, -6.5],
						"2.6667": [0, 0, 0],
						"3.0": [0, 0, 0],
						"3.5": [0, 0, 0]
					}
				},
				"string5": {
					"rotation": {
						"0.0": [0, 0, 0],
						"0.2667": [0, 0, 0],
						"0.6": [5, 0, 0],
						"1.0": [0, 0, 0],
						"1.7333": [0, 0, 0],
						"2.0": [0, 0, -7.5],
						"2.3": [0, 0, 30],
						"2.5333": [0, 0, -10.5],
						"2.6667": [0, 0, 0],
						"3.0": [0, 0, 0],
						"3.5": [0, 0, 0]
					}
				},
				"string6": {
					"rotation": {
						"0.0": [0, 0, 0],
						"0.2667": [0, 0, 0],
						"0.6": [5, 0, 0],
						"1.0": [0, 0, 0],
						"1.7333": [0, 0, 0],
						"2.0": [-12.5, 0, -8],
						"2.3": [-4.15419, 0.36312, -11.01317],
						"2.4667": [0, 0, -20],
						"2.6667": [0, 0, 0],
						"3.0": [0, 0, 0],
						"3.5": [0, 0, 0]
					}
				},
				"rightarm": {
					"rotation": {
						"0.0": [0, 0, 0],
						"0.2333": [-1.33627, 1.7593, 3.45399],
						"1.7": [-1.33627, 1.7593, 3.45399],
						"2.0333": [-4.86179, 33.49794, 3.19974],
						"3.4333": [-4.86179, 33.49794, 3.19974],
						"3.6333": [0, 0, 0]
					},
					"position": {
						"0.0": [0, 0, 0],
						"0.1": ["-1.1122*0.45", "-1.0752*0.45", "3.8436*0.45"],
						"0.2333": ["-2.7536*0.45", "0.5615*0.45", "1.6842*0.45"],
						"1.7": ["-2.7536*0.45", "0.5615*0.45", "1.6842*0.45"],
						"2.0333": ["11.9736*0.45", "-1.4431*0.45", "0.8929*0.45"],
						"3.4333": ["11.9736*0.45", "-1.4431*0.45", "0.8929*0.45"],
						"3.6333": [0, 0, 0]
					}
				},
				"left": {
					"rotation": {
						"0.5": [0, 0, 0],
						"0.7667": [-53.84863, -11.0103, 10.54778],
						"1.0333": [-53.85, -11.01, 10.55],
						"1.5": [-53.85, -11.01, 10.55],
						"1.9": [-53.85, -11.01, 10.55],
						"2.3": [-53.85, -11.01, 10.55],
						"2.8667": [-53.85, -11.01, 10.55],
						"3.2667": [-53.84863, -11.0103, 10.54778],
						"3.5333": [0, 0, 0]
					},
					"position": {
						"0.2333": [0, 0, 0],
						"0.4667": [0, "-0.8*0.45", 0],
						"0.7667": [0, 0, 0],
						"1.0333": [0, "0.5*0.45", 0],
						"1.5": [0, "0.22*0.45", 0],
						"1.9": [0, "0.5*0.45", 0],
						"2.3": [0, "0.22*0.45", 0],
						"2.8667": [0, "0.5*0.45", 0],
						"3.2667": [0, 0, 0],
						"3.5667": [0, "-2.3*0.45", 0],
						"3.8": [0, 0, 0]
					}
				},
				"leftarm": {
					"rotation": {
						"0.0": [0, 0, 0],
						"0.2667": [56.51889, -13.11207, 7.52633],
						"3.5333": [56.51889, -13.11207, 7.52633],
						"3.7333": [0, 0, 0]
					},
					"position": {
						"0.0": [0, 0, 0],
						"0.2667": ["3*0.45", "-1.5*0.45", 0],
						"3.5333": ["3*0.45", "-1.5*0.45", 0],
						"3.7333": [0, 0, 0]
					}
				},
				"ipad": {
					"rotation": [10.03742, -4.92385, -3.37038],
					"position": ["23.25*0.45", "-164.25*0.45", "14*0.45"],
					"scale": {
						"0.2333": [0, 0, 0],
						"0.2667": ["1/0.15", "1/0.15", "1/0.15"],
						"3.5333": ["1/0.15", "1/0.15", "1/0.15"],
						"3.5667": [0, 0, 0]
					}
				},
				"body": {
					"position": [0, "0.1*0.45", 0]
				},
				"content": {
					"position": {
						"0.4": [0, 0, 0],
						"0.5": [0, "0.13*0.45", 0]
					}
				},
				"scanner": {
					"rotation": {
						"0.5": [0, 0, 0],
						"2.4": [0, 360, 0],
						"3.6": [0, 0, 0]
					},
					"position": {
						"0.4333": [0, 0, 0],
						"0.5": [0, 0, 0]
					}
				},
				"scanbar": {
					"position": {
						"0.4": [0, 0, 0],
						"0.5": [0, 0, 0],
						"1.4333": [0, 0, "-1.9375*0.45"],
						"2.3667": [0, 0, 0],
						"3.6": [0, 0, "-1.9375*0.45"]
					}
				},
				"lefthide": {
					"position": [-1, 6, 5],
					"scale": "1/0.1"
				},
				"righthide": {
					"position": [-0.25, 4, 0],
					"scale": "1/0.1"
				},
				"slide": {
					"position": [0, 0, "7*0.45"]
				}
			},
			"sound_effects": {
				"0.0": {
					"effect": "pistol_inspectup"
				},
				"0.4333": {
					"effect": "radar"
				},
				"0.7667": {
					"effect": "pistol_inspectfoley"
				},
				"1.6333": {
					"effect": "pistol_inspectturn"
				},
				"2.2333": {
					"effect": "radar"
				},
				"3.3333": {
					"effect": "pistol_inspectdown"
				}
			}
		},
		"reload_empty": {
			"loop": true,
			"animation_length": 2.6,
			"bones": {
				"root": {
					"rotation": {
						"0.0": [0, 0, 0],
						"0.1": [-1.95915, -4.05854, -9.09872],
						"0.2": [-1.41477, -2.23388, -6.61715],
						"0.3": [-1.5368, 1.39534, 28.15287],
						"0.4333": [-4.18411, -2.54458, 20.81875],
						"0.5333": [-4.34715, -0.83484, 25.80168],
						"0.8": [-9.13962, -35.02048, -50.82709],
						"0.9": [-17.90597, -32.33716, -42.6797],
						"0.9667": [-12.97658, -34.40544, -51.62706],
						"1.0333": [-17.76255, -31.6232, -42.95049],
						"1.1333": [-16.30743, -33.62419, -45.63766],
						"1.2667": [-16.77839, -32.81223, -42.49688],
						"1.3333": [-15.46583, -34.55308, -46.25588],
						"1.4333": [-20.84529, -33.04604, -37.98054],
						"1.5667": [-20.11105, -27.99846, -32.85194],
						"1.6667": [-11.5561, -7.72113, 9.20621],
						"1.7667": [-2.67576, 6.83035, 58.65219],
						"1.8333": [-1.44946, 5.79831, 51.1786],
						"1.9": [-4.44875, 6.75205, 61.11378],
						"1.9667": [2.01443, 3.10128, 61.35401],
						"2.0667": [1.40172, 3.76288, 55.82364],
						"2.1667": [1.32651, 1.73904, 57.02652],
						"2.3": [0.95237, -1.17206, 34.56407],
						"2.4667": [0, 0, 0]
					},
					"position": {
						"0.0": [0, 0, 0],
						"0.0667": [0, "-0.625*0.45", "-3.275*0.45"],
						"0.1667": ["-0.225*0.45", "1.4*0.45", "-4.98*0.45"],
						"0.2667": ["-1.695*0.45", "-6.525*0.45", "-6.355*0.45"],
						"0.4": ["-1.99*0.45", "-8.22*0.45", "-6.35*0.45"],
						"0.5667": ["-2.17*0.45", "-4.77*0.45", "-6.85*0.45"],
						"0.7": ["-6.94*0.45", "-1.09*0.45", "-8.35*0.45"],
						"0.8333": ["-6.94*0.45", "0.235*0.45", "-8.35*0.45"],
						"0.9667": ["-7.32*0.45", "1.665*0.45", "-9.07*0.45"],
						"1.0333": ["-5.82*0.45", "-0.535*0.45", "-9.545*0.45"],
						"1.1333": ["-6.17*0.45", "0.145*0.45", "-9.54*0.45"],
						"1.3333": ["-5.74*0.45", "-1.26*0.45", "-9.54*0.45"],
						"1.4": ["-5.865*0.45", "-0.205*0.45", "-9.54*0.45"],
						"1.5333": ["-5.86*0.45", "-3.25*0.45", "-9.54*0.45"],
						"1.6667": ["1.44*0.45", "-5.25*0.45", "-9.54*0.45"],
						"1.7667": ["2.47*0.45", "-5.25*0.45", "-8.99*0.45"],
						"1.8333": ["2.49*0.45", "-5.25*0.45", "-7.815*0.45"],
						"1.9": ["2.49*0.45", "-5.25*0.45", "-5.71*0.45"],
						"1.9667": ["2.49*0.45", "-5.25*0.45", "-10.31*0.45"],
						"2.1333": ["2.79*0.45", "-5.5*0.45", "-8.28*0.45"],
						"2.2333": ["2.34*0.45", "-5.945*0.45", "-4.605*0.45"],
						"2.3333": ["-0.525*0.45", "-2.635*0.45", "-1.775*0.45"],
						"2.4333": [0, 0, 0]
					}
				},
				"slide": {
					"position": {
						"0.0": [0, 0, "7*0.45"],
						"1.9": [0, 0, "7*0.45"],
						"1.9333": [0, 0, 0]
					}
				},
				"string": {
					"rotation": {
						"0.0": [0, 0, 0],
						"0.1667": [0, 0, -25],
						"0.2333": [27.5, 0, -25],
						"0.2667": [24.26701, -13.34855, 2.11771],
						"0.3333": [17.58578, -21.49188, 24.14001],
						"0.5667": [27.14734, -4.59551, -16.10662],
						"0.7667": [26.70209, 6.86577, -38.3674],
						"0.9667": [73.57455, -9.08409, -7.10981],
						"1.0667": [37.5, 0, 40],
						"1.1333": [47.5, 0, 40],
						"1.2": [27.5, 0, 40],
						"1.3": [15, 0, 40],
						"1.4333": [37.5, 0, 40],
						"1.5": [47.5, 0, 40],
						"1.5667": [27.5, 0, 40],
						"1.6": [15, 0, 40],
						"1.6667": [24.26701, -13.34855, 2.11771],
						"1.8": [17.58578, -21.49188, 24.14001],
						"2.0333": [26.07219, -9.08393, -7.10392],
						"2.4333": [37.5, 0, 40],
						"2.5": [47.5, 0, 40],
						"2.6": [0, 0, 0]
					}
				},
				"string3": {
					"rotation": {
						"0.0": [0, 0, 0],
						"0.2667": [0, 0, 0],
						"0.3333": [0, 0, 25],
						"0.5667": [0, 0, -20],
						"0.7667": [0, 0, -37.5],
						"0.9667": [0, 0, 2.5],
						"1.0667": [0, 0, 0],
						"1.1333": [7.5, 0, 0],
						"1.2": [0, 0, 0],
						"1.3": [-5, 0, 0],
						"1.4333": [0, 0, 0],
						"1.5": [7.5, 0, 0],
						"1.5667": [0, 0, 0],
						"1.6": [-5, 0, 0],
						"1.6667": [0, 0, 0],
						"1.8": [0, 0, 25],
						"2.0333": [0, 0, -25],
						"2.4333": [0, 0, 0],
						"2.5": [7.5, 0, 0],
						"2.6": [0, 0, 0]
					}
				},
				"string5": {
					"rotation": {
						"0.0": [0, 0, 0],
						"0.1667": [0, 0, -27.5],
						"0.2667": [0, 0, 20],
						"0.3333": [0, 0, 37.5],
						"0.5667": [0, 0, -12.5],
						"0.7667": [0, 0, -30],
						"0.9667": [0, 0, 12.5],
						"1.0667": [0, 0, 0],
						"1.1333": [5, 0, 0],
						"1.2": [0, 0, 0],
						"1.3": [-5, 0, 0],
						"1.4333": [0, 0, 0],
						"1.5": [5, 0, 0],
						"1.5667": [0, 0, 0],
						"1.6": [-5, 0, 0],
						"1.6667": [0, 0, 20],
						"1.8": [0, 0, 37.5],
						"2.0333": [0, 0, -25],
						"2.4333": [0, 0, 0],
						"2.5": [5, 0, 0],
						"2.6": [0, 0, 0]
					}
				},
				"string6": {
					"rotation": {
						"0.0": [0, 0, 0],
						"0.1667": [0, 0, -12.5],
						"0.2667": [0, 0, 12.5],
						"0.3333": [0, 0, 30],
						"0.5667": [0, 0, -10],
						"0.7667": [0, 0, 7.5],
						"0.9667": [0, 0, 7.5],
						"1.0667": [0, 0, 0],
						"1.1333": [5, 0, 0],
						"1.2": [0, 0, 0],
						"1.3": [-5, 0, 0],
						"1.4333": [0, 0, 0],
						"1.5": [5, 0, 0],
						"1.5667": [0, 0, 0],
						"1.6": [-5, 0, 0],
						"1.6667": [0, 0, 12.5],
						"1.8": [0, 0, 30],
						"2.0333": [0, 0, -20],
						"2.4333": [0, 0, 0],
						"2.5": [5, 0, 0],
						"2.6": [0, 0, 0]
					}
				},
				"rightarm": {
					"rotation": {
						"0.0": [0, 0, 0],
						"0.2667": [0, 0, 0],
						"0.3": [0.49921, 4.47925, -0.00759],
						"0.4333": [0, 0, 0],
						"1.5667": [0, 0, 0],
						"1.7667": [-16.75545, 25.26742, -0.7499],
						"2.1667": [-16.75545, 25.26742, -0.7499],
						"2.3667": [0, 0, 0]
					},
					"position": {
						"0.0": [0, 0, 0],
						"0.2667": [0, 0, 0],
						"0.3": ["1.475*0.45", 0, 0],
						"0.4333": [0, 0, 0],
						"1.5667": [0, 0, 0],
						"1.7667": ["10.5015*0.45", "-4.5348*0.45", "1.4712*0.45"],
						"2.1667": ["10.5015*0.45", "-4.5348*0.45", "1.4712*0.45"],
						"2.3667": [0, 0, 0]
					}
				},
				"mag": {
					"rotation": {
						"0.0": [0, 0, 0],
						"0.2": [0, 0, 0],
						"0.3": [0, 0, 0],
						"0.4": [11.38192, 5.68502, 46.30972],
						"0.6667": [11.38192, 5.68502, 46.30972],
						"0.7333": [3.50163, 1.74673, 3.35687],
						"0.8": [2.46295, 1.80088, 2.10744],
						"0.9": [0, 0, 0],
						"0.9667": [0, 0, 0],
						"1.0333": [0, 0, 0]
					},
					"position": {
						"0.0": [0, 0, 0],
						"0.2": [0, 0, 0],
						"0.3": [0, "-15*0.45", "4.5*0.45"],
						"0.4": ["-16.4*0.45", "-27.525*0.45", "4.5*0.45"],
						"0.6667": ["-16.4*0.45", "-27.525*0.45", "4.5*0.45"],
						"0.7333": [0, "-15.125*0.45", "3.275*0.45"],
						"0.8": [0, "-16.025*0.45", "3.275*0.45"],
						"0.9": [0, "-15*0.45", "4.725*0.45"],
						"0.9667": [0, "-11.2*0.45", "3.75*0.45"],
						"1.0333": [0, 0, 0]
					}
				},
				"leftarm": {
					"rotation": {
						"0.0": [0, 0, 0],
						"0.1": [13.15907, -5.82536, -12.66519],
						"0.2333": [7.9251, 4.69749, -30.14925],
						"0.5": [7.9251, 4.69749, -30.14925],
						"0.6667": [22.21291, 18.62239, 28.74197],
						"0.7333": [22.21291, 18.62239, 28.74197],
						"0.8": [-5.07442, -2.10137, 37.34794],
						"0.9": [-9.78905, -2.68616, 37.81886],
						"0.9667": [-16.15396, -4.98677, 35.52025],
						"1.0333": [-16.71725, -1.30656, 38.52966],
						"1.1333": [-16.71725, -1.30656, 38.52966],
						"1.2": [19.69637, 22.45904, 20.68205],
						"1.3": [19.69637, 22.45904, 20.68205],
						"1.3667": [12.40885, 16.00417, 22.87923],
						"1.5333": [12.40885, 16.00417, 22.87923],
						"1.7667": [-2.20818, -14.55874, -89.71655],
						"1.8333": [-3.11541, -14.48555, -85.46062],
						"1.9": [-5.52295, -22.13425, -95.49618],
						"1.9333": [-17.72676, -25.36166, -84.42634],
						"2.0333": [-33.15956, -21.28369, -73.7765],
						"2.3": [0, 0, 0]
					},
					"position": {
						"0.0": [0, 0, 0],
						"0.2333": ["12.4415*0.45", "-16.2352*0.45", "16.1727*0.45"],
						"0.5": ["12.4415*0.45", "-16.2352*0.45", "16.1727*0.45"],
						"0.6667": ["-14.1972*0.45", "-27.9853*0.45", "8.2021*0.45"],
						"0.7333": ["-14.1972*0.45", "-27.9853*0.45", "8.2021*0.45"],
						"0.8": ["-12.1077*0.45", "-25.5219*0.45", "4.3903*0.45"],
						"0.9": ["-12.93*0.45", "-26.49*0.45", "4.94*0.45"],
						"0.9667": ["-12.93*0.45", "-24.34*0.45", "1.84*0.45"],
						"1.0333": ["-12.18*0.45", "-14.09*0.45", "-0.91*0.45"],
						"1.1333": ["-12.18*0.45", "-14.09*0.45", "-0.91*0.45"],
						"1.2": ["2.8707*0.45", "-10.2665*0.45", "10.9714*0.45"],
						"1.3": ["2.8707*0.45", "-10.2665*0.45", "10.9714*0.45"],
						"1.3667": ["-1.2293*0.45", "-4.3415*0.45", "4.2964*0.45"],
						"1.5333": ["-1.2293*0.45", "-4.3415*0.45", "4.2964*0.45"],
						"1.7667": ["5.2392*0.45", "24.4692*0.45", "1.5693*0.45"],
						"1.8333": ["5.4286*0.45", "23.5748*0.45", "2.3582*0.45"],
						"1.9": ["6.1203*0.45", "25.0943*0.45", "3.1581*0.45"],
						"1.9333": ["10.8681*0.45", "23.4056*0.45", "3.8081*0.45"],
						"2.0333": ["12.8608*0.45", "22.1676*0.45", "33.3796*0.45"],
						"2.2": ["15.6366*0.45", "5.4438*0.45", "2.6805*0.45"],
						"2.3": [0, 0, 0]
					}
				},
				"lefthide": {
					"position": [-1, 6, 5],
					"scale": "1/0.1"
				},
				"righthide": {
					"position": [-0.25, 4, 0],
					"scale": "1/0.1"
				}
			},
			"sound_effects": {
				"0.0667": {
					"effect": "pistol_magout"
				},
				"0.7": {
					"effect": "pistol_magin"
				},
				"1.2333": {
					"effect": "pistol_hit"
				},
				"1.7667": {
					"effect": "pistol_slide"
				}
			}
		},
		"reload_tactical": {
			"loop": true,
			"animation_length": 3.6,
			"bones": {
				"root": {
					"rotation": {
						"0.0": [0, 0, 0],
						"0.1": [-1.95915, -4.05854, -9.09872],
						"0.2": [-1.41477, -2.23388, -6.61715],
						"0.3": [-1.5368, 1.39534, 28.15287],
						"0.4333": [-4.18411, -2.54458, 20.81875],
						"0.5333": [-4.34715, -0.83484, 25.80168],
						"0.8": [-9.13962, -35.02048, -50.82709],
						"0.9": [-17.90597, -32.33716, -42.6797],
						"0.9667": [-12.97658, -34.40544, -51.62706],
						"1.0333": [-17.76255, -31.6232, -42.95049],
						"1.1333": [-16.30743, -33.62419, -45.63766],
						"1.2667": [-16.77839, -32.81223, -42.49688],
						"1.3333": [-15.46583, -34.55308, -46.25588],
						"1.4333": [-20.84529, -33.04604, -37.98054],
						"1.5667": [-20.11105, -27.99846, -32.85194],
						"1.6667": [-12.23767, -13.86757, -12.58035],
						"1.7667": [0, 0, 0]
					},
					"position": {
						"0.0": [0, 0, 0],
						"0.0667": [0, "-0.625*0.45", "-3.275*0.45"],
						"0.1667": ["-0.225*0.45", "1.4*0.45", "-4.98*0.45"],
						"0.2667": ["-1.695*0.45", "-6.525*0.45", "-6.355*0.45"],
						"0.4": ["-1.99*0.45", "-8.22*0.45", "-6.35*0.45"],
						"0.5667": ["-2.17*0.45", "-4.77*0.45", "-6.85*0.45"],
						"0.7": ["-6.94*0.45", "-1.09*0.45", "-8.35*0.45"],
						"0.8333": ["-6.94*0.45", "0.235*0.45", "-8.35*0.45"],
						"0.9667": ["-7.32*0.45", "1.665*0.45", "-9.07*0.45"],
						"1.0333": ["-5.82*0.45", "-0.535*0.45", "-9.545*0.45"],
						"1.1333": ["-6.17*0.45", "0.145*0.45", "-9.54*0.45"],
						"1.3333": ["-5.74*0.45", "-1.26*0.45", "-9.54*0.45"],
						"1.4": ["-5.865*0.45", "-0.205*0.45", "-9.54*0.45"],
						"1.5": ["-5.86*0.45", "-3.25*0.45", "-9.54*0.45"],
						"1.6333": ["-2.93*0.45", "-2.23*0.45", "-0.045*0.45"],
						"1.7333": [0, 0, 0]
					}
				},
				"string": {
					"rotation": {
						"0.0": [0, 0, 0],
						"0.1667": [0, 0, -25],
						"0.2333": [27.5, 0, -25],
						"0.2667": [24.26701, -13.34855, 2.11771],
						"0.3333": [17.58578, -21.49188, 24.14001],
						"0.5667": [27.14734, -4.59551, -16.10662],
						"0.7667": [26.70209, 6.86577, -38.3674],
						"0.9667": [73.57455, -9.08409, -7.10981],
						"1.0667": [37.5, 0, 40],
						"1.1333": [47.5, 0, 40],
						"1.2": [27.5, 0, 40],
						"1.3": [15, 0, 40],
						"1.6": [0, 0, 0],
						"1.8": [35, 0, 0],
						"2.0": [0, 0, 0],
						"2.2": [0, 0, 0]
					}
				},
				"string3": {
					"rotation": {
						"0.0": [0, 0, 0],
						"0.2667": [0, 0, 0],
						"0.3333": [0, 0, 25],
						"0.5667": [0, 0, -20],
						"0.7667": [0, 0, -37.5],
						"0.9667": [0, 0, 2.5],
						"1.0667": [0, 0, 0],
						"1.1333": [7.5, 0, 0],
						"1.2": [0, 0, 0],
						"1.3": [-5, 0, 0],
						"1.6": [-20, 0, 0],
						"1.8": [5, 0, 0],
						"2.0": [-10, 0, 0],
						"2.2": [0, 0, 0]
					}
				},
				"string5": {
					"rotation": {
						"0.0": [0, 0, 0],
						"0.1667": [0, 0, -27.5],
						"0.2667": [0, 0, 20],
						"0.3333": [0, 0, 37.5],
						"0.5667": [0, 0, -12.5],
						"0.7667": [0, 0, -30],
						"0.9667": [0, 0, 12.5],
						"1.0667": [0, 0, 0],
						"1.1333": [5, 0, 0],
						"1.2": [0, 0, 0],
						"1.3": [-5, 0, 0],
						"1.6": [-12.5, 0, 0],
						"1.8": [15, 0, 0],
						"2.0": [0, 0, 0],
						"2.2": [0, 0, 0]
					}
				},
				"string6": {
					"rotation": {
						"0.0": [0, 0, 0],
						"0.1667": [0, 0, -12.5],
						"0.2667": [0, 0, 12.5],
						"0.3333": [0, 0, 30],
						"0.5667": [0, 0, -10],
						"0.7667": [0, 0, 7.5],
						"0.9667": [0, 0, 7.5],
						"1.0667": [0, 0, 0],
						"1.1333": [5, 0, 0],
						"1.2": [0, 0, 0],
						"1.3": [-5, 0, 0],
						"1.6": [-17.5, 0, 0],
						"1.8": [15, 0, 0],
						"2.0": [0, 0, 0],
						"2.2": [0, 0, 0]
					}
				},
				"rightarm": {
					"rotation": {
						"0.0": [0, 0, 0],
						"0.2667": [0, 0, 0],
						"0.3": [0.49921, 4.47925, -0.00759],
						"0.4333": [0, 0, 0]
					},
					"position": {
						"0.0": [0, 0, 0],
						"0.2667": [0, 0, 0],
						"0.3": ["1.475*0.45", 0, 0],
						"0.4333": [0, 0, 0]
					}
				},
				"mag": {
					"rotation": {
						"0.0": [0, 0, 0],
						"0.2": [0, 0, 0],
						"0.3": [0, 0, 0],
						"0.4": [11.38192, 5.68502, 46.30972],
						"0.6667": [11.38192, 5.68502, 46.30972],
						"0.7333": [3.50163, 1.74673, 3.35687],
						"0.8": [2.46295, 1.80088, 2.10744],
						"0.9": [0, 0, 0],
						"0.9667": [0, 0, 0],
						"1.0333": [0, 0, 0]
					},
					"position": {
						"0.0": [0, 0, 0],
						"0.2": [0, 0, 0],
						"0.3": [0, "-15*0.45", "4.5*0.45"],
						"0.4": ["-16.4*0.45", "-27.525*0.45", "4.5*0.45"],
						"0.6667": ["-16.4*0.45", "-27.525*0.45", "4.5*0.45"],
						"0.7333": [0, "-15.125*0.45", "3.275*0.45"],
						"0.8": [0, "-16.025*0.45", "3.275*0.45"],
						"0.9": [0, "-15*0.45", "4.725*0.45"],
						"0.9667": [0, "-11.2*0.45", "3.75*0.45"],
						"1.0333": [0, 0, 0]
					}
				},
				"leftarm": {
					"rotation": {
						"0.0": [0, 0, 0],
						"0.1": [13.15907, -5.82536, -12.66519],
						"0.2333": [7.9251, 4.69749, -30.14925],
						"0.5": [7.9251, 4.69749, -30.14925],
						"0.6667": [22.21291, 18.62239, 28.74197],
						"0.7333": [22.21291, 18.62239, 28.74197],
						"0.8": [-5.07442, -2.10137, 37.34794],
						"0.9": [-9.78905, -2.68616, 37.81886],
						"0.9667": [-16.15396, -4.98677, 35.52025],
						"1.0333": [-16.71725, -1.30656, 38.52966],
						"1.1333": [-16.71725, -1.30656, 38.52966],
						"1.2": [19.69637, 22.45904, 20.68205],
						"1.3": [19.69637, 22.45904, 20.68205],
						"1.3667": [12.40885, 16.00417, 22.87923],
						"1.5": [12.40885, 16.00417, 22.87923],
						"1.7333": [0, 0, 0]
					},
					"position": {
						"0.0": [0, 0, 0],
						"0.2333": ["12.4415*0.45", "-16.2352*0.45", "16.1727*0.45"],
						"0.5": ["12.4415*0.45", "-16.2352*0.45", "16.1727*0.45"],
						"0.6667": ["-14.1972*0.45", "-27.9853*0.45", "8.2021*0.45"],
						"0.7333": ["-14.1972*0.45", "-27.9853*0.45", "8.2021*0.45"],
						"0.8": ["-12.1077*0.45", "-25.5219*0.45", "4.3903*0.45"],
						"0.9": ["-12.93*0.45", "-26.49*0.45", "4.94*0.45"],
						"0.9667": ["-12.93*0.45", "-24.34*0.45", "1.84*0.45"],
						"1.0333": ["-12.18*0.45", "-14.09*0.45", "-0.91*0.45"],
						"1.1333": ["-12.18*0.45", "-14.09*0.45", "-0.91*0.45"],
						"1.2": ["2.8707*0.45", "-10.2665*0.45", "10.9714*0.45"],
						"1.3": ["2.8707*0.45", "-10.2665*0.45", "10.9714*0.45"],
						"1.3667": ["-1.2293*0.45", "-4.3415*0.45", "4.2964*0.45"],
						"1.5": ["-1.2293*0.45", "-4.3415*0.45", "4.2964*0.45"],
						"1.7333": [0, 0, 0]
					}
				},
				"lefthide": {
					"position": [-1, 6, 5],
					"scale": "1/0.1"
				},
				"righthide": {
					"position": [-0.25, 4, 0],
					"scale": "1/0.1"
				}
			},
			"sound_effects": {
				"0.0667": {
					"effect": "pistol_magout"
				},
				"0.7": {
					"effect": "pistol_magin"
				},
				"1.2333": {
					"effect": "pistol_hit"
				}
			}
		},
		"shoot": {
			"loop": "hold_on_last_frame",
			"animation_length": 0.2,
			"bones": {
				"root": {
					"rotation": {
						"0.0": [0, 0, 0],
						"0.05": [-18.23643, -0.69169, -0.6604],
						"0.15": [0, 0, 0]
					},
					"position": {
						"0.0": [0, 0, 0],
						"0.05": [0, 0, "2.225*0.45"],
						"0.15": [0, 0, 0]
					}
				},
				"hammer": {
					"rotation": [0, 0, 0],
					"position": [0, 0, 0]
				},
				"slide": {
					"position": {
						"0.0": [0, 0, 0],
						"0.05": [0, 0, "6*0.45"],
						"0.1": [0, 0, 0]
					}
				},
				"string": {
					"rotation": {
						"0.0": [0, 0, 0],
						"0.05": [-12.5, 0, 0],
						"0.1": [7.5, 0, 0],
						"0.15": [-2.5, 0, 0],
						"0.2": [0, 0, 0]
					}
				},
				"string1": {
					"rotation": {
						"0.0": [0, 0, 0],
						"0.05": [-10, 0, 0],
						"0.1": [2.5, 0, 0],
						"0.15": [0, 0, 0]
					}
				},
				"string3": {
					"rotation": {
						"0.0": [0, 0, 0],
						"0.05": [-20, 0, 0],
						"0.1": [22.5, 0, 0],
						"0.15": [0, 0, 0]
					}
				},
				"string6": {
					"rotation": {
						"0.0": [0, 0, 0],
						"0.05": [-37.5, 0, 0],
						"0.1": [22.5, 0, 0],
						"0.15": [-5, 0, 0],
						"0.2": [0, 0, 0]
					}
				},
				"bullet": {
					"position": {
						"0.0": [0, 0, 0],
						"0.05": ["0.1*0.45", "4*0.45", "-0.6*0.45"],
						"0.1": ["-4*0.45", "8*0.45", "2*0.45"],
						"0.15": ["-8*0.45", "2*0.45", "1*0.45"],
						"0.2": ["-14*0.45", "-30*0.45", "1*0.45"]
					}
				},
				"lefthide": {
					"position": [0, 0, 0],
					"scale": 1
				},
				"righthide": {
					"position": [0, 0, 0],
					"scale": 1
				}
			}
		},
		"static_idle": {
			"loop": true,
			"bones": {
				"lefthide": {
					"position": [-1, 6, 5],
					"scale": "1/0.1"
				},
				"righthide": {
					"position": [-0.25, 4, 0],
					"scale": "1/0.1"
				}
			}
		},
		"static_bolt_caught": {
			"loop": true,
			"bones": {
				"lefthide": {
					"position": [-1, 6, 5],
					"scale": "1/0.1"
				},
				"righthide": {
					"position": [-0.25, 4, 0],
					"scale": "1/0.1"
				},
				"slide": {
					"position": [0, 0, "7*0.45"]
				}
			}
		}
	}
}