{
	"format_version": "1.8.0",
	"animations": {
		"reload_tactical": {
			"animation_length": 2.9167,
			"bones": {
				"lefthand": {
					"rotation": [32.79512, -6.13561, -34.91404],
					"position": [5.15, -10, -13.75]
				},
				"righthand": {
					"rotation": [79.75825, -12.22903, 2.52363],
					"position": [-5.5, -11.25, -5.75]
				},
				"root": {
					"rotation": {
						"0.0": [0, 0, 0],
						"0.1667": [2.50238, -2.49762, -0.10912],
						"0.25": [-2.5, -2.5, -0.11],
						"0.4167": [-5, -2.5, -0.11],
						"0.6667": [-4.77896, -5.41712, -4.88896],
						"0.75": [-2.26482, -2.92866, -5.09853],
						"0.9167": [0.24, -2.93, -5.1],
						"1.0833": [-4.76, -2.93, -5.1],
						"1.4583": [-2.39, -2.93, -5.1],
						"1.625": [-4.48852, -2.95512, -2.59683],
						"1.7917": [-2.39, -2.93, -5.1],
						"2.4167": [0.24, -2.93, -5.1],
						"2.7917": [0, 0, 0]
					},
					"position": {
						"0.0": [0, 0, 0],
						"0.1667": [0, 0, 0],
						"0.25": ["2/2*2*0.45", "-2/2*2*0.45", "3/2*2*0.45"],
						"0.4167": ["2/2*2*0.45", "-2/2*2*0.45", "7/2*2*0.45"],
						"0.9167": ["2/2*2*0.45", "-3/2*2*0.45", "7/2*2*0.45"],
						"1.0833": ["2/2*2*0.45", "-3/2*2*0.45", "9/2*2*0.45"],
						"1.4583": ["2/2*2*0.45", "-3/2*2*0.45", "9/2*2*0.45"],
						"1.625": ["1/2*2*0.45", "-4/2*2*0.45", "9/2*2*0.45"],
						"1.7917": ["2/2*2*0.45", "-3/2*2*0.45", "9/2*2*0.45"],
						"2.4583": ["2/2*2*0.45", "-3/2*2*0.45", "9/2*2*0.45"],
						"2.7083": ["2/2*2*0.45", "-3/2*2*0.45", "6/2*2*0.45"],
						"2.7917": [0, 0, 0]
					}
				},
				"mag_and_lefthand": {
					"rotation": [0, 0, 0],
					"position": {
						"0.7083": [0, 0, 0],
						"0.8333": ["0.75*2*0.45", "1.25*2*0.45", 0],
						"0.9583": ["2.75*2*0.45", "1.25*2*0.45", 0],
						"1.0833": ["4.5*2*0.45", "-6.75*2*0.45", 0],
						"1.3333": ["8.5*2*0.45", "-16.25*2*0.45", 0],
						"1.5417": ["8.5*2*0.45", "-16.25*2*0.45", 0],
						"1.75": ["4.5*2*0.45", "-6.75*2*0.45", 0],
						"2.0": ["0.75*2*0.45", "1.25*2*0.45", 0],
						"2.1667": [0, 0, 0]
					}
				},
				"bulleta": {
					"rotation": [0, 0, 0],
					"position": [0, 0, 0]
				},
				"cleanb1": {
					"scale": {
						"0.0": [0, 0, 0],
						"1.1667": [0, 0, 0],
						"1.2083": [1, 1, 1]
					}
				},
				"cleanb2": {
					"scale": {
						"0.0": [0, 0, 0],
						"1.1667": [0, 0, 0],
						"1.2083": [1, 1, 1]
					}
				},
				"bullet7": {
					"scale": {
						"0.0": [0, 0, 0],
						"1.1667": [0, 0, 0],
						"1.2083": [1, 1, 1]
					}
				},
				"bullet18": {
					"rotation": [0, 0, 0],
					"position": [0, 0, 0]
				},
				"pb1": {
					"scale": {
						"0.0": [1, 1, 1],
						"1.1667": [1, 1, 1],
						"1.2083": [0, 0, 0]
					}
				},
				"pb2": {
					"scale": {
						"0.0": [1, 1, 1],
						"1.1667": [1, 1, 1],
						"1.2083": [0, 0, 0]
					}
				},
				"pb3": {
					"scale": {
						"0.0": [1, 1, 1],
						"1.1667": [1, 1, 1],
						"1.2083": [0, 0, 0]
					}
				},
				"pb7": {
					"scale": {
						"0.0": [1, 1, 1],
						"1.1667": [1, 1, 1],
						"1.2083": [0, 0, 0],
						"2.1667": [0, 0, 0],
						"2.2083": [1, 1, 1]
					}
				},
				"pb8": {
					"scale": {
						"0.0": [1, 1, 1],
						"1.1667": [1, 1, 1],
						"1.2083": [0, 0, 0],
						"2.2083": [0, 0, 0],
						"2.25": [1, 1, 1]
					}
				},
				"pb9": {
					"scale": {
						"0.0": [1, 1, 1],
						"1.1667": [1, 1, 1],
						"1.2083": [0, 0, 0],
						"2.25": [0, 0, 0],
						"2.2917": [1, 1, 1]
					}
				},
				"bullet74": {
					"scale": {
						"0.0": [1, 1, 1],
						"1.1667": [1, 1, 1],
						"1.2083": [0, 0, 0],
						"2.2917": [0, 0, 0],
						"2.3333": [1, 1, 1]
					}
				},
				"bullet75": {
					"scale": {
						"0.0": [1, 1, 1],
						"1.1667": [1, 1, 1],
						"1.2083": [0, 0, 0],
						"2.3333": [0, 0, 0],
						"2.375": [1, 1, 1]
					}
				},
				"bullet76": {
					"scale": {
						"0.0": [1, 1, 1],
						"1.1667": [1, 1, 1],
						"1.2083": [0, 0, 0],
						"2.375": [0, 0, 0],
						"2.4167": [1, 1, 1]
					}
				},
				"bullet77": {
					"scale": {
						"0.0": [1, 1, 1],
						"1.1667": [1, 1, 1],
						"1.2083": [0, 0, 0],
						"2.4167": [0, 0, 0],
						"2.4583": [1, 1, 1]
					}
				},
				"bullet78": {
					"scale": {
						"0.0": [1, 1, 1],
						"1.1667": [1, 1, 1],
						"1.2083": [0, 0, 0],
						"2.4583": [0, 0, 0],
						"2.5": [1, 1, 1]
					}
				},
				"left2": {
					"rotation": {
						"0.5833": [0, 0, 0],
						"0.7083": [25, 0, 0],
						"2.1667": [25, 0, 0],
						"2.3333": [0, 0, 0]
					},
					"position": {
						"0.5833": [0, 0, 0],
						"0.7083": ["4*2*0.45", "10*2*0.45", "3.75-2.5*2*0.45"],
						"2.1667": ["4*2*0.45", "10*2*0.45", "3.75-2.5*2*0.45"],
						"2.3333": [0, 0, 0]
					}
				},
				"right2": {
					"rotation": {
						"0.0": [0, 0, 0],
						"0.25": [0, 0, 0],
						"0.375": [0, 0, 0],
						"0.5833": [0, 0, 0],
						"1.7917": [0, 0, 0],
						"2.1667": [0, 0, 0],
						"2.375": [0, 0, 0],
						"2.4583": [0, 0, 0],
						"2.875": [0, 0, 0]
					},
					"position": {
						"0.0": [0, 0, 0],
						"0.0833": ["-8/2*2*0.45", "12/2*2*0.45", "-3/2*2*0.45"],
						"0.1667": [0, "24/2*2*0.45", "-7/2*2*0.45"],
						"0.25": [0, "24/2*2*0.45", "14/2*2*0.45"],
						"0.375": [0, "24/2*2*0.45", "14/2*2*0.45"],
						"0.4583": ["-9.6/2*2*0.45", "16.4/2*2*0.45", "14/2*2*0.45"],
						"0.5833": [0, 0, 0],
						"1.7917": [0, 0, 0],
						"2.1667": [0, 0, 0],
						"2.2917": ["-9.6/2*2*0.45", "16.4/2*2*0.45", "14/2*2*0.45"],
						"2.375": [0, "24/2*2*0.45", "14/2*2*0.45"],
						"2.4583": [0, "24/2*2*0.45", "14/2*2*0.45"],
						"2.625": [0, "24/2*2*0.45", "-7/2*2*0.45"],
						"2.7083": ["-8/2*2*0.45", "12/2*2*0.45", "-3/2*2*0.45"],
						"2.875": [0, 0, 0]
					}
				},
				"pull": {
					"rotation": {
						"0.0": [0, 0, 0],
						"0.1667": [0, 0, 0],
						"0.25": [0, -65, 0],
						"2.4583": [0, -65, 0],
						"2.625": [0, 0, 0],
						"2.9167": [0, 0, 0]
					},
					"position": {
						"0.0": [0, 0, 0],
						"0.1667": [0, 0, 0],
						"2.625": [0, 0, 0],
						"2.9167": [0, 0, 0]
					}
				},
				"cover": {
					"rotation": {
						"0.0": [0, 0, 0],
						"0.2083": [0, 0, 0],
						"0.2917": [97.5, 0, 0],
						"2.4583": [97.5, 0, 0],
						"2.625": [0, 0, 0],
						"2.8333": [0, 0, 0]
					},
					"position": {
						"0.0": [0, 0, 0],
						"0.2083": [0, 0, 0],
						"2.625": [0, 0, 0],
						"2.8333": [0, 0, 0]
					}
				},
				"lefthide": {
					"position": [-5, 0, 12],
					"scale": "1/0.1"
				},
				"righthide": {
					"position": [-1, 0, 6],
					"scale": "1/0.1"
				}
			},
			"sound_effects": {
				"0.1667": {
					"effect": "mgl_open"
				},
				"0.875": {
					"effect": "mag_insert"
				},
				"1.5833": {
					"effect": "m4_maghit"
				},
				"2.4583": {
					"effect": "mgl_close"
				}
			}
		},
		"reload_empty": {
			"animation_length": 2.8333,
			"bones": {
				"lefthand": {
					"rotation": [32.79512, -6.13561, -34.91404],
					"position": [5.15, -10, -13.75]
				},
				"righthand": {
					"rotation": [79.75825, -12.22903, 2.52363],
					"position": [-5.5, -11.25, -5.75]
				},
				"root": {
					"rotation": {
						"0.0": [0, 0, 0],
						"0.1667": [2.50238, -2.49762, -0.10912],
						"0.25": [-2.5, -2.5, -0.11],
						"0.4167": [-5, -2.5, -0.11],
						"0.6667": [-4.77896, -5.41712, -4.88896],
						"0.75": [-2.26482, -2.92866, -5.09853],
						"0.9167": [0.24, -2.93, -5.1],
						"1.0833": [-4.76, -2.93, -5.1],
						"1.2917": [-2.39, -2.93, -5.1],
						"1.9167": [0.24, -2.93, -5.1],
						"2.2917": [0, 0, 0]
					},
					"position": {
						"0.0": [0, 0, 0],
						"0.1667": [0, 0, 0],
						"0.25": ["2/2*2*0.45", "-2/2*2*0.45", "3/2*2*0.45"],
						"0.4167": ["2/2*2*0.45", "-2/2*2*0.45", "7/2*2*0.45"],
						"0.9167": ["2/2*2*0.45", "-3/2*2*0.45", "7/2*2*0.45"],
						"1.0833": ["2/2*2*0.45", "-3/2*2*0.45", "9/2*2*0.45"],
						"1.2917": ["2/2*2*0.45", "-3/2*2*0.45", "9/2*2*0.45"],
						"1.9583": ["2/2*2*0.45", "-3/2*2*0.45", "9/2*2*0.45"],
						"2.2083": ["2/2*2*0.45", "-3/2*2*0.45", "6/2*2*0.45"],
						"2.2917": [0, 0, 0]
					}
				},
				"mag_and_lefthand": {
					"rotation": [0, 0, 0],
					"position": {
						"0.7083": [0, 0, 0],
						"1.0417": ["8.5*2*0.45", "-16.25*2*0.45", 0],
						"1.25": ["4.5*2*0.45", "-6.75*2*0.45", 0],
						"1.5": ["0.75*2*0.45", "1.25*2*0.45", 0],
						"1.6667": [0, 0, 0]
					}
				},
				"bulleta": {
					"rotation": [0, 0, 0],
					"position": [0, 0, 0],
					"scale": {
						"0.0": [0, 0, 0],
						"1.0": [0, 0, 0],
						"1.0417": [1, 1, 1]
					}
				},
				"cleanb1": {
					"scale": {
						"0.0": [0, 0, 0],
						"1.1667": [0, 0, 0],
						"1.2083": [1, 1, 1]
					}
				},
				"cleanb2": {
					"scale": {
						"0.0": [0, 0, 0],
						"1.1667": [0, 0, 0],
						"1.2083": [1, 1, 1]
					}
				},
				"bullet7": {
					"scale": {
						"0.0": [0, 0, 0],
						"1.1667": [0, 0, 0],
						"1.2083": [1, 1, 1]
					}
				},
				"bullet18": {
					"rotation": [0, 0, 0],
					"position": [0, 0, 0],
					"scale": {
						"0.0": [0, 0, 0],
						"1.0": [0, 0, 0],
						"1.0417": [1, 1, 1]
					}
				},
				"pb1": {
					"scale": {
						"0.0": [1, 1, 1],
						"1.1667": [1, 1, 1],
						"1.2083": [0, 0, 0]
					}
				},
				"pb2": {
					"scale": {
						"0.0": [1, 1, 1],
						"1.1667": [1, 1, 1],
						"1.2083": [0, 0, 0]
					}
				},
				"pb3": {
					"scale": {
						"0.0": [1, 1, 1],
						"1.1667": [1, 1, 1],
						"1.2083": [0, 0, 0]
					}
				},
				"pb7": {
					"scale": {
						"0.0": [1, 1, 1],
						"0.625": [1, 1, 1],
						"0.6667": [0, 0, 0],
						"1.625": [0, 0, 0],
						"1.6667": [1, 1, 1]
					}
				},
				"pb8": {
					"scale": {
						"0.0": [1, 1, 1],
						"0.625": [1, 1, 1],
						"0.6667": [0, 0, 0],
						"1.6667": [0, 0, 0],
						"1.7083": [1, 1, 1]
					}
				},
				"pb9": {
					"scale": {
						"0.0": [1, 1, 1],
						"0.625": [1, 1, 1],
						"0.6667": [0, 0, 0],
						"1.7083": [0, 0, 0],
						"1.75": [1, 1, 1]
					}
				},
				"bullet74": {
					"scale": {
						"0.0": [1, 1, 1],
						"0.625": [1, 1, 1],
						"0.6667": [0, 0, 0],
						"1.75": [0, 0, 0],
						"1.7917": [1, 1, 1]
					}
				},
				"bullet75": {
					"scale": {
						"0.0": [1, 1, 1],
						"0.625": [1, 1, 1],
						"0.6667": [0, 0, 0],
						"1.7917": [0, 0, 0],
						"1.8333": [1, 1, 1]
					}
				},
				"bullet76": {
					"scale": {
						"0.0": [1, 1, 1],
						"0.625": [1, 1, 1],
						"0.6667": [0, 0, 0],
						"1.8333": [0, 0, 0],
						"1.875": [1, 1, 1]
					}
				},
				"bullet77": {
					"scale": {
						"0.0": [1, 1, 1],
						"0.625": [1, 1, 1],
						"0.6667": [0, 0, 0],
						"1.875": [0, 0, 0],
						"1.9167": [1, 1, 1]
					}
				},
				"bullet78": {
					"scale": {
						"0.0": [1, 1, 1],
						"0.625": [1, 1, 1],
						"0.6667": [0, 0, 0],
						"1.9167": [0, 0, 0],
						"1.9583": [1, 1, 1]
					}
				},
				"left2": {
					"rotation": {
						"0.5833": [0, 0, 0],
						"0.7083": [25, 0, 0],
						"1.6667": [25, 0, 0],
						"1.8333": [0, 0, 0]
					},
					"position": {
						"0.5833": [0, 0, 0],
						"0.7083": ["4*2*0.45", "10*2*0.45", "6.25-2.5*2*0.45"],
						"1.6667": ["4*2*0.45", "10*2*0.45", "6.25-2.5*2*0.45"],
						"1.8333": [0, 0, 0]
					}
				},
				"right2": {
					"rotation": {
						"0.0": [0, 0, 0],
						"0.25": [0, 0, 0],
						"0.375": [0, 0, 0],
						"0.5833": [0, 0, 0],
						"1.2917": [0, 0, 0],
						"1.6667": [0, 0, 0],
						"1.875": [0, 0, 0],
						"1.9583": [0, 0, 0],
						"2.375": [0, 0, 0]
					},
					"position": {
						"0.0": [0, 0, 0],
						"0.0833": ["-8/2*0.45", "12/2*0.45", "-3/2*0.45"],
						"0.1667": [0, "24/2*0.45", "-7/2*0.45"],
						"0.25": [0, "24/2*2*0.45", "14/2*2*0.45"],
						"0.375": [0, "24/2*2*0.45", "14/2*2*0.45"],
						"0.4583": ["-9.6/2*2*0.45", "16.4/2*2*0.45", "14/2*2*0.45"],
						"0.5833": [0, 0, 0],
						"1.2917": [0, 0, 0],
						"1.6667": [0, 0, 0],
						"1.7917": ["-9.6/2*2*0.45", "16.4/2*2*0.45", "14/2*2*0.45"],
						"1.875": [0, "24/2*2*0.45", "14/2*2*0.45"],
						"1.9583": [0, "24/2*2*0.45", "14/2*2*0.45"],
						"2.125": [0, "24/2*2*0.45", "-7/2*2*0.45"],
						"2.2083": ["-8/2*2*0.45", "12/2*2*0.45", "-3/2*2*0.45"],
						"2.375": [0, 0, 0]
					}
				},
				"pull": {
					"rotation": {
						"0.0": [0, 0, 0],
						"0.1667": [0, 0, 0],
						"0.25": [0, -65, 0],
						"1.9583": [0, -65, 0],
						"2.125": [0, 0, 0],
						"2.4167": [0, 0, 0]
					},
					"position": {
						"0.0": [0, 0, 0],
						"0.1667": ["0*0.45", 0, 0],
						"2.125": [0, 0, 0],
						"2.4167": [0, 0, 0]
					}
				},
				"cover": {
					"rotation": {
						"0.0": [0, 0, 0],
						"0.2083": [0, 0, 0],
						"0.2917": [97.5, 0, 0],
						"1.9583": [97.5, 0, 0],
						"2.125": [0, 0, 0],
						"2.3333": [0, 0, 0]
					},
					"position": {
						"0.0": [0, 0, 0],
						"0.2083": [0, 0, 0],
						"2.125": [0, 0, 0],
						"2.3333": [0, 0, 0]
					}
				},
				"lefthide": {
					"position": [-5, 0, 12],
					"scale": "1/0.1"
				},
				"righthide": {
					"position": [-1, 0, 6],
					"scale": "1/0.1"
				}
			},
			"sound_effects": {
				"0.1667": {
					"effect": "mgl_open"
				},
				"0.875": {
					"effect": "mag_insert"
				},
				"1.0833": {
					"effect": "m4_maghit"
				},
				"1.9583": {
					"effect": "mgl_close"
				}
			}
		},
		"draw": {
			"loop": true,
			"animation_length": 1.2,
			"bones": {
				"main": {
					"rotation": {
						"0.0": [32.09413, -54.38778, -8.29667],
						"0.35": [1.77698, -9.99529, -4.30852],
						"0.55": [0.58201, -1.04064, 2.6563],
						"0.65": [0.33587, 0.38756, -0.40013],
						"0.75": [0, 0, 0]
					},
					"position": {
						"0.0": [0, "-17.3*0.45", 0],
						"0.2": [0, "-7.41*0.45", "-4.07*0.45"],
						"0.35": ["-0.4*0.45", "-1.2*0.45", "-2.75*0.45"],
						"0.5": ["0.4*0.45", "0*0.45", "-1.9*0.45"],
						"0.65": [0, 0, 0]
					}
				},
				"leftarm": {
					"rotation": {
						"0.0": [0, 0, 0],
						"0.2": [1, 0, -22],
						"0.4": [0, 0, 0]
					},
					"position": {
						"0.0": [0, 0, 0],
						"0.2": ["3.539*0.45", "3.6754*0.45", "5.5978*0.45"],
						"0.4": [0, 0, 0]
					}
				},
				"lefthide": {
					"position": [-5, 0, 12],
					"scale": "1/0.1"
				},
				"righthide": {
					"position": [-1, 0, 6],
					"scale": "1/0.1"
				}
			},
			"sound_effects": {
				"0.05": {
					"effect": "draw"
				}
			}
		},
		"inspect": {
			"loop": true,
			"animation_length": 8.6667,
			"bones": {
				"lefthand": {
					"rotation": {
						"0.0": [32.79512, -6.13561, -34.91404],
						"1.8": [32.79512, -6.13561, -34.91404]
					},
					"position": {
						"0.0": [5.15, -10, -13.75],
						"1.8": [5.15, -10, -13.75]
					}
				},
				"righthand": {
					"rotation": {
						"0.0": [79.75825, -12.22903, 2.52363],
						"1.8": [79.75825, -12.22903, 2.52363]
					},
					"position": {
						"0.0": [-5.5, -11.25, -5.75],
						"1.8": [-5.5, -11.25, -5.75]
					}
				},
				"root": {
					"rotation": {
						"0.0": [0, 0, 0],
						"0.1667": [2.50238, -2.49762, -0.10912],
						"0.2667": [-2.5, -2.5, -0.11],
						"0.4333": [-5, -2.5, -0.11],
						"0.6667": [-4.77896, -5.41712, -4.88896],
						"0.7667": [-2.26482, -2.92866, -5.09853],
						"0.9333": [0.24, -2.93, -5.1],
						"1.1": [-4.76, -2.93, -5.1],
						"1.4667": [-2.39, -2.93, -5.1],
						"1.6333": [-4.48852, -2.95512, -2.59683],
						"1.8": [0, 0, 0],
						"1.9667": [-8.41746, -13.59608, -21.21259],
						"2.2333": [-8.39812, -20.10111, -31.77688],
						"2.4667": [-8.91449, -25.17808, -30.40224],
						"2.7667": [-8.85, -20.41, -30.52],
						"2.8667": [-6.53288, -22.89869, -30.02273],
						"3.0": [-9.58268, -22.53327, -29.75611],
						"3.1333": [-7.07692, -22.16785, -29.48948],
						"3.3333": [-6.33104, -34.05261, -27.61885],
						"3.6": [-9.55676, -20.88889, -28.55629],
						"3.7": [-8.77652, -21.21647, -30.72851],
						"3.9667": [-9.4227, -20.94881, -28.93303],
						"4.2": [-3.1216, -20.98207, -46.44405],
						"4.3333": [-4.564, -20.73064, -42.44007],
						"4.3667": [-4.86325, -20.9153, -41.60203],
						"4.5333": [-4.58308, -20.97575, -42.38574],
						"4.6667": [-4.01131, -21.08802, -43.97908],
						"4.7333": [-4.38767, -21.01662, -42.9316],
						"4.8667": [-4.18847, -21.05622, -43.48691],
						"5.2333": [-16.91438, 5.38499, 54.40399],
						"5.3667": [-15.22513, 5.80082, 60.04554],
						"5.5": [-15.70981, 5.86025, 59.48558],
						"5.6333": [-15.93602, 7.03904, 62.69373],
						"5.7333": [-15.60896, 7.75082, 65.23442],
						"5.9333": [-15.71675, 7.52491, 64.42194],
						"6.1": [-15.56389, 7.84019, 65.55973],
						"6.3": [-15.61778, 7.73186, 65.16659],
						"6.4667": [-15.9801, 6.93689, 62.33342],
						"6.6": [-8.86998, 2.42135, 33.56191],
						"6.7333": [0, -1.75, -2.75],
						"6.9": [0, 0, 0],
						"7.1667": [-4.48852, -2.95512, -2.59683],
						"7.3333": [-2.39, -2.93, -5.1],
						"7.9667": [0.24, -2.93, -5.1],
						"8.3333": [0, 0, 0]
					},
					"position": {
						"0.0": [0, 0, 0],
						"0.1667": [0, 0, 0],
						"0.2667": ["2/2*0.45", "-2/2*0.45", "3/2*0.45"],
						"0.4333": ["2/2*0.45", "-2/2*0.45", "7/2*0.45"],
						"0.9333": ["2/2*0.45", "-3/2*0.45", "7/2*0.45"],
						"1.1": ["2/2*0.45", "-3/2*0.45", "9/2*0.45"],
						"1.4667": ["2/2*0.45", "-3/2*0.45", "9/2*0.45"],
						"1.6333": ["1/2*0.45", "-4/2*0.45", "9/2*0.45"],
						"1.8": [0, 0, 0],
						"2.2333": ["-0.475/2*0.45", "1.475/2*0.45", "-8.7/2*0.45"],
						"3.5667": ["-0.195/2*0.45", "1/2*0.45", "-7.7/2*0.45"],
						"3.7": ["-0.03/2*0.45", "0.725/2*0.45", "-7.7/2*0.45"],
						"3.8667": [0, "1.125/2*0.45", "-7.7/2*0.45"],
						"4.1": ["0.125/2*0.45", "1.4/2*0.45", "-8.275/2*0.45"],
						"4.3667": ["-0.02/2*0.45", "1.475/2*0.45", "-8/2*0.45"],
						"4.6": ["0.11/2*0.45", "1.425/2*0.45", "-8.175/2*0.45"],
						"4.8667": ["0.275/2*0.45", "1.25/2*0.45", "-7.975/2*0.45"],
						"5.0": ["-0.13/2*0.45", "-1.19/2*0.45", "-8.65/2*0.45"],
						"5.1667": ["-0.545/2*0.45", "-1.325/2*0.45", "-11.15/2*0.45"],
						"5.3333": ["-0.415/2*0.45", "-1.395/2*0.45", "-10.545/2*0.45"],
						"5.4667": ["-0.525/2*0.45", "-1.455/2*0.45", "-9.17/2*0.45"],
						"5.6": ["-0.49/2*0.45", "-1.43/2*0.45", "-9.85/2*0.45"],
						"5.7333": ["-0.455/2*0.45", "-1.5/2*0.45", "-9.24/2*0.45"],
						"5.9667": ["-0.53/2*0.45", "-1.5/2*0.45", "-9.27/2*0.45"],
						"6.2": ["-0.49/2*0.45", "-1.41/2*0.45", "-9.3/2*0.45"],
						"6.4333": ["-0.545/2*0.45", "-1.325/2*0.45", "-9.325/2*0.45"],
						"6.5667": ["-1.005/2*0.45", "-0.61/2*0.45", "-7.41/2*0.45"],
						"6.8": [0, 0, 0],
						"7.1667": ["1/2*0.45", "-4/2*0.45", "9/2*0.45"],
						"7.3333": ["2/2*0.45", "-3/2*0.45", "9/2*0.45"],
						"8.0": ["2/2*0.45", "-3/2*0.45", "9/2*0.45"],
						"8.2667": ["2/2*0.45", "-3/2*0.45", "6/2*0.45"],
						"8.3333": [0, 0, 0]
					}
				},
				"mag_and_lefthand": {
					"rotation": {
						"0.7": [0, 0, 0],
						"1.7": [0, 0, 0]
					},
					"position": {
						"0.7": [0, 0, 0],
						"0.8333": ["0.75*2*0.45", "1.25*2*0.45", 0],
						"0.9667": ["2.75*2*0.45", "1.25*2*0.45", 0],
						"1.1": ["4.5*2*0.45", "-6.75*2*0.45", 0],
						"1.3333": ["8.5*2*0.45", "-16.25*2*0.45", 0],
						"1.5333": ["8.5*2*0.45", "-16.25*2*0.45", 0],
						"1.7": [0, 0, 0],
						"7.3": ["4.5*2*0.45", "-6.75*2*0.45", 0],
						"7.5333": ["0.75*2*0.45", "1.25*2*0.45", 0],
						"7.7": [0, 0, 0]
					},
					"scale": {
						"1.5333": [1, 1, 1],
						"1.5667": [0, 0, 0],
						"2.3": [0, 0, 0],
						"2.3333": [1, 1, 1]
					}
				},
				"bulleta": {
					"rotation": [0, 0, 0],
					"position": [0, 0, 0],
					"scale": {
						"2.2333": [1, 1, 1],
						"2.2667": [0, 0, 0],
						"7.1667": [0, 0, 0],
						"7.2": [1, 1, 1]
					}
				},
				"cleanb1": {
					"scale": 0
				},
				"cleanb2": {
					"scale": 0
				},
				"bullet7": {
					"scale": 0
				},
				"bullet18": {
					"rotation": [0, 0, 0],
					"position": [0, 0, 0],
					"scale": {
						"2.2333": [1, 1, 1],
						"2.2667": [0, 0, 0],
						"6.9333": [0, 0, 0],
						"7.0": [1, 1, 1]
					}
				},
				"pb1": {
					"scale": 1
				},
				"pb2": {
					"scale": 1
				},
				"pb3": {
					"scale": 1
				},
				"bone": {
					"rotation": {
						"1.8": [0, 0, 0],
						"2.0333": [0, 0, -17.5],
						"3.4": [0, 0, -17.5],
						"4.7333": [0, 0, -17.5],
						"5.3": [0, 0, 0]
					},
					"position": {
						"1.8": [0, 0, 0],
						"2.0333": ["-1*0.45", "8*0.45", "-3.5*0.45"],
						"2.7": ["-1*0.45", "8*0.45", "2.25*0.45"],
						"3.1333": ["-1*0.45", "8*0.45", "2.25*0.45"],
						"3.4": ["-1*0.45", "8*0.45", "-3.5*0.45"],
						"4.7333": ["-1*0.45", "8*0.45", "-3.5*0.45"],
						"5.3": [0, 0, 0]
					}
				},
				"leftclean": {
					"rotation": {
						"2.2": [0, 0, 0],
						"2.7": [0, 0, 0],
						"3.7": [0, 0, 0]
					},
					"position": {
						"2.2": [0, 0, 0],
						"2.7": ["17.5/2*0.45", "88.75/2*0.45", "-6.75/2*0.45"],
						"2.8333": ["17.5/2*0.45", "88.75/2*0.45", "-2/2*0.45"],
						"3.0": ["17.5/2*0.45", "88.75/2*0.45", "-4.25/2*0.45"],
						"3.1333": ["17.5/2*0.45", "88.75/2*0.45", "-1.25/2*0.45"],
						"3.7": [0, 0, 0]
					}
				},
				"left2": {
					"rotation": {
						"0.6": [0, 0, 0],
						"0.7": [25, 0, 0],
						"2.0333": [0, 0, 0],
						"2.3333": [0.54134, -8.8511, 5.32464],
						"3.6667": [0.54134, -8.8511, 5.32464],
						"4.5333": [0.54134, -8.8511, 5.32464],
						"4.8667": [-2.49009, -19.65792, 18.81073],
						"5.2333": [5, 0, -45],
						"6.5": [5, 0, -45],
						"6.7667": [0, 0, 0],
						"7.7": [25, 0, 0],
						"7.8667": [0, 0, 0]
					},
					"position": {
						"0.6": [0, 0, 0],
						"0.7": ["4*0.45", "10*0.45", "-2.5*0.45"],
						"2.0333": [0, 0, 0],
						"2.2": ["-1.23/2*0.45", "-30.22/2*0.45", "30.4/2*0.45"],
						"2.3333": ["-14.4608/2*0.45", "-87.931/2*0.45", "13.2958/2*0.45"],
						"3.6667": ["-14.4608/2*0.45", "-87.931/2*0.45", "13.2958/2*0.45"],
						"4.5333": ["-14.4608/2*0.45", "-87.931/2*0.45", "13.2958/2*0.45"],
						"4.8667": ["14.75-1.785/2*0.45", "-6.75-14.63/2*0.45", "13.3/2*0.45"],
						"5.0333": ["9.5+6.26/2*0.45", "-5.25-3.57/2*0.45", "12.3/2*0.45"],
						"5.2333": ["7.35/2*0.45", "18.55/2*0.45", "10.305/2*0.45"],
						"6.5": ["7.35/2*0.45", "18.55/2*0.45", "10.305/2*0.45"],
						"6.7667": [0, 0, 0],
						"7.7": ["4*0.45", "10*0.45", "-2.5*0.45"],
						"7.8667": [0, 0, 0]
					}
				},
				"clean": {
					"rotation": [2.61298, 9.65594, 35.22074],
					"position": {
						"1.8": ["28.75/2*0.45", "-9*0.45", "5*0.45"],
						"2.0333": ["8.25-50.75/2*0.45", "-15-20.5/2*0.45", "15.25-86/2*0.45"]
					},
					"scale": {
						"1.0": [0, 0, 0],
						"1.8": ["1/0.01", "1/0.01", "1/0.01"],
						"4.5": ["1/0.01", "1/0.01", "1/0.01"],
						"4.5667": [0, 0, 0]
					}
				},
				"right2": {
					"rotation": {
						"0.0": [0, 0, 0],
						"0.2667": [0, 0, 0],
						"0.3667": [0, 0, 0],
						"0.6": [0, 0, 0],
						"7.3333": [0, 0, 0],
						"7.7": [0, 0, 0],
						"7.9333": [0, 0, 0],
						"8.0": [0, 0, 0],
						"8.4333": [0, 0, 0]
					},
					"position": {
						"0.0": [0, 0, 0],
						"0.1": ["-8/2*2*0.45", "12/2*2*0.45", "-3/2*2*0.45"],
						"0.1667": [0, "24/2*2*0.45", "-7/2*2*0.45"],
						"0.2667": ["0*2", "24/2*2*0.45", "14/2*2*0.45"],
						"0.3667": [0, "24/2*2*0.45", "14/2*2*0.45"],
						"0.4667": ["-9.6/2*2*0.45", "16.4/2*2*0.45", "14/2*2*0.45"],
						"0.6": [0, 0, 0],
						"7.3333": [0, 0, 0],
						"7.7": [0, 0, 0],
						"7.8333": ["-9.6/2*2*0.45", "16.4/2*2*0.45", "14/2*2*0.45"],
						"7.9333": [0, "24/2*2*0.45", "14/2*2*0.45"],
						"8.0": [0, "24/2*2*0.45", "14/2*2*0.45"],
						"8.1667": [0, "24/2*2*0.45", "-7/2*2*0.45"],
						"8.2667": ["-8/2*2*0.45", "12/2*2*0.45", "-3/2*2*0.45"],
						"8.4333": [0, 0, 0]
					}
				},
				"pull": {
					"rotation": {
						"0.0": [0, 0, 0],
						"0.1667": [0, 0, 0],
						"0.2667": [0, -65, 0],
						"8.0": [0, -65, 0],
						"8.1667": [0, 0, 0],
						"8.4667": [0, 0, 0]
					},
					"position": {
						"0.0": [0, 0, 0],
						"0.1667": [0, 0, 0],
						"8.1667": [0, 0, 0],
						"8.4667": [0, 0, 0]
					}
				},
				"cover": {
					"rotation": {
						"0.0": [0, 0, 0],
						"0.2": [0, 0, 0],
						"0.3": [97.5, 0, 0],
						"8.0": [97.5, 0, 0],
						"8.1667": [0, 0, 0],
						"8.3667": [0, 0, 0]
					},
					"position": {
						"0.0": [0, 0, 0],
						"0.2": [0, 0, 0],
						"8.1667": [0, 0, 0],
						"8.3667": [0, 0, 0]
					}
				},
				"lefthide": {
					"position": [-5, 0, 12],
					"scale": "1/0.1"
				},
				"righthide": {
					"position": [-1, 0, 6],
					"scale": "1/0.1"
				}
			},
			"sound_effects": {
				"0.1667": {
					"effect": "mgl_open"
				},
				"0.8667": {
					"effect": "mag_insert"
				},
				"1.6": {
					"effect": "m4_maghit"
				},
				"1.8": {
					"effect": "inspect_up"
				},
				"4.0": {
					"effect": "inspect_foley"
				},
				"4.5333": {
					"effect": "inspect_turn"
				},
				"6.4667": {
					"effect": "inspect_down"
				},
				"8.0": {
					"effect": "mgl_close"
				}
			}
		},
		"static_idle": {
			"loop": true,
			"animation_length": 1.4583,
			"bones": {
				"spin": {
					"rotation": {
						"0.0": [0, 0, 0],
						"0.0417": [0, 0, 28.57],
						"0.0833": [0, 0, 57.14],
						"0.125": [0, 0, 85.71],
						"0.1667": [0, 0, 114.29],
						"0.2083": [0, 0, 142.86],
						"0.25": [0, 0, 171.43],
						"0.2917": [0, 0, 200],
						"0.3333": [0, 0, 228.57],
						"0.375": [0, 0, 257.14],
						"0.4167": [0, 0, 285.71],
						"0.4583": [0, 0, 314.29],
						"0.5": [0, 0, 342.86],
						"0.5417": [0, 0, 371.43],
						"0.5833": [0, 0, 400],
						"0.625": [0, 0, 428.57],
						"0.6667": [0, 0, 457.14],
						"0.7083": [0, 0, 485.71],
						"0.75": [0, 0, 514.29],
						"0.7917": [0, 0, 542.86],
						"0.8333": [0, 0, 571.43],
						"0.875": [0, 0, 600],
						"0.9167": [0, 0, 628.57],
						"0.9583": [0, 0, 657.14],
						"1.0": [0, 0, 685.71],
						"1.0417": [0, 0, 714.29],
						"1.0833": [0, 0, 742.86],
						"1.125": [0, 0, 771.43],
						"1.1667": [0, 0, 800],
						"1.2083": [0, 0, 828.57],
						"1.25": [0, 0, 857.14],
						"1.2917": [0, 0, 885.71],
						"1.3333": [0, 0, 914.29],
						"1.375": [0, 0, 942.86],
						"1.4167": [0, 0, 971.43],
						"1.4583": [0, 0, 1000]
					}
				},
				"lefthide": {
					"position": [-5, 0, 12],
					"scale": "1/0.1"
				},
				"righthide": {
					"position": [-1, 0, 6],
					"scale": "1/0.1"
				},
				"constraint": {
					"rotation": [0.2, 0.2, 0.2],
					"position": [0.2, 0.2, 0.2]
				}
			}
		},
		"shoot": {
			"loop": true,
			"animation_length": 0.125,
			"bones": {
				"root": {
					"rotation": {
						"0.0": [0, 0, 0],
						"0.0417": [-2.5, 0, 0],
						"0.125": [0, 0, 0]
					},
					"position": {
						"0.0": [0, 0, 0],
						"0.0417": [0, 0, 1],
						"0.0833": [0, 0, 0]
					}
				}
			}
		},
		"inspect_empty": {
			"loop": true,
			"animation_length": 8.6667,
			"bones": {
				"lefthand": {
					"rotation": {
						"0.0": [32.79512, -6.13561, -34.91404],
						"0.8667": [32.79512, -6.13561, -34.91404]
					},
					"position": {
						"0.0": [5.15, -10, -13.75],
						"0.8667": [5.15, -10, -13.75]
					}
				},
				"righthand": {
					"rotation": {
						"0.0": [79.75825, -12.22903, 2.52363],
						"0.8667": [79.75825, -12.22903, 2.52363]
					},
					"position": {
						"0.0": [-5.5, -11.25, -5.75],
						"0.8667": [-5.5, -11.25, -5.75]
					}
				},
				"root": {
					"rotation": {
						"0.0": [0, 0, 0],
						"0.1667": [2.50238, -2.49762, -0.10912],
						"0.2667": [-2.5, -2.5, -0.11],
						"0.4333": [-5, -2.5, -0.11],
						"0.7": [-4.48852, -2.95512, -2.59683],
						"0.8667": [0, 0, 0],
						"1.0333": [-8.41746, -13.59608, -21.21259],
						"1.3": [-8.39812, -20.10111, -31.77688],
						"1.5333": [-8.91449, -25.17808, -30.40224],
						"1.8333": [-8.85, -20.41, -30.52],
						"1.9333": [-6.53288, -22.89869, -30.02273],
						"2.0667": [-9.58268, -22.53327, -29.75611],
						"2.2": [-7.07692, -22.16785, -29.48948],
						"2.4": [-6.33104, -34.05261, -27.61885],
						"2.6667": [-9.55676, -20.88889, -28.55629],
						"2.7667": [-8.77652, -21.21647, -30.72851],
						"3.0333": [-9.4227, -20.94881, -28.93303],
						"3.2667": [-3.1216, -20.98207, -46.44405],
						"3.4": [-4.564, -20.73064, -42.44007],
						"3.4333": [-4.86325, -20.9153, -41.60203],
						"3.6": [-4.58308, -20.97575, -42.38574],
						"3.7333": [-4.01131, -21.08802, -43.97908],
						"3.8": [-4.38767, -21.01662, -42.9316],
						"3.9333": [-4.18847, -21.05622, -43.48691],
						"4.3": [-16.91438, 5.38499, 54.40399],
						"4.4333": [-15.22513, 5.80082, 60.04554],
						"4.5667": [-15.70981, 5.86025, 59.48558],
						"4.7": [-15.93602, 7.03904, 62.69373],
						"4.8": [-15.60896, 7.75082, 65.23442],
						"5.0": [-15.71675, 7.52491, 64.42194],
						"5.1667": [-15.56389, 7.84019, 65.55973],
						"5.3667": [-15.61778, 7.73186, 65.16659],
						"5.5333": [-15.9801, 6.93689, 62.33342],
						"5.6667": [-8.86998, 2.42135, 33.56191],
						"5.8": [0, -1.75, -2.75],
						"5.9667": [0, 0, 0],
						"6.1667": [0.24, -2.93, -5.1],
						"6.5333": [0, 0, 0]
					},
					"position": {
						"0.0": [0, 0, 0],
						"0.1667": [0, 0, 0],
						"0.2667": ["2/2*0.45", "-2/2*0.45", "3/2*0.45"],
						"0.4333": ["2/2*0.45", "-2/2*0.45", "7/2*0.45"],
						"0.7": ["1/2*0.45", "-4/2*0.45", "9/2*0.45"],
						"0.8667": [0, 0, 0],
						"1.3": ["-0.475/2*0.45", "1.475/2*0.45", "-8.7/2*0.45"],
						"2.6333": ["-0.195/2*0.45", "1/2*0.45", "-7.7/2*0.45"],
						"2.7667": ["-0.03/2*0.45", "0.725/2*0.45", "-7.7/2*0.45"],
						"2.9333": [0, "1.125/2*0.45", "-7.7/2*0.45"],
						"3.1667": ["0.125/2*0.45", "1.4/2*0.45", "-8.275/2*0.45"],
						"3.4333": ["-0.02/2*0.45", "1.475/2*0.45", "-8/2*0.45"],
						"3.6667": ["0.11/2*0.45", "1.425/2*0.45", "-8.175/2*0.45"],
						"3.9333": ["0.275/2*0.45", "1.25/2*0.45", "-7.975/2*0.45"],
						"4.0667": ["-0.13/2*0.45", "-1.19/2*0.45", "-8.65/2*0.45"],
						"4.2333": ["-0.545/2*0.45", "-1.325/2*0.45", "-11.15/2*0.45"],
						"4.4": ["-0.415/2*0.45", "-1.395/2*0.45", "-10.545/2*0.45"],
						"4.5333": ["-0.525/2*0.45", "-1.455/2*0.45", "-9.17/2*0.45"],
						"4.6667": ["-0.49/2*0.45", "-1.43/2*0.45", "-9.85/2*0.45"],
						"4.8": ["-0.455/2*0.45", "-1.5/2*0.45", "-9.24/2*0.45"],
						"5.0333": ["-0.53/2*0.45", "-1.5/2*0.45", "-9.27/2*0.45"],
						"5.2667": ["-0.49/2*0.45", "-1.41/2*0.45", "-9.3/2*0.45"],
						"5.5": ["-0.545/2*0.45", "-1.325/2*0.45", "-9.325/2*0.45"],
						"5.6333": ["-1.005/2*0.45", "-0.61/2*0.45", "-7.41/2*0.45"],
						"5.8667": [0, 0, 0],
						"6.2": ["2/2*0.45", "-3/2*0.45", "9/2*0.45"],
						"6.4667": ["2/2*0.45", "-3/2*0.45", "6/2*0.45"],
						"6.5333": [0, 0, 0]
					}
				},
				"mag_and_lefthand": {
					"rotation": [0, 0, 0],
					"position": [0, 0, 0]
				},
				"bulleta": {
					"scale": 0
				},
				"cleanb1": {
					"scale": 0
				},
				"cleanb2": {
					"scale": 0
				},
				"bullet7": {
					"scale": 0
				},
				"bullet18": {
					"scale": {
						"1.3333": [0, 0, 0],
						"6.0": [0, 0, 0]
					}
				},
				"pb1": {
					"scale": 1
				},
				"pb2": {
					"scale": 1
				},
				"pb3": {
					"scale": 1
				},
				"bone": {
					"rotation": {
						"0.8667": [0, 0, 0],
						"1.1": [0, 0, -17.5],
						"2.4667": [0, 0, -17.5],
						"3.8": [0, 0, -17.5],
						"4.3667": [0, 0, 0]
					},
					"position": {
						"0.8667": [0, 0, 0],
						"1.1": ["-1*0.45", "8*0.45", "-3.5*0.45"],
						"1.7667": ["-1*0.45", "8*0.45", "2.25*0.45"],
						"2.2": ["-1*0.45", "8*0.45", "2.25*0.45"],
						"2.4667": ["-1*0.45", "8*0.45", "-3.5*0.45"],
						"3.8": ["-1*0.45", "8*0.45", "-3.5*0.45"],
						"4.3667": [0, 0, 0]
					}
				},
				"leftclean": {
					"rotation": {
						"1.2667": [0, 0, 0],
						"1.7667": [0, 0, 0],
						"2.7667": [0, 0, 0]
					},
					"position": {
						"1.2667": [0, 0, 0],
						"1.7667": ["17.5/2*0.45", "88.75/2*0.45", "-6.75/2*0.45"],
						"1.9": ["17.5/2*0.45", "88.75/2*0.45", "-2/2*0.45"],
						"2.0667": ["17.5/2*0.45", "88.75/2*0.45", "-4.25/2*0.45"],
						"2.2": ["17.5/2*0.45", "88.75/2*0.45", "-1.25/2*0.45"],
						"2.7667": [0, 0, 0]
					}
				},
				"left2": {
					"rotation": {
						"1.1": [0, 0, 0],
						"1.4": [0.54134, -8.8511, 5.32464],
						"2.7333": [0.54134, -8.8511, 5.32464],
						"3.8667": [0.54134, -8.8511, 5.32464],
						"4.2": [-2.49009, -19.65792, 18.81073],
						"4.8667": [5, 0, -45],
						"5.5667": [5, 0, -45],
						"5.8333": [0, 0, 0],
						"6.0667": [0, 0, 0]
					},
					"position": {
						"1.1": [0, 0, 0],
						"1.2667": ["-1.23/2*0.45", "-30.22/2*0.45", "30.4/2*0.45"],
						"1.4": ["-14.4608/2*0.45", "-87.931/2*0.45", "13.2958/2*0.45"],
						"2.7333": ["-14.4608/2*0.45", "-87.931/2*0.45", "13.2958/2*0.45"],
						"3.8667": ["-14.4608/2*0.45", "-87.931/2*0.45", "13.2958/2*0.45"],
						"4.2": ["14.75-1.785/2*0.45", "-6.75-14.63/2*0.45", "13.3/2*0.45"],
						"4.3667": ["9.5+6.26/2*0.45", "-5.25-3.57/2*0.45", "12.3/2*0.45"],
						"4.8667": ["7.35/2*0.45", "18.55/2*0.45", "10.305/2*0.45"],
						"5.5667": ["7.35/2*0.45", "18.55/2*0.45", "10.305/2*0.45"],
						"5.8333": [0, 0, 0],
						"6.0667": [0, 0, 0]
					}
				},
				"clean": {
					"rotation": [2.61298, 9.65594, 35.22074],
					"position": {
						"0.8667": ["28.75/2*0.45", "-9*0.45", "5*0.45"],
						"1.1": ["8.25-50.75/2*0.45", "-15-20.5/2*0.45", "15.25-86/2*0.45"]
					},
					"scale": {
						"0.8667": ["1/0.01", "1/0.01", "1/0.01"],
						"3.5667": ["1/0.01", "1/0.01", "1/0.01"],
						"3.6333": [0, 0, 0]
					}
				},
				"right2": {
					"rotation": {
						"0.0": [0, 0, 0],
						"0.2667": [0, 0, 0],
						"0.3667": [0, 0, 0],
						"0.6": [0, 0, 0],
						"5.9": [0, 0, 0],
						"6.1333": [0, 0, 0],
						"6.2": [0, 0, 0],
						"6.6333": [0, 0, 0]
					},
					"position": {
						"0.0": [0, 0, 0],
						"0.1": ["-8/2*2*0.45", "12/2*2*0.45", "-3/2*2*0.45"],
						"0.1667": [0, "24/2*2*0.45", "-7/2*2*0.45"],
						"0.2667": ["0*2", "24/2*2*0.45", "14/2*2*0.45"],
						"0.3667": [0, "24/2*2*0.45", "14/2*2*0.45"],
						"0.4667": ["-9.6/2*2*0.45", "16.4/2*2*0.45", "14/2*2*0.45"],
						"0.6": [0, 0, 0],
						"5.9": [0, 0, 0],
						"6.0333": ["-9.6/2*2*0.45", "16.4/2*2*0.45", "14/2*2*0.45"],
						"6.1333": [0, "24/2*2*0.45", "14/2*2*0.45"],
						"6.2": [0, "24/2*2*0.45", "14/2*2*0.45"],
						"6.3667": [0, "24/2*2*0.45", "-7/2*2*0.45"],
						"6.4667": ["-8/2*2*0.45", "12/2*2*0.45", "-3/2*2*0.45"],
						"6.6333": [0, 0, 0]
					}
				},
				"pull": {
					"rotation": {
						"0.0": [0, 0, 0],
						"0.1667": [0, 0, 0],
						"0.2667": [0, -65, 0],
						"6.2": [0, -65, 0],
						"6.3667": [0, 0, 0],
						"6.6667": [0, 0, 0]
					},
					"position": {
						"0.0": [0, 0, 0],
						"0.1667": [0, 0, 0],
						"6.3667": [0, 0, 0],
						"6.6667": [0, 0, 0]
					}
				},
				"cover": {
					"rotation": {
						"0.0": [0, 0, 0],
						"0.2": [0, 0, 0],
						"0.3": [97.5, 0, 0],
						"6.2": [97.5, 0, 0],
						"6.3667": [0, 0, 0],
						"6.5667": [0, 0, 0]
					},
					"position": {
						"0.0": [0, 0, 0],
						"0.2": [0, 0, 0],
						"6.3667": [0, 0, 0],
						"6.5667": [0, 0, 0]
					}
				},
				"lefthide": {
					"position": [-5, 0, 12],
					"scale": "1/0.1"
				},
				"righthide": {
					"position": [-1, 0, 6],
					"scale": "1/0.1"
				}
			},
			"sound_effects": {
				"0.1667": {
					"effect": "mgl_open"
				},
				"0.6667": {
					"effect": "m4_maghit"
				},
				"0.8667": {
					"effect": "inspect_up"
				},
				"3.0667": {
					"effect": "inspect_foley"
				},
				"3.6": {
					"effect": "inspect_turn"
				},
				"5.5333": {
					"effect": "inspect_down"
				},
				"6.2": {
					"effect": "mgl_close"
				}
			}
		}
	}
}