{
    "ammo": "nitrogen:9x21",
    "ammo_amount": 20,
    "extended_mag_ammo_amount": [
      25,
      30,
      35
    ],
    "bolt": "closed_bolt",
    "rpm": 900,
    "bullet": {
      "life": 0.7,
      "bullet_amount": 1,
      "damage": 4.7,
      "tracer_count_interval": 0,
      "extra_damage": {
        "armor_ignore": 0.35,
        "head_shot_multiplier": 1.2,
        "damage_adjust": [
          {"distance": 0.5, "damage": 6.2},
          {"distance": 14.5, "damage": 4.7},
          {"distance": 29.5, "damage": 3.6},
          {"distance": 49.5, "damage": 2.9},
          {"distance": "infinite", "damage": 2}
        ]
      },
      "speed": 190,
      "gravity": 0.0245,
      "knockback": 0,
      "friction": 0.012,
      "ignite": false,
      "pierce": 1
    },
    "reload": {
      "type": "magazine",
      "feed": {
        "empty": 1.87,
        "tactical": 1.07
      },
      "cooldown": {
        "empty": 2.6,
        "tactical": 1.67
      }
    },
    "draw_time": 0.35,
    "put_away_time": 0.4,
    "aim_time": 0.2,
    "sprint_time": 0.2,
    "fire_mode": [
      "auto",
      "semi"
    ],
    "recoil": {
      "pitch": [
        {"time": 0, "value": [0.725, 0.725]},
        {"time": 0.3, "value": [0.725, 0.725]},
        {"time": 0.5, "value": [-0.125, -0.125]},
        {"time": 0.65, "value": [0, 0]}
      ],
      "yaw": [
        {"time": 0, "value": [-0.55, 0.55]},
        {"time": 0.3, "value": [-0.9, 0.9]},
        {"time": 0.5, "value": [-1, 1]},
        {"time": 0.55, "value": [-1.2, 1.2]}
      ]
    },
    "hurt_bob_tweak_multiplier": 0.05,
    "inaccuracy": {
      "stand": 7.2,
      "move": 8.6,
      "sneak": 6.2,
      "lie": 3.5,
      "aim": 0.175
    },
    "allow_attachment_types": [
      "scope",
      "muzzle",
      "extended_mag"
    ],
    "exclusive_attachments": {
      "tacz:scope_standard_8x": {
        "weight": 2.0,
        "ads_addend": 0.04,
        "inaccuracy_addend": -0.4,
        "recoil_modifier": {
          "pitch": -0.2,
          "yaw": -0.1
        }
      }
    }
  }