{
	"format_version": "1.12.0",
	"minecraft:geometry": [
		{
			"description": {
				"identifier": "geometry.unknown",
				"texture_width": 128,
				"texture_height": 128,
				"visible_bounds_width": 5,
				"visible_bounds_height": 3,
				"visible_bounds_offset": [0, 0.5, 0]
			},
			"bones": [
				{
					"name": "root",
					"pivot": [0, 9, 12]
				},
				{
					"name": "right_gun",
					"parent": "root",
					"pivot": [0, 0, -1]
				},
				{
					"name": "gun",
					"parent": "right_gun",
					"pivot": [2, 0, -1]
				},
				{
					"name": "body1",
					"parent": "gun",
					"pivot": [2, 0, -1]
				},
				{
					"name": "octagon1",
					"parent": "body1",
					"pivot": [2, 9, 7],
					"cubes": [
						{
							"origin": [1.63756, 8.125, -2],
							"size": [0.72487, 1.75, 13.5],
							"pivot": [2, 9, 7],
							"rotation": [0, 0, 45],
							"uv": {
								"north": {"uv": [58, 21], "uv_size": [0.5, 2]},
								"south": {"uv": [58, 24], "uv_size": [0.5, 2]},
								"up": {"uv": [12, 12], "uv_size": [0.5, 13.5]},
								"down": {"uv": [14, 25.5], "uv_size": [0.5, -13.5]}
							}
						},
						{
							"origin": [1.63756, 8.125, -2],
							"size": [0.72487, 1.75, 13.5],
							"uv": {
								"north": {"uv": [39, 58], "uv_size": [0.5, 2]},
								"south": {"uv": [41, 58], "uv_size": [0.5, 2]},
								"up": {"uv": [16, 12], "uv_size": [0.5, 13.5]},
								"down": {"uv": [18, 19.5], "uv_size": [0.5, -13.5]}
							}
						},
						{
							"origin": [1.125, 8.63756, -2],
							"size": [1.75, 0.72487, 13.5],
							"pivot": [2, 9, 7],
							"rotation": [0, 0, 45],
							"uv": {
								"north": {"uv": [53, 58], "uv_size": [2, 0.5]},
								"east": {"uv": [19, 0], "uv_size": [13.5, 0.5]},
								"south": {"uv": [58, 55], "uv_size": [2, 0.5]},
								"west": {"uv": [19, 2], "uv_size": [13.5, 0.5]}
							}
						},
						{
							"origin": [1.125, 8.63756, -2],
							"size": [1.75, 0.72487, 13.5],
							"uv": {
								"north": {"uv": [56, 58], "uv_size": [2, 0.5]},
								"east": {"uv": [19, 4], "uv_size": [13.5, 0.5]},
								"south": {"uv": [0, 59], "uv_size": [2, 0.5]},
								"west": {"uv": [20, 6], "uv_size": [13.5, 0.5]}
							}
						},
						{
							"origin": [2.8125, 8.63756, 4],
							"size": [-1.6875, 0.72487, 3.5],
							"uv": {
								"north": {"uv": [68, 8], "uv_size": [1.5, 0.5]},
								"east": {"uv": [54, 53], "uv_size": [3.5, 0.5]},
								"south": {"uv": [10, 68], "uv_size": [1.5, 0.5]},
								"west": {"uv": [0, 55], "uv_size": [3.5, 0.5]},
								"up": {"uv": [28, 24], "uv_size": [1.5, 3.5]},
								"down": {"uv": [29, 19.5], "uv_size": [1.5, -3.5]}
							}
						},
						{
							"origin": [-1.1875, 8.63756, 4],
							"size": [-1.6875, 0.72487, 3.5],
							"uv": {
								"north": {"uv": [68, 10], "uv_size": [1.5, 0.5]},
								"east": {"uv": [5, 55], "uv_size": [3.5, 0.5]},
								"south": {"uv": [68, 12], "uv_size": [1.5, 0.5]},
								"west": {"uv": [55, 30], "uv_size": [3.5, 0.5]},
								"up": {"uv": [28, 29], "uv_size": [1.5, 3.5]},
								"down": {"uv": [31, 24.5], "uv_size": [1.5, -3.5]}
							}
						}
					]
				},
				{
					"name": "octagon2",
					"parent": "body1",
					"pivot": [2, 9, 1.5625],
					"cubes": [
						{
							"origin": [1.58579, 8, -1.4375],
							"size": [0.82843, 2, 3.75],
							"pivot": [2, 9, 1.5625],
							"rotation": [0, 0, 45],
							"uv": {
								"north": {"uv": [29, 21], "uv_size": [1, 2]},
								"south": {"uv": [8, 49], "uv_size": [1, 2]},
								"up": {"uv": [34, 20], "uv_size": [1, 4]},
								"down": {"uv": [28, 38], "uv_size": [1, -4]}
							}
						},
						{
							"origin": [1.58579, 8, -1.4375],
							"size": [0.82843, 2, 3.75],
							"uv": {
								"north": {"uv": [18, 50], "uv_size": [1, 2]},
								"south": {"uv": [50, 45], "uv_size": [1, 2]},
								"up": {"uv": [33, 34], "uv_size": [1, 4]},
								"down": {"uv": [35, 38], "uv_size": [1, -4]}
							}
						},
						{
							"origin": [1, 8.58579, -1.4375],
							"size": [2, 0.82843, 3.75],
							"pivot": [2, 9, 1.5625],
							"rotation": [0, 0, 45],
							"uv": {
								"north": {"uv": [50, 50], "uv_size": [2, 1]},
								"east": {"uv": [34, 4], "uv_size": [4, 1]},
								"south": {"uv": [51, 4], "uv_size": [2, 1]},
								"west": {"uv": [35, 6], "uv_size": [4, 1]}
							}
						},
						{
							"origin": [1, 8.58579, -1.4375],
							"size": [2, 0.82843, 3.75],
							"uv": {
								"north": {"uv": [51, 6], "uv_size": [2, 1]},
								"east": {"uv": [36, 20], "uv_size": [4, 1]},
								"south": {"uv": [10, 51], "uv_size": [2, 1]},
								"west": {"uv": [36, 22], "uv_size": [4, 1]}
							}
						},
						{
							"origin": [0.6875, 8.83579, 2.625],
							"size": [0.4375, 0.3125, 0.3125],
							"uv": {
								"north": {"uv": [78, 38], "uv_size": [0.5, 0.5]},
								"east": {"uv": [78, 40], "uv_size": [0.5, 0.5]},
								"south": {"uv": [78, 42], "uv_size": [0.5, 0.5]},
								"up": {"uv": [44, 78], "uv_size": [0.5, 0.5]},
								"down": {"uv": [46, 78.5], "uv_size": [0.5, -0.5]}
							}
						},
						{
							"origin": [1.25, 9.5, -0.5625],
							"size": [1.5, 2, 2],
							"uv": {
								"north": {"uv": [36, 44], "uv_size": [1.5, 2]},
								"east": {"uv": [0, 37], "uv_size": [2, 2]},
								"south": {"uv": [45, 34], "uv_size": [1.5, 2]},
								"west": {"uv": [37, 8], "uv_size": [2, 2]}
							}
						},
						{
							"origin": [1.25, 11.5, -0.5625],
							"size": [1.5, -1, 2],
							"uv": {
								"north": {"uv": [57, 36], "uv_size": [1.5, 1]},
								"east": {"uv": [41, 53], "uv_size": [2, 1]},
								"south": {"uv": [58, 0], "uv_size": [1.5, 1]},
								"west": {"uv": [53, 49], "uv_size": [2, 1]},
								"up": {"uv": [48, 17], "uv_size": [1.5, 2]}
							}
						},
						{
							"origin": [1.75, 9.5, -1.375],
							"size": [0.5, 0.75, 0.8125],
							"uv": {
								"north": {"uv": [33, 68], "uv_size": [0.5, 1]},
								"east": {"uv": [20, 59], "uv_size": [1, 1]},
								"west": {"uv": [59, 38], "uv_size": [1, 1]},
								"up": {"uv": [68, 33], "uv_size": [0.5, 1]}
							}
						},
						{
							"origin": [1.75, 10.25, -0.9375],
							"size": [0.5, 0.25, 0.375],
							"uv": {
								"north": {"uv": [42, 77], "uv_size": [0.5, 0.5]},
								"east": {"uv": [77, 44], "uv_size": [0.5, 0.5]},
								"west": {"uv": [77, 48], "uv_size": [0.5, 0.5]},
								"up": {"uv": [77, 50], "uv_size": [0.5, 0.5]}
							}
						},
						{
							"origin": [1.875, 10.5, -0.875],
							"size": [0.25, 0.625, 0.25],
							"pivot": [2, 10.625, -0.75],
							"rotation": [0, 0, 0],
							"uv": {
								"north": {"uv": [8, 78], "uv_size": [0.5, 0.5]},
								"east": {"uv": [10, 78], "uv_size": [0.5, 0.5]},
								"south": {"uv": [14, 78], "uv_size": [0.5, 0.5]},
								"west": {"uv": [78, 14], "uv_size": [0.5, 0.5]},
								"up": {"uv": [78, 20], "uv_size": [0.5, 0.5]},
								"down": {"uv": [78, 22.5], "uv_size": [0.5, -0.5]}
							}
						},
						{
							"origin": [1.875, 11.125, -0.875],
							"size": [0.25, 1.125, 0.25],
							"pivot": [1.875, 11.125, -0.625],
							"rotation": [55, 0, 0],
							"uv": {
								"north": {"uv": [21, 71], "uv_size": [0.5, 1]},
								"east": {"uv": [23, 71], "uv_size": [0.5, 1]},
								"south": {"uv": [25, 71], "uv_size": [0.5, 1]},
								"west": {"uv": [27, 71], "uv_size": [0.5, 1]},
								"up": {"uv": [78, 26], "uv_size": [0.5, 0.5]}
							}
						}
					]
				},
				{
					"name": "octagon3",
					"parent": "body1",
					"pivot": [2, 9, -3],
					"cubes": [
						{
							"origin": [1.68934, 8.25, -4],
							"size": [0.62132, 1.5, 2],
							"pivot": [2, 9, -3],
							"rotation": [0, 0, 45],
							"uv": {
								"north": {"uv": [64, 57], "uv_size": [0.5, 1.5]},
								"up": {"uv": [59, 2], "uv_size": [0.5, 2]},
								"down": {"uv": [59, 7], "uv_size": [0.5, -2]}
							}
						},
						{
							"origin": [1.68934, 8.25, -4],
							"size": [0.62132, 1.5, 2],
							"uv": {
								"north": {"uv": [59, 64], "uv_size": [0.5, 1.5]},
								"up": {"uv": [9, 59], "uv_size": [0.5, 2]},
								"down": {"uv": [11, 61], "uv_size": [0.5, -2]}
							}
						},
						{
							"origin": [1.25, 8.68934, -4],
							"size": [1.5, 0.62132, 2],
							"pivot": [2, 9, -3],
							"rotation": [0, 0, 45],
							"uv": {
								"north": {"uv": [64, 60], "uv_size": [1.5, 0.5]},
								"east": {"uv": [59, 27], "uv_size": [2, 0.5]},
								"west": {"uv": [28, 59], "uv_size": [2, 0.5]}
							}
						},
						{
							"origin": [1.25, 8.68934, -4],
							"size": [1.5, 0.62132, 2],
							"uv": {
								"north": {"uv": [61, 64], "uv_size": [1.5, 0.5]},
								"east": {"uv": [59, 32], "uv_size": [2, 0.5]},
								"west": {"uv": [59, 34], "uv_size": [2, 0.5]}
							}
						}
					]
				},
				{
					"name": "octagon4",
					"parent": "body1",
					"pivot": [2, 9, -5],
					"cubes": [
						{
							"origin": [1.79289, 8.5, -13.5],
							"size": [0.41421, 1, 9.5],
							"pivot": [2, 9, -5],
							"rotation": [0, 0, 45],
							"uv": {
								"north": {"uv": [0, 68], "uv_size": [0.5, 1]},
								"up": {"uv": [31, 26], "uv_size": [0.5, 9.5]},
								"down": {"uv": [10, 41.5], "uv_size": [0.5, -9.5]}
							}
						},
						{
							"origin": [1.79289, 8.5, -13.5],
							"size": [0.41421, 1, 9.5],
							"uv": {
								"north": {"uv": [68, 14], "uv_size": [0.5, 1]},
								"up": {"uv": [12, 32], "uv_size": [0.5, 9.5]},
								"down": {"uv": [14, 41.5], "uv_size": [0.5, -9.5]}
							}
						},
						{
							"origin": [1.5, 8.79289, -13.5],
							"size": [1, 0.41421, 9.5],
							"pivot": [2, 9, -5],
							"rotation": [0, 0, 45],
							"uv": {
								"north": {"uv": [16, 68], "uv_size": [1, 0.5]},
								"east": {"uv": [32, 16], "uv_size": [9.5, 0.5]},
								"west": {"uv": [32, 18], "uv_size": [9.5, 0.5]}
							}
						},
						{
							"origin": [1.5, 8.79289, -13.5],
							"size": [1, 0.41421, 9.5],
							"uv": {
								"north": {"uv": [68, 31], "uv_size": [1, 0.5]},
								"east": {"uv": [33, 26], "uv_size": [9.5, 0.5]},
								"west": {"uv": [33, 28], "uv_size": [9.5, 0.5]}
							}
						}
					]
				},
				{
					"name": "octagon5",
					"parent": "body1",
					"pivot": [2, 9, 8.5],
					"cubes": [
						{
							"origin": [1.53401, 7.875, 8],
							"size": [0.93198, 2.25, 3.25],
							"pivot": [2, 9, 8.5],
							"rotation": [0, 0, 45],
							"uv": {
								"north": {"uv": [42, 46], "uv_size": [1, 2.5]},
								"south": {"uv": [30, 47], "uv_size": [1, 2.5]},
								"up": {"uv": [41, 34], "uv_size": [1, 3.5]},
								"down": {"uv": [22, 45.5], "uv_size": [1, -3.5]}
							}
						},
						{
							"origin": [1.53401, 7.875, 8],
							"size": [0.93198, 2.25, 3.25],
							"uv": {
								"north": {"uv": [16, 48], "uv_size": [1, 2.5]},
								"south": {"uv": [39, 48], "uv_size": [1, 2.5]},
								"up": {"uv": [24, 42], "uv_size": [1, 3.5]},
								"down": {"uv": [30, 45.5], "uv_size": [1, -3.5]}
							}
						},
						{
							"origin": [1.77849, 7.4375, 9.9375],
							"size": [0.5, 3, 0.5],
							"pivot": [2.125, 9.3125, 10.125],
							"rotation": [0, -45, 0],
							"uv": {
								"north": {"uv": [22, 56], "uv_size": [0.5, 3]},
								"east": {"uv": [24, 56], "uv_size": [0.5, 3]},
								"south": {"uv": [56, 24], "uv_size": [0.5, 3]},
								"west": {"uv": [26, 56], "uv_size": [0.5, 3]},
								"up": {"uv": [32, 78], "uv_size": [0.5, 0.5]},
								"down": {"uv": [78, 32.5], "uv_size": [0.5, -0.5]}
							}
						},
						{
							"origin": [1.55974, 10.125, 9.65625],
							"size": [0.875, 0.125, 0.875],
							"pivot": [2.09375, 9.1875, 10.03125],
							"rotation": [0, 0, 0],
							"uv": {
								"north": {"uv": [71, 44], "uv_size": [1, 0.5]},
								"east": {"uv": [71, 49], "uv_size": [1, 0.5]},
								"south": {"uv": [71, 51], "uv_size": [1, 0.5]},
								"west": {"uv": [71, 53], "uv_size": [1, 0.5]},
								"up": {"uv": [61, 62], "uv_size": [1, 1]}
							}
						},
						{
							"origin": [1.72151, 7.625, 8.5],
							"size": [0.55698, 0.25, 2],
							"uv": {
								"north": {"uv": [45, 74], "uv_size": [0.5, 0.5]},
								"east": {"uv": [28, 61], "uv_size": [2, 0.5]},
								"south": {"uv": [74, 46], "uv_size": [0.5, 0.5]},
								"west": {"uv": [31, 61], "uv_size": [2, 0.5]},
								"down": {"uv": [20, 63], "uv_size": [0.5, -2]}
							}
						},
						{
							"origin": [0.875, 8.53401, 8],
							"size": [2.25, 0.93198, 3.25],
							"pivot": [2, 9, 8.5],
							"rotation": [0, 0, 45],
							"uv": {
								"north": {"uv": [44, 48], "uv_size": [2.5, 1]},
								"east": {"uv": [41, 24], "uv_size": [3.5, 1]},
								"south": {"uv": [48, 48], "uv_size": [2.5, 1]},
								"west": {"uv": [42, 39], "uv_size": [3.5, 1]}
							}
						},
						{
							"origin": [1.72151, 6.875, 8.75],
							"size": [0.55698, 0.75, 0.75],
							"uv": {
								"north": {"uv": [22, 69], "uv_size": [0.5, 1]},
								"east": {"uv": [61, 43], "uv_size": [1, 1]},
								"south": {"uv": [24, 69], "uv_size": [0.5, 1]},
								"west": {"uv": [47, 61], "uv_size": [1, 1]},
								"down": {"uv": [26, 70], "uv_size": [0.5, -1]}
							}
						},
						{
							"origin": [0.875, 8.53401, 8],
							"size": [2.25, 0.93198, 3.25],
							"uv": {
								"north": {"uv": [49, 12], "uv_size": [2.5, 1]},
								"east": {"uv": [4, 44], "uv_size": [3.5, 1]},
								"south": {"uv": [49, 24], "uv_size": [2.5, 1]},
								"west": {"uv": [44, 4], "uv_size": [3.5, 1]}
							}
						}
					]
				},
				{
					"name": "body2",
					"parent": "gun",
					"pivot": [-2, 0, -1]
				},
				{
					"name": "octagon6",
					"parent": "body2",
					"pivot": [-2, 9, 7],
					"cubes": [
						{
							"origin": [-2.36244, 8.125, -2],
							"size": [0.72487, 1.75, 13.5],
							"pivot": [-2, 9, 7],
							"rotation": [0, 0, 45],
							"uv": {
								"north": {"uv": [59, 40], "uv_size": [0.5, 2]},
								"south": {"uv": [43, 59], "uv_size": [0.5, 2]},
								"up": {"uv": [20, 8], "uv_size": [0.5, 13.5]},
								"down": {"uv": [18, 34.5], "uv_size": [0.5, -13.5]}
							}
						},
						{
							"origin": [-2.36244, 8.125, -2],
							"size": [0.72487, 1.75, 13.5],
							"uv": {
								"north": {"uv": [59, 43], "uv_size": [0.5, 2]},
								"south": {"uv": [45, 59], "uv_size": [0.5, 2]},
								"up": {"uv": [0, 22], "uv_size": [0.5, 13.5]},
								"down": {"uv": [2, 35.5], "uv_size": [0.5, -13.5]}
							}
						},
						{
							"origin": [-2.875, 8.63756, -2],
							"size": [1.75, 0.72487, 13.5],
							"pivot": [-2, 9, 7],
							"rotation": [0, 0, 45],
							"uv": {
								"north": {"uv": [59, 46], "uv_size": [2, 0.5]},
								"east": {"uv": [22, 8], "uv_size": [13.5, 0.5]},
								"south": {"uv": [47, 59], "uv_size": [2, 0.5]},
								"west": {"uv": [22, 10], "uv_size": [13.5, 0.5]}
							}
						},
						{
							"origin": [-2.875, 8.63756, -2],
							"size": [1.75, 0.72487, 13.5],
							"uv": {
								"north": {"uv": [59, 48], "uv_size": [2, 0.5]},
								"east": {"uv": [22, 12], "uv_size": [13.5, 0.5]},
								"south": {"uv": [50, 59], "uv_size": [2, 0.5]},
								"west": {"uv": [22, 14], "uv_size": [13.5, 0.5]}
							}
						}
					]
				},
				{
					"name": "octagon7",
					"parent": "body2",
					"pivot": [-2, 9, 1.5625],
					"cubes": [
						{
							"origin": [-2.41421, 8, -1.4375],
							"size": [0.82843, 2, 3.75],
							"pivot": [-2, 9, 1.5625],
							"rotation": [0, 0, 45],
							"uv": {
								"north": {"uv": [13, 51], "uv_size": [1, 2]},
								"south": {"uv": [51, 14], "uv_size": [1, 2]},
								"up": {"uv": [18, 36], "uv_size": [1, 4]},
								"down": {"uv": [37, 15], "uv_size": [1, -4]}
							}
						},
						{
							"origin": [-2.25, 10.25, -0.9375],
							"size": [0.5, 0.25, 0.375],
							"uv": {
								"north": {"uv": [77, 52], "uv_size": [0.5, 0.5]},
								"east": {"uv": [56, 77], "uv_size": [0.5, 0.5]},
								"west": {"uv": [77, 64], "uv_size": [0.5, 0.5]},
								"up": {"uv": [77, 66], "uv_size": [0.5, 0.5]}
							}
						},
						{
							"origin": [-2.125, 10.5, -0.875],
							"size": [0.25, 0.625, 0.25],
							"pivot": [-2, 10.625, -0.75],
							"rotation": [0, 0, 0],
							"uv": {
								"north": {"uv": [77, 70], "uv_size": [0.5, 0.5]},
								"east": {"uv": [77, 75], "uv_size": [0.5, 0.5]},
								"south": {"uv": [77, 77], "uv_size": [0.5, 0.5]},
								"west": {"uv": [0, 78], "uv_size": [0.5, 0.5]},
								"up": {"uv": [2, 78], "uv_size": [0.5, 0.5]},
								"down": {"uv": [6, 78.5], "uv_size": [0.5, -0.5]}
							}
						},
						{
							"origin": [-2.125, 11.125, -0.875],
							"size": [0.25, 1.125, 0.25],
							"pivot": [1.875, 11.125, -0.625],
							"rotation": [55, 0, 0],
							"uv": {
								"north": {"uv": [71, 16], "uv_size": [0.5, 1]},
								"east": {"uv": [17, 71], "uv_size": [0.5, 1]},
								"south": {"uv": [71, 18], "uv_size": [0.5, 1]},
								"west": {"uv": [19, 71], "uv_size": [0.5, 1]},
								"up": {"uv": [78, 24], "uv_size": [0.5, 0.5]}
							}
						},
						{
							"origin": [-2.41421, 8, -1.4375],
							"size": [0.82843, 2, 3.75],
							"uv": {
								"north": {"uv": [51, 17], "uv_size": [1, 2]},
								"south": {"uv": [20, 51], "uv_size": [1, 2]},
								"up": {"uv": [30, 37], "uv_size": [1, 4]},
								"down": {"uv": [37, 38], "uv_size": [1, -4]}
							}
						},
						{
							"origin": [-3, 8.58579, -1.4375],
							"size": [2, 0.82843, 3.75],
							"pivot": [-2, 9, 1.5625],
							"rotation": [0, 0, 45],
							"uv": {
								"north": {"uv": [51, 32], "uv_size": [2, 1]},
								"east": {"uv": [36, 24], "uv_size": [4, 1]},
								"south": {"uv": [51, 34], "uv_size": [2, 1]},
								"west": {"uv": [39, 4], "uv_size": [4, 1]}
							}
						},
						{
							"origin": [-3, 8.58579, -1.4375],
							"size": [2, 0.82843, 3.75],
							"uv": {
								"north": {"uv": [15, 52], "uv_size": [2, 1]},
								"east": {"uv": [39, 11], "uv_size": [4, 1]},
								"south": {"uv": [25, 52], "uv_size": [2, 1]},
								"west": {"uv": [39, 13], "uv_size": [4, 1]}
							}
						},
						{
							"origin": [-3.3125, 8.83579, 2.625],
							"size": [0.4375, 0.3125, 0.3125],
							"uv": {
								"north": {"uv": [34, 78], "uv_size": [0.5, 0.5]},
								"east": {"uv": [78, 34], "uv_size": [0.5, 0.5]},
								"south": {"uv": [36, 78], "uv_size": [0.5, 0.5]},
								"up": {"uv": [78, 36], "uv_size": [0.5, 0.5]},
								"down": {"uv": [38, 78.5], "uv_size": [0.5, -0.5]}
							}
						},
						{
							"origin": [-2.75, 9.5, -0.5625],
							"size": [1.5, 2, 2],
							"uv": {
								"north": {"uv": [44, 45], "uv_size": [1.5, 2]},
								"east": {"uv": [20, 39], "uv_size": [2, 2]},
								"south": {"uv": [4, 46], "uv_size": [1.5, 2]},
								"west": {"uv": [23, 39], "uv_size": [2, 2]}
							}
						},
						{
							"origin": [-2.75, 11.5, -0.5625],
							"size": [1.5, -1, 2],
							"uv": {
								"north": {"uv": [58, 17], "uv_size": [1.5, 1]},
								"east": {"uv": [54, 4], "uv_size": [2, 1]},
								"south": {"uv": [58, 19], "uv_size": [1.5, 1]},
								"west": {"uv": [54, 6], "uv_size": [2, 1]},
								"up": {"uv": [48, 33], "uv_size": [1.5, 2]}
							}
						},
						{
							"origin": [-2.25, 9.5, -1.375],
							"size": [0.5, 0.75, 0.8125],
							"uv": {
								"north": {"uv": [35, 68], "uv_size": [0.5, 1]},
								"east": {"uv": [59, 50], "uv_size": [1, 1]},
								"west": {"uv": [59, 52], "uv_size": [1, 1]},
								"up": {"uv": [37, 68], "uv_size": [0.5, 1]}
							}
						}
					]
				},
				{
					"name": "octagon8",
					"parent": "body2",
					"pivot": [-2, 9, -3],
					"cubes": [
						{
							"origin": [-2.31066, 8.25, -4],
							"size": [0.62132, 1.5, 2],
							"pivot": [-2, 9, -3],
							"rotation": [0, 0, 45],
							"uv": {
								"north": {"uv": [64, 64], "uv_size": [0.5, 1.5]},
								"up": {"uv": [59, 57], "uv_size": [0.5, 2]},
								"down": {"uv": [60, 10], "uv_size": [0.5, -2]}
							}
						},
						{
							"origin": [-2.31066, 8.25, -4],
							"size": [0.62132, 1.5, 2],
							"uv": {
								"north": {"uv": [0, 65], "uv_size": [0.5, 1.5]},
								"up": {"uv": [60, 11], "uv_size": [0.5, 2]},
								"down": {"uv": [13, 62], "uv_size": [0.5, -2]}
							}
						},
						{
							"origin": [-2.75, 8.68934, -4],
							"size": [1.5, 0.62132, 2],
							"pivot": [-2, 9, -3],
							"rotation": [0, 0, 45],
							"uv": {
								"north": {"uv": [2, 65], "uv_size": [1.5, 0.5]},
								"east": {"uv": [60, 14], "uv_size": [2, 0.5]},
								"west": {"uv": [15, 60], "uv_size": [2, 0.5]}
							}
						},
						{
							"origin": [-2.75, 8.68934, -4],
							"size": [1.5, 0.62132, 2],
							"uv": {
								"north": {"uv": [5, 65], "uv_size": [1.5, 0.5]},
								"east": {"uv": [60, 21], "uv_size": [2, 0.5]},
								"west": {"uv": [22, 60], "uv_size": [2, 0.5]}
							}
						}
					]
				},
				{
					"name": "octagon9",
					"parent": "body2",
					"pivot": [-2, 9, -5],
					"cubes": [
						{
							"origin": [-2.20711, 8.5, -13.5],
							"size": [0.41421, 1, 9.5],
							"pivot": [-2, 9, -5],
							"rotation": [0, 0, 45],
							"uv": {
								"north": {"uv": [68, 37], "uv_size": [0.5, 1]},
								"up": {"uv": [16, 32], "uv_size": [0.5, 9.5]},
								"down": {"uv": [4, 42.5], "uv_size": [0.5, -9.5]}
							}
						},
						{
							"origin": [-2.20711, 8.5, -13.5],
							"size": [0.41421, 1, 9.5],
							"uv": {
								"north": {"uv": [39, 68], "uv_size": [0.5, 1]},
								"up": {"uv": [6, 33], "uv_size": [0.5, 9.5]},
								"down": {"uv": [8, 42.5], "uv_size": [0.5, -9.5]}
							}
						},
						{
							"origin": [-2.5, 8.79289, -13.5],
							"size": [1, 0.41421, 9.5],
							"pivot": [-2, 9, -5],
							"rotation": [0, 0, 45],
							"uv": {
								"north": {"uv": [68, 39], "uv_size": [1, 0.5]},
								"east": {"uv": [33, 30], "uv_size": [9.5, 0.5]},
								"west": {"uv": [33, 32], "uv_size": [9.5, 0.5]}
							}
						},
						{
							"origin": [-2.5, 8.79289, -13.5],
							"size": [1, 0.41421, 9.5],
							"uv": {
								"north": {"uv": [41, 68], "uv_size": [1, 0.5]},
								"east": {"uv": [34, 0], "uv_size": [9.5, 0.5]},
								"west": {"uv": [34, 2], "uv_size": [9.5, 0.5]}
							}
						}
					]
				},
				{
					"name": "octagon10",
					"parent": "body2",
					"pivot": [-2, 9, 8.5],
					"cubes": [
						{
							"origin": [-2.46599, 7.875, 8],
							"size": [0.93198, 2.25, 3.25],
							"pivot": [-2, 9, 8.5],
							"rotation": [0, 0, 45],
							"uv": {
								"north": {"uv": [2, 49], "uv_size": [1, 2.5]},
								"south": {"uv": [4, 49], "uv_size": [1, 2.5]},
								"up": {"uv": [42, 41], "uv_size": [1, 3.5]},
								"down": {"uv": [10, 46.5], "uv_size": [1, -3.5]}
							}
						},
						{
							"origin": [-2.46599, 7.875, 8],
							"size": [0.93198, 2.25, 3.25],
							"uv": {
								"north": {"uv": [49, 4], "uv_size": [1, 2.5]},
								"south": {"uv": [6, 49], "uv_size": [1, 2.5]},
								"up": {"uv": [12, 43], "uv_size": [1, 3.5]},
								"down": {"uv": [14, 46.5], "uv_size": [1, -3.5]}
							}
						},
						{
							"origin": [-2.22151, 7.4375, 9.9375],
							"size": [0.5, 3, 0.5],
							"pivot": [-1.875, 9.3125, 10.125],
							"rotation": [0, -45, 0],
							"uv": {
								"north": {"uv": [14, 56], "uv_size": [0.5, 3]},
								"east": {"uv": [16, 56], "uv_size": [0.5, 3]},
								"south": {"uv": [18, 56], "uv_size": [0.5, 3]},
								"west": {"uv": [56, 20], "uv_size": [0.5, 3]},
								"up": {"uv": [30, 78], "uv_size": [0.5, 0.5]},
								"down": {"uv": [78, 30.5], "uv_size": [0.5, -0.5]}
							}
						},
						{
							"origin": [-2.44026, 10.125, 9.65625],
							"size": [0.875, 0.125, 0.875],
							"pivot": [-1.90625, 9.1875, 10.03125],
							"rotation": [0, 0, 0],
							"uv": {
								"north": {"uv": [71, 28], "uv_size": [1, 0.5]},
								"east": {"uv": [29, 71], "uv_size": [1, 0.5]},
								"south": {"uv": [42, 71], "uv_size": [1, 0.5]},
								"west": {"uv": [44, 71], "uv_size": [1, 0.5]},
								"up": {"uv": [62, 60], "uv_size": [1, 1]}
							}
						},
						{
							"origin": [-3.125, 8.53401, 8],
							"size": [2.25, 0.93198, 3.25],
							"pivot": [-2, 9, 8.5],
							"rotation": [0, 0, 45],
							"uv": {
								"north": {"uv": [49, 8], "uv_size": [2.5, 1]},
								"east": {"uv": [43, 15], "uv_size": [3.5, 1]},
								"south": {"uv": [49, 10], "uv_size": [2.5, 1]},
								"west": {"uv": [43, 17], "uv_size": [3.5, 1]}
							}
						},
						{
							"origin": [-2.27849, 7.625, 8.5],
							"size": [0.55698, 0.25, 2],
							"uv": {
								"north": {"uv": [47, 74], "uv_size": [0.5, 0.5]},
								"east": {"uv": [34, 61], "uv_size": [2, 0.5]},
								"south": {"uv": [49, 74], "uv_size": [0.5, 0.5]},
								"west": {"uv": [37, 61], "uv_size": [2, 0.5]},
								"down": {"uv": [61, 40], "uv_size": [0.5, -2]}
							}
						},
						{
							"origin": [-2.27849, 6.875, 8.75],
							"size": [0.55698, 0.75, 0.75],
							"uv": {
								"north": {"uv": [69, 2], "uv_size": [0.5, 1]},
								"east": {"uv": [40, 61], "uv_size": [1, 1]},
								"south": {"uv": [4, 69], "uv_size": [0.5, 1]},
								"west": {"uv": [61, 41], "uv_size": [1, 1]},
								"down": {"uv": [69, 5], "uv_size": [0.5, -1]}
							}
						},
						{
							"origin": [-3.125, 8.53401, 8],
							"size": [2.25, 0.93198, 3.25],
							"uv": {
								"north": {"uv": [49, 26], "uv_size": [2.5, 1]},
								"east": {"uv": [44, 10], "uv_size": [3.5, 1]},
								"south": {"uv": [49, 28], "uv_size": [2.5, 1]},
								"west": {"uv": [44, 12], "uv_size": [3.5, 1]}
							}
						}
					]
				},
				{
					"name": "barrel_default",
					"parent": "gun",
					"pivot": [0, 0, -1],
					"cubes": [
						{
							"origin": [-0.375, 8, -7.3125],
							"size": [0.75, 0.25, 0.375],
							"uv": {
								"north": {"uv": [68, 48], "uv_size": [1, 0.5]},
								"east": {"uv": [74, 40], "uv_size": [0.5, 0.5]},
								"south": {"uv": [49, 68], "uv_size": [1, 0.5]},
								"west": {"uv": [74, 42], "uv_size": [0.5, 0.5]}
							}
						},
						{
							"origin": [-0.375, 8.25, -7.3125],
							"size": [0.75, 1, 0.375],
							"pivot": [-0.5, 8.25, -7.3125],
							"rotation": [-45, 0, 0],
							"uv": {
								"north": {"uv": [18, 60], "uv_size": [1, 1]},
								"east": {"uv": [68, 41], "uv_size": [0.5, 1]},
								"south": {"uv": [60, 23], "uv_size": [1, 1]},
								"west": {"uv": [68, 43], "uv_size": [0.5, 1]}
							}
						}
					]
				},
				{
					"name": "octagon15",
					"parent": "barrel_default",
					"pivot": [2, 9, -6],
					"rotation": [0, 90, 0],
					"cubes": [
						{
							"origin": [1, 8.74112, -6.625],
							"size": [2, 0.51777, 1.25],
							"pivot": [2, 9, -6],
							"rotation": [-45, 0, 0],
							"uv": {
								"north": {"uv": [61, 0], "uv_size": [2, 0.5]},
								"east": {"uv": [28, 65], "uv_size": [1.5, 0.5]},
								"south": {"uv": [61, 2], "uv_size": [2, 0.5]},
								"west": {"uv": [31, 65], "uv_size": [1.5, 0.5]}
							}
						},
						{
							"origin": [1, 8.74112, -6.625],
							"size": [2, 0.51777, 1.25],
							"uv": {
								"north": {"uv": [3, 61], "uv_size": [2, 0.5]},
								"east": {"uv": [65, 31], "uv_size": [1.5, 0.5]},
								"south": {"uv": [61, 4], "uv_size": [2, 0.5]},
								"west": {"uv": [65, 33], "uv_size": [1.5, 0.5]}
							}
						},
						{
							"origin": [1, 8.375, -6.25888],
							"size": [2, 1.25, 0.51777],
							"pivot": [2, 9, -6],
							"rotation": [-45, 0, 0],
							"uv": {
								"east": {"uv": [34, 65], "uv_size": [0.5, 1.5]},
								"west": {"uv": [65, 35], "uv_size": [0.5, 1.5]},
								"up": {"uv": [6, 61], "uv_size": [2, 0.5]},
								"down": {"uv": [61, 6.5], "uv_size": [2, -0.5]}
							}
						},
						{
							"origin": [1, 8.375, -6.25888],
							"size": [2, 1.25, 0.51777],
							"uv": {
								"east": {"uv": [36, 65], "uv_size": [0.5, 1.5]},
								"west": {"uv": [38, 65], "uv_size": [0.5, 1.5]},
								"up": {"uv": [61, 16], "uv_size": [2, 0.5]},
								"down": {"uv": [61, 18.5], "uv_size": [2, -0.5]}
							}
						}
					]
				},
				{
					"name": "octagon14",
					"parent": "barrel_default",
					"pivot": [-2, 9, -6],
					"rotation": [0, -90, 0],
					"cubes": [
						{
							"origin": [-3, 8.74112, -6.625],
							"size": [2, 0.51777, 1.25],
							"pivot": [-2, 9, -6],
							"rotation": [-45, 0, 0],
							"uv": {
								"north": {"uv": [25, 60], "uv_size": [2, 0.5]},
								"east": {"uv": [65, 8], "uv_size": [1.5, 0.5]},
								"south": {"uv": [60, 25], "uv_size": [2, 0.5]},
								"west": {"uv": [65, 10], "uv_size": [1.5, 0.5]}
							}
						},
						{
							"origin": [-3, 8.74112, -6.625],
							"size": [2, 0.51777, 1.25],
							"uv": {
								"north": {"uv": [60, 29], "uv_size": [2, 0.5]},
								"east": {"uv": [65, 12], "uv_size": [1.5, 0.5]},
								"south": {"uv": [60, 36], "uv_size": [2, 0.5]},
								"west": {"uv": [65, 14], "uv_size": [1.5, 0.5]}
							}
						},
						{
							"origin": [-3, 8.375, -6.25888],
							"size": [2, 1.25, 0.51777],
							"pivot": [-2, 9, -6],
							"rotation": [-45, 0, 0],
							"uv": {
								"east": {"uv": [12, 65], "uv_size": [0.5, 1.5]},
								"west": {"uv": [65, 20], "uv_size": [0.5, 1.5]},
								"up": {"uv": [53, 60], "uv_size": [2, 0.5]},
								"down": {"uv": [56, 60.5], "uv_size": [2, -0.5]}
							}
						},
						{
							"origin": [-3, 8.375, -6.25888],
							"size": [2, 1.25, 0.51777],
							"uv": {
								"east": {"uv": [65, 23], "uv_size": [0.5, 1.5]},
								"west": {"uv": [65, 26], "uv_size": [0.5, 1.5]},
								"up": {"uv": [59, 60], "uv_size": [2, 0.5]},
								"down": {"uv": [0, 61.5], "uv_size": [2, -0.5]}
							}
						}
					]
				},
				{
					"name": "octagon13",
					"parent": "barrel_default",
					"pivot": [0, 9, -6],
					"cubes": [
						{
							"origin": [-2, 8.74112, -6.625],
							"size": [4, 0.51777, 1.25],
							"pivot": [0, 9, -6],
							"rotation": [-45, 0, 0],
							"uv": {
								"north": {"uv": [28, 52], "uv_size": [4, 0.5]},
								"south": {"uv": [52, 36], "uv_size": [4, 0.5]}
							}
						},
						{
							"origin": [-2, 8.74112, -6.625],
							"size": [4, 0.51777, 1.25],
							"uv": {
								"north": {"uv": [52, 41], "uv_size": [4, 0.5]},
								"south": {"uv": [52, 43], "uv_size": [4, 0.5]}
							}
						},
						{
							"origin": [-2, 8.375, -6.25888],
							"size": [4, 1.25, 0.51777],
							"pivot": [0, 9, -6],
							"rotation": [-45, 0, 0],
							"uv": {
								"up": {"uv": [44, 52], "uv_size": [4, 0.5]},
								"down": {"uv": [52, 45.5], "uv_size": [4, -0.5]}
							}
						},
						{
							"origin": [-1.75, 8.375, -6.25888],
							"size": [3.5, 1.25, 0.51777],
							"uv": {
								"up": {"uv": [12, 54], "uv_size": [3.5, 0.5]},
								"down": {"uv": [24, 54.5], "uv_size": [3.5, -0.5]}
							}
						}
					]
				},
				{
					"name": "handguard_default",
					"parent": "barrel_default",
					"pivot": [0, 8, -7.125]
				},
				{
					"name": "octagon11",
					"parent": "handguard_default",
					"pivot": [0, 8, -7.125],
					"cubes": [
						{
							"origin": [-0.31066, 7.625, -7.875],
							"size": [0.62132, 0.375, 1.5],
							"pivot": [0, 8, -7.125],
							"rotation": [0, -45, 0],
							"uv": {
								"north": {"uv": [6, 80], "uv_size": [0.5, 0.5]},
								"south": {"uv": [8, 80], "uv_size": [0.5, 0.5]},
								"up": {"uv": [66, 57], "uv_size": [0.5, 1.5]},
								"down": {"uv": [61, 67.5], "uv_size": [0.5, -1.5]}
							}
						},
						{
							"origin": [-0.31066, 7.625, -7.875],
							"size": [0.62132, 0.375, 1.5],
							"uv": {
								"north": {"uv": [10, 80], "uv_size": [0.5, 0.5]},
								"south": {"uv": [14, 80], "uv_size": [0.5, 0.5]},
								"up": {"uv": [66, 64], "uv_size": [0.5, 1.5]},
								"down": {"uv": [2, 68.5], "uv_size": [0.5, -1.5]}
							}
						},
						{
							"origin": [-0.75, 7.625, -7.43566],
							"size": [1.5, 0.375, 0.62132],
							"pivot": [0, 8, -7.125],
							"rotation": [0, -45, 0],
							"uv": {
								"east": {"uv": [80, 14], "uv_size": [0.5, 0.5]},
								"west": {"uv": [80, 20], "uv_size": [0.5, 0.5]},
								"up": {"uv": [4, 67], "uv_size": [1.5, 0.5]},
								"down": {"uv": [67, 20.5], "uv_size": [1.5, -0.5]}
							}
						},
						{
							"origin": [-0.75, 7.625, -7.43566],
							"size": [1.5, 0.375, 0.62132],
							"uv": {
								"east": {"uv": [80, 22], "uv_size": [0.5, 0.5]},
								"west": {"uv": [80, 24], "uv_size": [0.5, 0.5]},
								"up": {"uv": [67, 22], "uv_size": [1.5, 0.5]},
								"down": {"uv": [67, 24.5], "uv_size": [1.5, -0.5]}
							}
						},
						{
							"origin": [-0.75, 4, -7.43566],
							"size": [1.5, 2.75, 0.62132],
							"uv": {
								"east": {"uv": [35, 57], "uv_size": [0.5, 3]},
								"west": {"uv": [37, 57], "uv_size": [0.5, 3]},
								"up": {"uv": [67, 60], "uv_size": [1.5, 0.5]},
								"down": {"uv": [7, 68.5], "uv_size": [1.5, -0.5]}
							}
						},
						{
							"origin": [-0.75, 4, -7.43566],
							"size": [1.5, 2.75, 0.62132],
							"pivot": [0, 7, -7.125],
							"rotation": [0, -45, 0],
							"uv": {
								"east": {"uv": [31, 57], "uv_size": [0.5, 3]},
								"west": {"uv": [33, 57], "uv_size": [0.5, 3]}
							}
						},
						{
							"origin": [-0.31066, 4, -7.875],
							"size": [0.62132, 2.75, 1.5],
							"uv": {
								"north": {"uv": [5, 57], "uv_size": [0.5, 3]},
								"south": {"uv": [7, 57], "uv_size": [0.5, 3]},
								"up": {"uv": [65, 67], "uv_size": [0.5, 1.5]},
								"down": {"uv": [67, 68.5], "uv_size": [0.5, -1.5]}
							}
						},
						{
							"origin": [-0.31066, 4, -7.875],
							"size": [0.62132, 2.75, 1.5],
							"pivot": [0, 7, -7.125],
							"rotation": [0, -45, 0],
							"uv": {
								"north": {"uv": [3, 57], "uv_size": [0.5, 3]},
								"south": {"uv": [57, 4], "uv_size": [0.5, 3]}
							}
						},
						{
							"origin": [-0.31066, 2.75, -7.875],
							"size": [0.62132, 0.375, 1.5],
							"pivot": [0, 3.25, -7.125],
							"rotation": [0, -45, 0],
							"uv": {
								"north": {"uv": [80, 34], "uv_size": [0.5, 0.5]},
								"south": {"uv": [36, 80], "uv_size": [0.5, 0.5]},
								"up": {"uv": [58, 67], "uv_size": [0.5, 1.5]},
								"down": {"uv": [63, 68.5], "uv_size": [0.5, -1.5]}
							}
						},
						{
							"origin": [-0.31066, 2.75, -7.875],
							"size": [0.62132, 0.375, 1.5],
							"uv": {
								"north": {"uv": [80, 32], "uv_size": [0.5, 0.5]},
								"south": {"uv": [34, 80], "uv_size": [0.5, 0.5]},
								"up": {"uv": [47, 67], "uv_size": [0.5, 1.5]},
								"down": {"uv": [67, 54.5], "uv_size": [0.5, -1.5]}
							}
						},
						{
							"origin": [-0.75, 2.75, -7.43566],
							"size": [1.5, 0.375, 0.62132],
							"pivot": [0, 3.25, -7.125],
							"rotation": [0, -45, 0],
							"uv": {
								"east": {"uv": [80, 30], "uv_size": [0.5, 0.5]},
								"west": {"uv": [32, 80], "uv_size": [0.5, 0.5]},
								"up": {"uv": [30, 67], "uv_size": [1.5, 0.5]},
								"down": {"uv": [67, 35.5], "uv_size": [1.5, -0.5]}
							}
						},
						{
							"origin": [-0.75, 2.75, -7.43566],
							"size": [1.5, 0.375, 0.62132],
							"uv": {
								"east": {"uv": [80, 26], "uv_size": [0.5, 0.5]},
								"west": {"uv": [30, 80], "uv_size": [0.5, 0.5]},
								"up": {"uv": [67, 26], "uv_size": [1.5, 0.5]},
								"down": {"uv": [27, 67.5], "uv_size": [1.5, -0.5]}
							}
						}
					]
				},
				{
					"name": "octagon12",
					"parent": "handguard_default",
					"pivot": [0, 6.75, -7.125],
					"cubes": [
						{
							"origin": [0.12868, 3, -7.43566],
							"size": [0.62132, 1, 0.5],
							"pivot": [0.75, 4, -7.43566],
							"rotation": [22.5, -45, 0],
							"uv": {
								"north": {"uv": [73, 8], "uv_size": [0.5, 1]},
								"east": {"uv": [73, 10], "uv_size": [0.5, 1]},
								"west": {"uv": [12, 73], "uv_size": [0.5, 1]}
							}
						},
						{
							"origin": [-0.93198, 3, -7.875],
							"size": [0.62132, 1, 0.5],
							"pivot": [-0.31066, 4, -7.875],
							"rotation": [22.5, 45, 0],
							"uv": {
								"north": {"uv": [22, 73], "uv_size": [0.5, 1]},
								"east": {"uv": [24, 73], "uv_size": [0.5, 1]},
								"west": {"uv": [26, 73], "uv_size": [0.5, 1]}
							}
						},
						{
							"origin": [-1.37132, 3, -6.81434],
							"size": [0.62132, 1, 0.5],
							"pivot": [-0.75, 4, -6.81434],
							"rotation": [-157.5, 45, -180],
							"uv": {
								"north": {"uv": [18, 73], "uv_size": [0.5, 1]},
								"east": {"uv": [73, 18], "uv_size": [0.5, 1]},
								"west": {"uv": [20, 73], "uv_size": [0.5, 1]}
							}
						},
						{
							"origin": [-0.31066, 3, -6.375],
							"size": [0.62132, 1, 0.5],
							"pivot": [0.31066, 4, -6.375],
							"rotation": [-157.5, -45, -180],
							"uv": {
								"north": {"uv": [73, 12], "uv_size": [0.5, 1]},
								"east": {"uv": [16, 73], "uv_size": [0.5, 1]},
								"west": {"uv": [73, 16], "uv_size": [0.5, 1]}
							}
						},
						{
							"origin": [0.12868, 5.75, -6.81434],
							"size": [0.62132, 1, 0.5],
							"pivot": [0.75, 6.75, -6.81434],
							"rotation": [-157.5, 45, 0],
							"uv": {
								"north": {"uv": [28, 73], "uv_size": [0.5, 1]},
								"east": {"uv": [73, 28], "uv_size": [0.5, 1]},
								"west": {"uv": [41, 73], "uv_size": [0.5, 1]}
							}
						},
						{
							"origin": [-0.93198, 5.75, -6.375],
							"size": [0.62132, 1, 0.5],
							"pivot": [-0.31066, 6.75, -6.375],
							"rotation": [-157.5, -45, 0],
							"uv": {
								"north": {"uv": [43, 73], "uv_size": [0.5, 1]},
								"east": {"uv": [73, 44], "uv_size": [0.5, 1]},
								"west": {"uv": [73, 48], "uv_size": [0.5, 1]}
							}
						},
						{
							"origin": [-1.37132, 5.75, -7.43566],
							"size": [0.62132, 1, 0.5],
							"pivot": [-0.75, 6.75, -7.43566],
							"rotation": [22.5, -45, 180],
							"uv": {
								"north": {"uv": [73, 50], "uv_size": [0.5, 1]},
								"east": {"uv": [73, 52], "uv_size": [0.5, 1]},
								"west": {"uv": [58, 73], "uv_size": [0.5, 1]}
							}
						},
						{
							"origin": [-0.31066, 5.75, -7.875],
							"size": [0.62132, 1, 0.5],
							"pivot": [0.31066, 6.75, -7.875],
							"rotation": [22.5, 45, 180],
							"uv": {
								"north": {"uv": [73, 65], "uv_size": [0.5, 1]},
								"east": {"uv": [73, 67], "uv_size": [0.5, 1]},
								"west": {"uv": [73, 72], "uv_size": [0.5, 1]}
							}
						}
					]
				},
				{
					"name": "handguard_tactical",
					"parent": "barrel_default",
					"pivot": [0, 0, -1]
				},
				{
					"name": "body_rail1",
					"parent": "handguard_tactical",
					"pivot": [-0.00002, 7.62787, -6.6599],
					"rotation": [0, 0, -180],
					"cubes": [
						{
							"origin": [-0.375, 7.25314, -9.28124],
							"size": [0.75, 0.36562, 4.25],
							"uv": {
								"north": {"uv": [72, 36], "uv_size": [1, 0.5]},
								"east": {"uv": [53, 16], "uv_size": [4, 0.5]},
								"south": {"uv": [37, 72], "uv_size": [1, 0.5]},
								"west": {"uv": [53, 18], "uv_size": [4, 0.5]},
								"up": {"uv": [38, 39], "uv_size": [1, 4]},
								"down": {"uv": [0, 44], "uv_size": [1, -4]}
							}
						},
						{
							"origin": [-2.24386, 7.10188, -6.28125],
							"size": [0.177, 0.177, 0.25],
							"pivot": [-0.37328, 4.35008, -11.375],
							"rotation": [0, 0, 45],
							"uv": {
								"north": {"uv": [79, 4], "uv_size": [0.5, 0.5]},
								"south": {"uv": [79, 6], "uv_size": [0.5, 0.5]},
								"west": {"uv": [79, 8], "uv_size": [0.5, 0.5]},
								"up": {"uv": [79, 10], "uv_size": [0.5, 0.5]}
							}
						},
						{
							"origin": [-2.77419, 6.57156, -6.28125],
							"size": [0.177, 0.177, 0.25],
							"pivot": [-0.37328, 4.35008, -11.375],
							"rotation": [0, 0, 45],
							"uv": {
								"north": {"uv": [12, 79], "uv_size": [0.5, 0.5]},
								"east": {"uv": [79, 12], "uv_size": [0.5, 0.5]},
								"south": {"uv": [16, 79], "uv_size": [0.5, 0.5]},
								"down": {"uv": [79, 16.5], "uv_size": [0.5, -0.5]}
							}
						},
						{
							"origin": [-0.375, 7.61876, -6.28124],
							"size": [0.75, 0.125, 0.25],
							"uv": {
								"north": {"uv": [72, 38], "uv_size": [1, 0.5]},
								"south": {"uv": [39, 72], "uv_size": [1, 0.5]},
								"up": {"uv": [72, 40], "uv_size": [1, 0.5]}
							}
						},
						{
							"origin": [-2.24386, 7.10188, -7.78125],
							"size": [0.177, 0.177, 1.25],
							"pivot": [-0.37328, 4.35008, -11.375],
							"rotation": [0, 0, 45],
							"uv": {
								"north": {"uv": [18, 79], "uv_size": [0.5, 0.5]},
								"south": {"uv": [79, 18], "uv_size": [0.5, 0.5]},
								"west": {"uv": [66, 16], "uv_size": [1.5, 0.5]},
								"up": {"uv": [19, 66], "uv_size": [0.5, 1.5]}
							}
						},
						{
							"origin": [-2.77419, 6.57156, -7.78125],
							"size": [0.177, 0.177, 1.25],
							"pivot": [-0.37328, 4.35008, -11.375],
							"rotation": [0, 0, 45],
							"uv": {
								"north": {"uv": [20, 79], "uv_size": [0.5, 0.5]},
								"east": {"uv": [66, 18], "uv_size": [1.5, 0.5]},
								"south": {"uv": [22, 79], "uv_size": [0.5, 0.5]},
								"down": {"uv": [21, 67.5], "uv_size": [0.5, -1.5]}
							}
						},
						{
							"origin": [-0.375, 7.61876, -7.78124],
							"size": [0.75, 0.125, 1.25],
							"uv": {
								"north": {"uv": [72, 42], "uv_size": [1, 0.5]},
								"south": {"uv": [46, 72], "uv_size": [1, 0.5]},
								"up": {"uv": [45, 56], "uv_size": [1, 1.5]}
							}
						},
						{
							"origin": [-2.24386, 7.10188, -8.28125],
							"size": [0.177, 0.177, 0.25],
							"pivot": [-0.37328, 4.35008, -11.375],
							"rotation": [0, 0, 45],
							"uv": {
								"north": {"uv": [24, 79], "uv_size": [0.5, 0.5]},
								"south": {"uv": [26, 79], "uv_size": [0.5, 0.5]},
								"west": {"uv": [28, 79], "uv_size": [0.5, 0.5]},
								"up": {"uv": [79, 28], "uv_size": [0.5, 0.5]}
							}
						},
						{
							"origin": [-2.77419, 6.57156, -8.28125],
							"size": [0.177, 0.177, 0.25],
							"pivot": [-0.37328, 4.35008, -11.375],
							"rotation": [0, 0, 45],
							"uv": {
								"north": {"uv": [40, 79], "uv_size": [0.5, 0.5]},
								"east": {"uv": [42, 79], "uv_size": [0.5, 0.5]},
								"south": {"uv": [79, 44], "uv_size": [0.5, 0.5]},
								"down": {"uv": [79, 48.5], "uv_size": [0.5, -0.5]}
							}
						},
						{
							"origin": [-0.375, 7.61876, -8.28124],
							"size": [0.75, 0.125, 0.25],
							"uv": {
								"north": {"uv": [72, 46], "uv_size": [1, 0.5]},
								"south": {"uv": [48, 72], "uv_size": [1, 0.5]},
								"up": {"uv": [50, 72], "uv_size": [1, 0.5]}
							}
						},
						{
							"origin": [-2.24386, 7.10188, -9.28125],
							"size": [0.177, 0.177, 0.75],
							"pivot": [-0.37328, 4.35008, -11.375],
							"rotation": [0, 0, 45],
							"uv": {
								"north": {"uv": [79, 50], "uv_size": [0.5, 0.5]},
								"south": {"uv": [79, 52], "uv_size": [0.5, 0.5]},
								"west": {"uv": [52, 72], "uv_size": [1, 0.5]},
								"up": {"uv": [54, 72], "uv_size": [0.5, 1]}
							}
						},
						{
							"origin": [-2.77419, 6.57156, -9.28125],
							"size": [0.177, 0.177, 0.75],
							"pivot": [-0.37328, 4.35008, -11.375],
							"rotation": [0, 0, 45],
							"uv": {
								"north": {"uv": [56, 79], "uv_size": [0.5, 0.5]},
								"east": {"uv": [72, 55], "uv_size": [1, 0.5]},
								"south": {"uv": [79, 64], "uv_size": [0.5, 0.5]},
								"down": {"uv": [56, 73], "uv_size": [0.5, -1]}
							}
						},
						{
							"origin": [-0.375, 7.61876, -9.28124],
							"size": [0.75, 0.125, 0.75],
							"uv": {
								"north": {"uv": [72, 57], "uv_size": [1, 0.5]},
								"south": {"uv": [72, 59], "uv_size": [1, 0.5]},
								"up": {"uv": [4, 63], "uv_size": [1, 1]}
							}
						},
						{
							"origin": [-2.77419, 6.57156, -5.78125],
							"size": [0.177, 0.177, 0.75],
							"pivot": [-0.37328, 4.35008, -5.875],
							"rotation": [0, 0, 45],
							"uv": {
								"north": {"uv": [79, 66], "uv_size": [0.5, 0.5]},
								"east": {"uv": [61, 72], "uv_size": [1, 0.5]},
								"south": {"uv": [79, 70], "uv_size": [0.5, 0.5]},
								"down": {"uv": [72, 62], "uv_size": [0.5, -1]}
							}
						},
						{
							"origin": [-0.375, 7.61876, -5.78124],
							"size": [0.75, 0.125, 0.75],
							"uv": {
								"north": {"uv": [63, 72], "uv_size": [1, 0.5]},
								"south": {"uv": [72, 63], "uv_size": [1, 0.5]},
								"up": {"uv": [6, 63], "uv_size": [1, 1]}
							}
						},
						{
							"origin": [-2.24386, 7.10188, -5.78125],
							"size": [0.177, 0.177, 0.75],
							"pivot": [-0.37328, 4.35008, -5.875],
							"rotation": [0, 0, 45],
							"uv": {
								"north": {"uv": [79, 74], "uv_size": [0.5, 0.5]},
								"south": {"uv": [76, 79], "uv_size": [0.5, 0.5]},
								"west": {"uv": [65, 72], "uv_size": [1, 0.5]},
								"up": {"uv": [67, 72], "uv_size": [0.5, 1]}
							}
						}
					]
				},
				{
					"name": "back",
					"parent": "gun",
					"pivot": [0, 0, -1],
					"cubes": [
						{
							"origin": [-0.5, 6.625, 5.625],
							"size": [1, 0.3125, 3.375],
							"uv": {
								"north": {"uv": [69, 6], "uv_size": [1, 0.5]},
								"east": {"uv": [49, 54], "uv_size": [3.5, 0.5]},
								"south": {"uv": [13, 69], "uv_size": [1, 0.5]},
								"west": {"uv": [54, 51], "uv_size": [3.5, 0.5]},
								"up": {"uv": [16, 43], "uv_size": [1, 3.5]},
								"down": {"uv": [43, 37.5], "uv_size": [1, -3.5]}
							}
						},
						{
							"origin": [-0.875, 8.75, 8.0625],
							"size": [1.75, 0.5, 1],
							"uv": {
								"north": {"uv": [42, 62], "uv_size": [2, 0.5]},
								"south": {"uv": [62, 45], "uv_size": [2, 0.5]},
								"up": {"uv": [53, 2], "uv_size": [2, 1]},
								"down": {"uv": [5, 54], "uv_size": [2, -1]}
							}
						},
						{
							"origin": [1.125, 8.75, 8.375],
							"size": [0.9375, 0.5, 1],
							"pivot": [1.1875, 7.375, 8.25],
							"rotation": [0, -45, 0],
							"uv": {
								"south": {"uv": [70, 70], "uv_size": [1, 0.5]},
								"up": {"uv": [51, 61], "uv_size": [1, 1]},
								"down": {"uv": [18, 63], "uv_size": [1, -1]}
							}
						},
						{
							"origin": [-0.3125, 6.625, 8.5],
							"size": [0.625, 0.3125, 0.5],
							"pivot": [0.5, 6.625, 9],
							"rotation": [62.5, 0, 0],
							"uv": {
								"north": {"uv": [51, 74], "uv_size": [0.5, 0.5]},
								"east": {"uv": [53, 74], "uv_size": [0.5, 0.5]},
								"south": {"uv": [74, 54], "uv_size": [0.5, 0.5]},
								"west": {"uv": [55, 74], "uv_size": [0.5, 0.5]},
								"up": {"uv": [74, 56], "uv_size": [0.5, 0.5]},
								"down": {"uv": [74, 58.5], "uv_size": [0.5, -0.5]}
							}
						},
						{
							"origin": [-0.3125, 6.8125, 7.0625],
							"size": [0.625, 0.375, 0.625],
							"pivot": [0.5, 6.8125, 7.625],
							"rotation": [127.5, 0, 0],
							"uv": {
								"north": {"uv": [68, 74], "uv_size": [0.5, 0.5]},
								"east": {"uv": [74, 69], "uv_size": [0.5, 0.5]},
								"west": {"uv": [70, 74], "uv_size": [0.5, 0.5]},
								"up": {"uv": [72, 74], "uv_size": [0.5, 0.5]},
								"down": {"uv": [74, 74.5], "uv_size": [0.5, -0.5]}
							}
						},
						{
							"origin": [-0.125, 7.0625, 6.39063],
							"size": [0.25, 0.1875, 0.3125],
							"pivot": [0.5, 6.875, 6.89063],
							"rotation": [127.5, 0, 0],
							"uv": {
								"north": {"uv": [76, 22], "uv_size": [0.5, 0.5]},
								"east": {"uv": [76, 24], "uv_size": [0.5, 0.5]},
								"west": {"uv": [76, 26], "uv_size": [0.5, 0.5]},
								"up": {"uv": [30, 76], "uv_size": [0.5, 0.5]},
								"down": {"uv": [76, 30.5], "uv_size": [0.5, -0.5]}
							}
						},
						{
							"origin": [-0.125, 5.8125, 6.625],
							"size": [0.25, 0.1875, 0.625],
							"pivot": [0.3125, 5.8125, 7.25],
							"rotation": [52.5, 0, 0],
							"uv": {
								"north": {"uv": [32, 76], "uv_size": [0.5, 0.5]},
								"east": {"uv": [76, 32], "uv_size": [0.5, 0.5]},
								"west": {"uv": [34, 76], "uv_size": [0.5, 0.5]},
								"up": {"uv": [76, 34], "uv_size": [0.5, 0.5]},
								"down": {"uv": [36, 76.5], "uv_size": [0.5, -0.5]}
							}
						},
						{
							"origin": [-0.125, 5.92664, 6.66375],
							"size": [0.25, 0.1875, 0.4375],
							"pivot": [0.3125, 5.92664, 7.10125],
							"rotation": [77, 0, 0],
							"uv": {
								"east": {"uv": [76, 36], "uv_size": [0.5, 0.5]},
								"west": {"uv": [38, 76], "uv_size": [0.5, 0.5]},
								"up": {"uv": [76, 38], "uv_size": [0.5, 0.5]}
							}
						},
						{
							"origin": [-0.3125, 6.5, 6.125],
							"size": [0.625, 0.125, 1.5],
							"uv": {
								"north": {"uv": [75, 10], "uv_size": [0.5, 0.5]},
								"east": {"uv": [47, 65], "uv_size": [1.5, 0.5]},
								"west": {"uv": [65, 49], "uv_size": [1.5, 0.5]},
								"down": {"uv": [50, 66.5], "uv_size": [0.5, -1.5]}
							}
						},
						{
							"origin": [-0.3125, 6.1875, 5.125],
							"size": [0.625, 0.4375, 0.5],
							"pivot": [0.375, 6.625, 5.625],
							"rotation": [135, 0, 0],
							"uv": {
								"north": {"uv": [60, 74], "uv_size": [0.5, 0.5]},
								"east": {"uv": [74, 60], "uv_size": [0.5, 0.5]},
								"south": {"uv": [62, 74], "uv_size": [0.5, 0.5]},
								"west": {"uv": [74, 62], "uv_size": [0.5, 0.5]},
								"up": {"uv": [64, 74], "uv_size": [0.5, 0.5]},
								"down": {"uv": [66, 74.5], "uv_size": [0.5, -0.5]}
							}
						},
						{
							"origin": [-0.125, 5.8125, 6.89062],
							"size": [0.25, 0.6875, 0.35938],
							"uv": {
								"north": {"uv": [10, 76], "uv_size": [0.5, 0.5]},
								"east": {"uv": [14, 76], "uv_size": [0.5, 0.5]},
								"south": {"uv": [76, 14], "uv_size": [0.5, 0.5]},
								"west": {"uv": [76, 20], "uv_size": [0.5, 0.5]}
							}
						},
						{
							"origin": [-0.3125, 5.37217, 5.4359],
							"size": [0.625, 0.0625, 0.5],
							"pivot": [-0.375, 5.37217, 5.9359],
							"rotation": [-66.5, 0, 0],
							"uv": {
								"north": {"uv": [75, 0], "uv_size": [0.5, 0.5]},
								"east": {"uv": [75, 2], "uv_size": [0.5, 0.5]},
								"south": {"uv": [4, 75], "uv_size": [0.5, 0.5]},
								"west": {"uv": [75, 4], "uv_size": [0.5, 0.5]},
								"up": {"uv": [75, 6], "uv_size": [0.5, 0.5]},
								"down": {"uv": [75, 8.5], "uv_size": [0.5, -0.5]}
							}
						},
						{
							"origin": [-0.3125, 5.69008, 5.31465],
							"size": [0.625, 0.20313, 0.6875],
							"pivot": [-0.375, 5.8932, 5.93965],
							"rotation": [-90, 0, 0],
							"uv": {
								"north": {"uv": [20, 75], "uv_size": [0.5, 0.5]},
								"east": {"uv": [22, 75], "uv_size": [0.5, 0.5]},
								"south": {"uv": [24, 75], "uv_size": [0.5, 0.5]},
								"west": {"uv": [26, 75], "uv_size": [0.5, 0.5]},
								"up": {"uv": [28, 75], "uv_size": [0.5, 0.5]},
								"down": {"uv": [75, 28.5], "uv_size": [0.5, -0.5]}
							}
						},
						{
							"origin": [-0.3125, 5.75258, 5.93965],
							"size": [0.625, 0.07813, 0.28125],
							"pivot": [-0.375, 5.8307, 5.93965],
							"rotation": [-90, 0, 0],
							"uv": {
								"north": {"uv": [40, 75], "uv_size": [0.5, 0.5]},
								"east": {"uv": [42, 75], "uv_size": [0.5, 0.5]},
								"south": {"uv": [75, 44], "uv_size": [0.5, 0.5]},
								"west": {"uv": [75, 48], "uv_size": [0.5, 0.5]},
								"up": {"uv": [75, 50], "uv_size": [0.5, 0.5]},
								"down": {"uv": [75, 52.5], "uv_size": [0.5, -0.5]}
							}
						},
						{
							"origin": [-0.3125, 5.78383, 5.87715],
							"size": [0.625, 0.07813, 0.1875],
							"pivot": [-0.375, 5.86195, 5.87715],
							"rotation": [-77, 0, 0],
							"uv": {
								"north": {"uv": [57, 75], "uv_size": [0.5, 0.5]},
								"east": {"uv": [75, 64], "uv_size": [0.5, 0.5]},
								"south": {"uv": [75, 66], "uv_size": [0.5, 0.5]},
								"west": {"uv": [75, 71], "uv_size": [0.5, 0.5]},
								"up": {"uv": [0, 76], "uv_size": [0.5, 0.5]},
								"down": {"uv": [2, 76.5], "uv_size": [0.5, -0.5]}
							}
						},
						{
							"origin": [-0.3125, 5.35991, 5.97307],
							"size": [0.625, 0.0625, 0.5],
							"pivot": [-0.375, 5.42241, 5.97307],
							"rotation": [-36.5, 0, 0],
							"uv": {
								"north": {"uv": [12, 75], "uv_size": [0.5, 0.5]},
								"east": {"uv": [75, 12], "uv_size": [0.5, 0.5]},
								"south": {"uv": [16, 75], "uv_size": [0.5, 0.5]},
								"west": {"uv": [75, 16], "uv_size": [0.5, 0.5]},
								"up": {"uv": [18, 75], "uv_size": [0.5, 0.5]},
								"down": {"uv": [75, 18.5], "uv_size": [0.5, -0.5]}
							}
						},
						{
							"origin": [-0.3125, 5.07476, 6.33782],
							"size": [0.625, 0.0625, 1],
							"uv": {
								"east": {"uv": [43, 69], "uv_size": [1, 0.5]},
								"west": {"uv": [45, 69], "uv_size": [1, 0.5]},
								"up": {"uv": [69, 45], "uv_size": [0.5, 1]},
								"down": {"uv": [69, 51], "uv_size": [0.5, -1]}
							}
						},
						{
							"origin": [-0.3125, 5.07476, 7.27532],
							"size": [0.625, 0.5625, 0.8125],
							"pivot": [0.375, 5.07476, 7.27532],
							"rotation": [-45, 0, 0],
							"uv": {
								"north": {"uv": [6, 76], "uv_size": [0.5, 0.5]},
								"east": {"uv": [69, 52], "uv_size": [1, 0.5]},
								"south": {"uv": [8, 76], "uv_size": [0.5, 0.5]},
								"west": {"uv": [69, 54], "uv_size": [1, 0.5]},
								"up": {"uv": [60, 69], "uv_size": [0.5, 1]},
								"down": {"uv": [69, 67], "uv_size": [0.5, -1]}
							}
						},
						{
							"origin": [-0.3125, 5.28091, 7.69702],
							"size": [0.625, 0.125, 0.875],
							"pivot": [0.375, 5.34341, 7.69702],
							"rotation": [90, 0, 0],
							"uv": {
								"east": {"uv": [28, 69], "uv_size": [1, 0.5]},
								"west": {"uv": [69, 28], "uv_size": [1, 0.5]},
								"up": {"uv": [30, 69], "uv_size": [0.5, 1]}
							}
						},
						{
							"origin": [-0.4375, 3.3125, 7.75],
							"size": [0.875, 2.17188, 1.25],
							"pivot": [0, 4.8125, 8],
							"rotation": [10, 0, 0],
							"uv": {
								"north": {"uv": [8, 52], "uv_size": [1, 2]},
								"east": {"uv": [7, 46], "uv_size": [1.5, 2]},
								"south": {"uv": [33, 52], "uv_size": [1, 2]},
								"west": {"uv": [46, 24], "uv_size": [1.5, 2]},
								"up": {"uv": [31, 54], "uv_size": [1, 1.5]}
							}
						},
						{
							"origin": [-0.4375, 2.63394, 7.99528],
							"size": [0.875, 0.875, 1.25],
							"uv": {
								"north": {"uv": [49, 61], "uv_size": [1, 1]},
								"east": {"uv": [33, 55], "uv_size": [1.5, 1]},
								"south": {"uv": [61, 50], "uv_size": [1, 1]},
								"west": {"uv": [36, 55], "uv_size": [1.5, 1]},
								"down": {"uv": [39, 56.5], "uv_size": [1, -1.5]}
							}
						},
						{
							"origin": [-0.4375, 5.32144, 7.74528],
							"size": [0.875, 1.3125, 1.125],
							"uv": {
								"north": {"uv": [41, 55], "uv_size": [1, 1.5]},
								"east": {"uv": [54, 55], "uv_size": [1, 1.5]},
								"south": {"uv": [10, 56], "uv_size": [1, 1.5]},
								"west": {"uv": [12, 56], "uv_size": [1, 1.5]}
							}
						},
						{
							"origin": [1.5, 7.125, 5.625],
							"size": [0.9375, 0.5, 4],
							"pivot": [2, 7.375, 7.75],
							"rotation": [0, 0, 90],
							"uv": {
								"north": {"uv": [69, 16], "uv_size": [1, 0.5]},
								"east": {"uv": [52, 47], "uv_size": [4, 0.5]},
								"south": {"uv": [18, 69], "uv_size": [1, 0.5]},
								"west": {"uv": [49, 52], "uv_size": [4, 0.5]},
								"up": {"uv": [26, 39], "uv_size": [1, 4]},
								"down": {"uv": [28, 43], "uv_size": [1, -4]}
							}
						},
						{
							"origin": [0.5, 6.625, 5.625],
							"size": [1.5, 0.3125, 3.375],
							"pivot": [0.5, 6.625, 9],
							"rotation": [0, 0, -12.5],
							"uv": {
								"north": {"uv": [65, 38], "uv_size": [1.5, 0.5]},
								"east": {"uv": [54, 32], "uv_size": [3.5, 0.5]},
								"south": {"uv": [65, 40], "uv_size": [1.5, 0.5]},
								"west": {"uv": [54, 34], "uv_size": [3.5, 0.5]},
								"up": {"uv": [11, 27], "uv_size": [1.5, 3.5]},
								"down": {"uv": [14, 30.5], "uv_size": [1.5, -3.5]}
							}
						},
						{
							"origin": [-2, 6.625, 5.625],
							"size": [1.5, 0.3125, 3.375],
							"pivot": [-0.5, 6.625, 9],
							"rotation": [0, 0, 12.5],
							"uv": {
								"north": {"uv": [65, 42], "uv_size": [1.5, 0.5]},
								"east": {"uv": [54, 38], "uv_size": [3.5, 0.5]},
								"south": {"uv": [65, 44], "uv_size": [1.5, 0.5]},
								"west": {"uv": [44, 54], "uv_size": [3.5, 0.5]},
								"up": {"uv": [4, 28], "uv_size": [1.5, 3.5]},
								"down": {"uv": [7, 31.5], "uv_size": [1.5, -3.5]}
							}
						},
						{
							"origin": [-2.4375, 7.125, 5.625],
							"size": [0.9375, 0.5, 4],
							"pivot": [-2, 7.375, 7.75],
							"rotation": [0, 0, -90],
							"uv": {
								"north": {"uv": [69, 18], "uv_size": [1, 0.5]},
								"east": {"uv": [0, 53], "uv_size": [4, 0.5]},
								"south": {"uv": [20, 69], "uv_size": [1, 0.5]},
								"west": {"uv": [53, 0], "uv_size": [4, 0.5]},
								"up": {"uv": [32, 39], "uv_size": [1, 4]},
								"down": {"uv": [34, 43], "uv_size": [1, -4]}
							}
						},
						{
							"origin": [-2.0625, 8.75, 8.375],
							"size": [0.9375, 0.5, 1],
							"pivot": [-1.1875, 7.375, 8.25],
							"rotation": [0, 45, 0],
							"uv": {
								"south": {"uv": [71, 0], "uv_size": [1, 0.5]},
								"up": {"uv": [45, 62], "uv_size": [1, 1]},
								"down": {"uv": [62, 48], "uv_size": [1, -1]}
							}
						}
					]
				},
				{
					"name": "sight",
					"parent": "gun",
					"pivot": [0, 9, -3],
					"cubes": [
						{
							"origin": [-0.54701, 6.25, -3.5],
							"size": [1.09402, 5.5, 1],
							"pivot": [0, 9, -3],
							"rotation": [0, 0, -45],
							"uv": {
								"north": {"uv": [20, 26], "uv_size": [1, 5.5]},
								"south": {"uv": [22, 26], "uv_size": [1, 5.5]},
								"up": {"uv": [63, 35], "uv_size": [1, 1]},
								"down": {"uv": [37, 64], "uv_size": [1, -1]}
							}
						},
						{
							"origin": [-0.54701, 6.25, -3.5],
							"size": [1.09402, 1.4375, 1],
							"pivot": [0, 9, -3],
							"rotation": [0, 0, -22.5],
							"uv": {
								"north": {"uv": [57, 40], "uv_size": [1, 1.5]},
								"south": {"uv": [57, 43], "uv_size": [1, 1.5]},
								"down": {"uv": [63, 38], "uv_size": [1, -1]}
							}
						},
						{
							"origin": [-0.54701, 11.375, -3.5],
							"size": [1.09402, 0.375, 1],
							"pivot": [0, 9, -3],
							"rotation": [0, 0, -22.5],
							"uv": {
								"north": {"uv": [10, 74], "uv_size": [1, 0.5]},
								"south": {"uv": [14, 74], "uv_size": [1, 0.5]},
								"up": {"uv": [64, 6], "uv_size": [1, 1]}
							}
						},
						{
							"origin": [-1.44969, 11.47556, -3.5],
							"size": [1.09402, 0.75, 1],
							"pivot": [-0.35567, 11.28806, -2.5],
							"rotation": [0, 0, -90],
							"uv": {
								"north": {"uv": [8, 64], "uv_size": [1, 1]},
								"south": {"uv": [10, 64], "uv_size": [1, 1]},
								"down": {"uv": [14, 65], "uv_size": [1, -1]}
							}
						},
						{
							"origin": [-0.54701, 6.25, -3.5],
							"size": [1.09402, 4.25, 1],
							"uv": {
								"north": {"uv": [24, 33], "uv_size": [1, 4.5]},
								"south": {"uv": [26, 33], "uv_size": [1, 4.5]},
								"up": {"uv": [39, 63], "uv_size": [1, 1]},
								"down": {"uv": [63, 40], "uv_size": [1, -1]}
							}
						},
						{
							"origin": [-0.54701, 11.5, -3.5],
							"size": [1.09402, 0.25, 1],
							"uv": {
								"north": {"uv": [0, 74], "uv_size": [1, 0.5]},
								"south": {"uv": [2, 74], "uv_size": [1, 0.5]},
								"up": {"uv": [64, 0], "uv_size": [1, 1]},
								"down": {"uv": [64, 3], "uv_size": [1, -1]}
							}
						},
						{
							"origin": [-0.29701, 11.5, -3.5],
							"size": [0.84402, 0.25, 1],
							"pivot": [0, 11, -3],
							"rotation": [0, 0, 45],
							"uv": {
								"north": {"uv": [74, 14], "uv_size": [1, 0.5]},
								"south": {"uv": [74, 20], "uv_size": [1, 0.5]},
								"west": {"uv": [74, 22], "uv_size": [1, 0.5]},
								"down": {"uv": [64, 19], "uv_size": [1, -1]}
							}
						},
						{
							"origin": [-0.54701, 11.5, -3.5],
							"size": [0.84402, 0.25, 1],
							"pivot": [0, 11, -3],
							"rotation": [0, 0, -45],
							"uv": {
								"north": {"uv": [74, 24], "uv_size": [1, 0.5]},
								"south": {"uv": [74, 26], "uv_size": [1, 0.5]},
								"down": {"uv": [20, 65], "uv_size": [1, -1]}
							}
						},
						{
							"origin": [-0.54701, 11.5, -3.5],
							"size": [1.09402, 0.25, 1],
							"pivot": [0, 11, -3],
							"rotation": [0, 0, 135],
							"uv": {
								"north": {"uv": [32, 74], "uv_size": [1, 0.5]},
								"south": {"uv": [74, 32], "uv_size": [1, 0.5]},
								"down": {"uv": [24, 65], "uv_size": [1, -1]}
							}
						},
						{
							"origin": [-0.54701, 11.5, -3.5],
							"size": [1.09402, 0.25, 1],
							"pivot": [0, 11, -3],
							"rotation": [0, 0, -135],
							"uv": {
								"north": {"uv": [30, 74], "uv_size": [1, 0.5]},
								"south": {"uv": [74, 30], "uv_size": [1, 0.5]},
								"down": {"uv": [22, 65], "uv_size": [1, -1]}
							}
						},
						{
							"origin": [-0.54701, 6.25, -3.5],
							"size": [1.09402, 1.4375, 1],
							"pivot": [0, 9, -3],
							"rotation": [0, 0, 22.5],
							"uv": {
								"north": {"uv": [57, 46], "uv_size": [1, 1.5]},
								"south": {"uv": [58, 8], "uv_size": [1, 1.5]},
								"down": {"uv": [63, 42], "uv_size": [1, -1]}
							}
						},
						{
							"origin": [-0.54701, 11.375, -3.5],
							"size": [1.09402, 0.375, 1],
							"pivot": [0, 9, -3],
							"rotation": [0, 0, 22.5],
							"uv": {
								"north": {"uv": [6, 74], "uv_size": [1, 0.5]},
								"south": {"uv": [8, 74], "uv_size": [1, 0.5]},
								"up": {"uv": [64, 4], "uv_size": [1, 1]}
							}
						},
						{
							"origin": [-0.54701, 6.25, -3.5],
							"size": [1.09402, 5.5, 1],
							"pivot": [0, 9, -3],
							"rotation": [0, 0, 45],
							"uv": {
								"north": {"uv": [24, 26], "uv_size": [1, 5.5]},
								"south": {"uv": [26, 26], "uv_size": [1, 5.5]},
								"up": {"uv": [63, 43], "uv_size": [1, 1]},
								"down": {"uv": [47, 64], "uv_size": [1, -1]}
							}
						},
						{
							"origin": [-3, 8.45299, -3.5],
							"size": [6, 1.09402, 1],
							"pivot": [0, 9, -3],
							"rotation": [0, 0, -22.5],
							"uv": {
								"north": {"uv": [4, 22], "uv_size": [6, 1]},
								"east": {"uv": [49, 63], "uv_size": [1, 1]},
								"south": {"uv": [22, 16], "uv_size": [6, 1]},
								"west": {"uv": [63, 49], "uv_size": [1, 1]},
								"up": {"uv": [22, 18], "uv_size": [6, 1]},
								"down": {"uv": [22, 21], "uv_size": [6, -1]}
							}
						},
						{
							"origin": [-2.98097, 8.35732, -3.5],
							"size": [5.96194, 1.28536, 1],
							"uv": {
								"north": {"uv": [12, 0], "uv_size": [6, 1.5]},
								"east": {"uv": [58, 11], "uv_size": [1, 1.5]},
								"south": {"uv": [12, 3], "uv_size": [6, 1.5]},
								"west": {"uv": [58, 14], "uv_size": [1, 1.5]}
							}
						},
						{
							"origin": [-3, 8.45299, -3.5],
							"size": [6, 1.09402, 1],
							"pivot": [0, 9, -3],
							"rotation": [0, 0, 22.5],
							"uv": {
								"north": {"uv": [22, 22], "uv_size": [6, 1]},
								"east": {"uv": [51, 63], "uv_size": [1, 1]},
								"south": {"uv": [4, 24], "uv_size": [6, 1]},
								"west": {"uv": [63, 62], "uv_size": [1, 1]},
								"up": {"uv": [20, 24], "uv_size": [6, 1]},
								"down": {"uv": [4, 27], "uv_size": [6, -1]}
							}
						},
						{
							"origin": [0.35567, 11.47556, -3.5],
							"size": [1.09402, 0.75, 1],
							"pivot": [0.35567, 11.28806, -2.5],
							"rotation": [0, 0, 90],
							"uv": {
								"north": {"uv": [16, 64], "uv_size": [1, 1]},
								"south": {"uv": [64, 16], "uv_size": [1, 1]},
								"down": {"uv": [18, 65], "uv_size": [1, -1]}
							}
						}
					]
				},
				{
					"name": "bone",
					"parent": "sight",
					"pivot": [0, 9, -2.75],
					"rotation": [0, 0, -33],
					"cubes": [
						{
							"origin": [-0.5, 8.5, -2.5],
							"size": [1, 1, 0.375],
							"uv": {
								"east": {"uv": [34, 74], "uv_size": [0.5, 1]},
								"south": {"uv": [26, 64], "uv_size": [1, 1]},
								"west": {"uv": [74, 34], "uv_size": [0.5, 1]},
								"up": {"uv": [36, 74], "uv_size": [1, 0.5]},
								"down": {"uv": [74, 36.5], "uv_size": [1, -0.5]}
							}
						},
						{
							"origin": [-0.25, 6.5, -2.5],
							"size": [0.75, 0.75, 0.75],
							"pivot": [0, 7, -2.75],
							"rotation": [0, 0, 45],
							"uv": {
								"east": {"uv": [41, 64], "uv_size": [1, 1]},
								"south": {"uv": [43, 64], "uv_size": [1, 1]},
								"west": {"uv": [45, 64], "uv_size": [1, 1]},
								"up": {"uv": [64, 47], "uv_size": [1, 1]},
								"down": {"uv": [64, 52], "uv_size": [1, -1]}
							}
						},
						{
							"origin": [-0.375, 6.9375, -2.5],
							"size": [0.75, 3.25, 0.25],
							"uv": {
								"east": {"uv": [20, 54], "uv_size": [0.5, 3.5]},
								"south": {"uv": [26, 44], "uv_size": [1, 3.5]},
								"west": {"uv": [29, 54], "uv_size": [0.5, 3.5]},
								"up": {"uv": [38, 74], "uv_size": [1, 0.5]},
								"down": {"uv": [74, 38.5], "uv_size": [1, -0.5]}
							}
						},
						{
							"origin": [-0.875, 10, -2.5],
							"size": [2, 0.4375, 0.25],
							"pivot": [0, 10.21875, -2.375],
							"rotation": [0, 0, -10],
							"uv": {
								"north": {"uv": [53, 64], "uv_size": [2, 0.5]},
								"east": {"uv": [80, 36], "uv_size": [0.5, 0.5]},
								"south": {"uv": [64, 53], "uv_size": [2, 0.5]},
								"west": {"uv": [38, 80], "uv_size": [0.5, 0.5]},
								"up": {"uv": [64, 55], "uv_size": [2, 0.5]},
								"down": {"uv": [56, 64.5], "uv_size": [2, -0.5]}
							}
						},
						{
							"origin": [0.3674, 10.46182, -2.5],
							"size": [0.5, 0.25, 0.25],
							"pivot": [0.7424, 10.49307, -2.375],
							"rotation": [0, 0, -32.5],
							"uv": {
								"north": {"uv": [80, 38], "uv_size": [0.5, 0.5]},
								"south": {"uv": [80, 40], "uv_size": [0.5, 0.5]},
								"west": {"uv": [80, 42], "uv_size": [0.5, 0.5]},
								"up": {"uv": [44, 80], "uv_size": [0.5, 0.5]}
							}
						},
						{
							"origin": [-0.1326, 10.39932, -2.5],
							"size": [0.5, 0.25, 0.25],
							"pivot": [0.2424, 10.43057, -2.375],
							"rotation": [0, 0, -47.5],
							"uv": {
								"north": {"uv": [46, 80], "uv_size": [0.5, 0.5]},
								"south": {"uv": [80, 46], "uv_size": [0.5, 0.5]},
								"west": {"uv": [48, 80], "uv_size": [0.5, 0.5]},
								"up": {"uv": [50, 80], "uv_size": [0.5, 0.5]}
							}
						},
						{
							"origin": [-0.5701, 10.27432, -2.5],
							"size": [0.5, 0.25, 0.25],
							"pivot": [-0.1951, 10.30557, -2.375],
							"rotation": [0, 0, -52.5],
							"uv": {
								"north": {"uv": [52, 80], "uv_size": [0.5, 0.5]},
								"south": {"uv": [54, 80], "uv_size": [0.5, 0.5]},
								"west": {"uv": [80, 54], "uv_size": [0.5, 0.5]},
								"up": {"uv": [80, 56], "uv_size": [0.5, 0.5]}
							}
						},
						{
							"origin": [-0.6326, 10.21182, -2.5],
							"size": [0.25, 0.25, 0.25],
							"pivot": [-0.5076, 10.24307, -2.375],
							"rotation": [0, 0, -65.5],
							"uv": {
								"north": {"uv": [58, 80], "uv_size": [0.5, 0.5]},
								"south": {"uv": [80, 58], "uv_size": [0.5, 0.5]},
								"west": {"uv": [60, 80], "uv_size": [0.5, 0.5]},
								"up": {"uv": [80, 60], "uv_size": [0.5, 0.5]}
							}
						}
					]
				},
				{
					"name": "bolt",
					"parent": "gun",
					"pivot": [0, 7.5, 5.625],
					"rotation": [0, -90, 0]
				},
				{
					"name": "rotate",
					"parent": "bolt",
					"pivot": [0, 7.5, 5.625],
					"cubes": [
						{
							"origin": [-0.20711, 7, 2.875],
							"size": [0.41421, 1, 6.25],
							"pivot": [0, 7.5, 5.625],
							"rotation": [0, 0, 45],
							"uv": {
								"north": {"uv": [51, 68], "uv_size": [0.5, 1]},
								"south": {"uv": [53, 68], "uv_size": [0.5, 1]},
								"up": {"uv": [44, 26], "uv_size": [0.5, 6.5]},
								"down": {"uv": [28, 50.5], "uv_size": [0.5, -6.5]}
							}
						},
						{
							"origin": [-0.20711, 7, 2.875],
							"size": [0.41421, 1, 6.25],
							"uv": {
								"north": {"uv": [55, 68], "uv_size": [0.5, 1]},
								"south": {"uv": [68, 56], "uv_size": [0.5, 1]},
								"up": {"uv": [32, 44], "uv_size": [0.5, 6.5]},
								"down": {"uv": [34, 50.5], "uv_size": [0.5, -6.5]}
							}
						},
						{
							"origin": [-0.5, 7.29289, 2.875],
							"size": [1, 0.41421, 6.25],
							"pivot": [0, 7.5, 5.625],
							"rotation": [0, 0, 45],
							"uv": {
								"north": {"uv": [68, 58], "uv_size": [1, 0.5]},
								"east": {"uv": [44, 41], "uv_size": [6.5, 0.5]},
								"south": {"uv": [68, 62], "uv_size": [1, 0.5]},
								"west": {"uv": [44, 43], "uv_size": [6.5, 0.5]}
							}
						},
						{
							"origin": [-0.5, 7.29289, 2.875],
							"size": [1, 0.41421, 6.25],
							"uv": {
								"north": {"uv": [68, 64], "uv_size": [1, 0.5]},
								"east": {"uv": [45, 0], "uv_size": [6.5, 0.5]},
								"south": {"uv": [69, 0], "uv_size": [1, 0.5]},
								"west": {"uv": [45, 2], "uv_size": [6.5, 0.5]}
							}
						},
						{
							"origin": [-1.86245, 8.37044, 8.625],
							"size": [1.75, 0.1875, 0.3125],
							"pivot": [-1.86245, 8.37044, 8.9375],
							"rotation": [0, 0, 23],
							"uv": {
								"north": {"uv": [61, 52], "uv_size": [2, 0.5]},
								"south": {"uv": [61, 54], "uv_size": [2, 0.5]},
								"west": {"uv": [76, 40], "uv_size": [0.5, 0.5]},
								"up": {"uv": [61, 56], "uv_size": [2, 0.5]},
								"down": {"uv": [61, 58.5], "uv_size": [2, -0.5]}
							}
						},
						{
							"origin": [-1.86245, 8.37044, 8.625],
							"size": [1.75, 0.1875, 0.3125],
							"pivot": [-1.86245, 8.37044, 8.625],
							"rotation": [0, 0, 30],
							"uv": {
								"north": {"uv": [62, 8], "uv_size": [2, 0.5]},
								"south": {"uv": [9, 62], "uv_size": [2, 0.5]},
								"west": {"uv": [76, 42], "uv_size": [0.5, 0.5]},
								"down": {"uv": [62, 10.5], "uv_size": [2, -0.5]}
							}
						},
						{
							"origin": [-2.73745, 8.37044, 8.625],
							"size": [0.875, 0.1875, 0.3125],
							"pivot": [-1.86245, 8.37044, 8.625],
							"rotation": [0, 0, 50],
							"uv": {
								"north": {"uv": [69, 68], "uv_size": [1, 0.5]},
								"south": {"uv": [0, 70], "uv_size": [1, 0.5]},
								"up": {"uv": [2, 70], "uv_size": [1, 0.5]},
								"down": {"uv": [6, 70.5], "uv_size": [1, -0.5]}
							}
						},
						{
							"origin": [-3.03126, 8.97375, 8.625],
							"size": [0.75, 0.1875, 0.3125],
							"pivot": [-2.28126, 9.16125, 8.625],
							"rotation": [0, 0, 25],
							"uv": {
								"north": {"uv": [8, 70], "uv_size": [1, 0.5]},
								"south": {"uv": [10, 70], "uv_size": [1, 0.5]},
								"up": {"uv": [70, 14], "uv_size": [1, 0.5]},
								"down": {"uv": [15, 70.5], "uv_size": [1, -0.5]}
							}
						},
						{
							"origin": [-3.33599, 9.29071, 8.625],
							"size": [0.375, 0.1875, 0.3125],
							"uv": {
								"north": {"uv": [44, 76], "uv_size": [0.5, 0.5]},
								"south": {"uv": [46, 76], "uv_size": [0.5, 0.5]},
								"up": {"uv": [76, 46], "uv_size": [0.5, 0.5]},
								"down": {"uv": [48, 76.5], "uv_size": [0.5, -0.5]}
							}
						},
						{
							"origin": [-3.71099, 9.29071, 8.625],
							"size": [0.375, 0.1875, 1.0625],
							"uv": {
								"north": {"uv": [50, 76], "uv_size": [0.5, 0.5]},
								"east": {"uv": [70, 20], "uv_size": [1, 0.5]},
								"south": {"uv": [52, 76], "uv_size": [0.5, 0.5]},
								"west": {"uv": [70, 22], "uv_size": [1, 0.5]},
								"up": {"uv": [70, 24], "uv_size": [0.5, 1]},
								"down": {"uv": [70, 27], "uv_size": [0.5, -1]}
							}
						},
						{
							"origin": [-4.10831, 9.27609, 8.625],
							"size": [0.4375, 0.1875, 1.0625],
							"pivot": [-3.67081, 9.33859, 8.625],
							"rotation": [0, 0, 35],
							"uv": {
								"north": {"uv": [54, 76], "uv_size": [0.5, 0.5]},
								"east": {"uv": [70, 30], "uv_size": [1, 0.5]},
								"south": {"uv": [76, 54], "uv_size": [0.5, 0.5]},
								"west": {"uv": [32, 70], "uv_size": [1, 0.5]},
								"up": {"uv": [70, 32], "uv_size": [0.5, 1]},
								"down": {"uv": [34, 71], "uv_size": [0.5, -1]}
							}
						},
						{
							"origin": [-4.3221, 9.50469, 8.625],
							"size": [0.3125, 0.1875, 1.0625],
							"pivot": [-4.0096, 9.56719, 8.625],
							"rotation": [0, 0, 62.5],
							"uv": {
								"north": {"uv": [76, 56], "uv_size": [0.5, 0.5]},
								"east": {"uv": [70, 34], "uv_size": [1, 0.5]},
								"south": {"uv": [76, 58], "uv_size": [0.5, 0.5]},
								"west": {"uv": [36, 70], "uv_size": [1, 0.5]},
								"up": {"uv": [70, 36], "uv_size": [0.5, 1]},
								"down": {"uv": [38, 71], "uv_size": [0.5, -1]}
							}
						},
						{
							"origin": [-1.86245, 8.37044, 4.625],
							"size": [1.75, 0.1875, 0.3125],
							"pivot": [-1.86245, 8.37044, 4.625],
							"rotation": [0, 0, 30],
							"uv": {
								"north": {"uv": [25, 62], "uv_size": [2, 0.5]},
								"south": {"uv": [62, 27], "uv_size": [2, 0.5]},
								"west": {"uv": [77, 2], "uv_size": [0.5, 0.5]},
								"up": {"uv": [62, 31], "uv_size": [2, 0.5]},
								"down": {"uv": [62, 33.5], "uv_size": [2, -0.5]}
							}
						},
						{
							"origin": [-1.86245, 8.37044, 4.625],
							"size": [1.75, 0.1875, 0.3125],
							"pivot": [-1.86245, 8.37044, 4.9375],
							"rotation": [0, 0, 23],
							"uv": {
								"north": {"uv": [62, 12], "uv_size": [2, 0.5]},
								"south": {"uv": [15, 62], "uv_size": [2, 0.5]},
								"west": {"uv": [77, 0], "uv_size": [0.5, 0.5]},
								"up": {"uv": [22, 62], "uv_size": [2, 0.5]},
								"down": {"uv": [62, 23.5], "uv_size": [2, -0.5]}
							}
						},
						{
							"origin": [-2.73745, 8.37044, 4.625],
							"size": [0.875, 0.1875, 0.3125],
							"pivot": [-1.86245, 8.37044, 4.625],
							"rotation": [0, 0, 50],
							"uv": {
								"north": {"uv": [64, 70], "uv_size": [1, 0.5]},
								"east": {"uv": [75, 76], "uv_size": [0.5, 0.5]},
								"south": {"uv": [70, 64], "uv_size": [1, 0.5]},
								"up": {"uv": [66, 70], "uv_size": [1, 0.5]},
								"down": {"uv": [68, 70.5], "uv_size": [1, -0.5]}
							}
						},
						{
							"origin": [-3.03126, 8.97375, 4.625],
							"size": [0.75, 0.1875, 0.3125],
							"pivot": [-2.28126, 9.16125, 4.625],
							"rotation": [0, 0, 25],
							"uv": {
								"north": {"uv": [70, 58], "uv_size": [1, 0.5]},
								"east": {"uv": [76, 73], "uv_size": [0.5, 0.5]},
								"south": {"uv": [70, 60], "uv_size": [1, 0.5]},
								"up": {"uv": [62, 70], "uv_size": [1, 0.5]},
								"down": {"uv": [70, 62.5], "uv_size": [1, -0.5]}
							}
						},
						{
							"origin": [-3.71099, 9.29071, 4.625],
							"size": [0.375, 0.1875, 1.0625],
							"uv": {
								"north": {"uv": [71, 76], "uv_size": [0.5, 0.5]},
								"east": {"uv": [53, 70], "uv_size": [1, 0.5]},
								"south": {"uv": [73, 76], "uv_size": [0.5, 0.5]},
								"west": {"uv": [55, 70], "uv_size": [1, 0.5]},
								"up": {"uv": [70, 56], "uv_size": [0.5, 1]},
								"down": {"uv": [57, 71], "uv_size": [0.5, -1]}
							}
						},
						{
							"origin": [-4.10831, 9.27609, 4.625],
							"size": [0.4375, 0.1875, 1.0625],
							"pivot": [-3.67081, 9.33859, 4.625],
							"rotation": [0, 0, 35],
							"uv": {
								"north": {"uv": [76, 68], "uv_size": [0.5, 0.5]},
								"east": {"uv": [47, 70], "uv_size": [1, 0.5]},
								"south": {"uv": [69, 76], "uv_size": [0.5, 0.5]},
								"west": {"uv": [70, 47], "uv_size": [1, 0.5]},
								"up": {"uv": [49, 70], "uv_size": [0.5, 1]},
								"down": {"uv": [51, 71], "uv_size": [0.5, -1]}
							}
						},
						{
							"origin": [-4.3221, 9.50469, 4.625],
							"size": [0.3125, 0.1875, 1.0625],
							"pivot": [-4.0096, 9.56719, 4.625],
							"rotation": [0, 0, 62.5],
							"uv": {
								"north": {"uv": [65, 76], "uv_size": [0.5, 0.5]},
								"east": {"uv": [70, 38], "uv_size": [1, 0.5]},
								"south": {"uv": [67, 76], "uv_size": [0.5, 0.5]},
								"west": {"uv": [40, 70], "uv_size": [1, 0.5]},
								"up": {"uv": [70, 40], "uv_size": [0.5, 1]},
								"down": {"uv": [70, 43], "uv_size": [0.5, -1]}
							}
						},
						{
							"origin": [-3.33599, 9.29071, 4.625],
							"size": [0.375, 0.1875, 0.3125],
							"uv": {
								"north": {"uv": [59, 76], "uv_size": [0.5, 0.5]},
								"south": {"uv": [76, 60], "uv_size": [0.5, 0.5]},
								"west": {"uv": [61, 76], "uv_size": [0.5, 0.5]},
								"up": {"uv": [76, 62], "uv_size": [0.5, 0.5]},
								"down": {"uv": [63, 76.5], "uv_size": [0.5, -0.5]}
							}
						}
					]
				},
				{
					"name": "bolt2",
					"parent": "bolt",
					"pivot": [0, 7.5, 5.625]
				},
				{
					"name": "octagon17",
					"parent": "bolt2",
					"pivot": [-1.125, 9, 5.125],
					"cubes": [
						{
							"origin": [-1.38388, 8.8125, 5.25],
							"size": [0.51777, 0.375, 0.5],
							"pivot": [-1.125, 9, 5.125],
							"rotation": [0, -45, 0],
							"uv": {
								"south": {"uv": [4, 77], "uv_size": [0.5, 0.5]},
								"up": {"uv": [77, 4], "uv_size": [0.5, 0.5]},
								"down": {"uv": [77, 6.5], "uv_size": [0.5, -0.5]}
							}
						},
						{
							"origin": [-1.38388, 8.8125, 5.4375],
							"size": [0.51777, 0.375, 0.3125],
							"uv": {
								"south": {"uv": [77, 8], "uv_size": [0.5, 0.5]},
								"up": {"uv": [77, 10], "uv_size": [0.5, 0.5]},
								"down": {"uv": [12, 77.5], "uv_size": [0.5, -0.5]}
							}
						},
						{
							"origin": [-1, 8.8125, 4.86612],
							"size": [0.5, 0.375, 0.51777],
							"pivot": [-1.125, 9, 5.125],
							"rotation": [0, -45, 0],
							"uv": {
								"west": {"uv": [77, 12], "uv_size": [0.5, 0.5]},
								"up": {"uv": [16, 77], "uv_size": [0.5, 0.5]},
								"down": {"uv": [77, 16.5], "uv_size": [0.5, -0.5]}
							}
						},
						{
							"origin": [-1.75, 8.8125, 3.86612],
							"size": [1.25, 0.375, 1.51777],
							"uv": {
								"north": {"uv": [65, 62], "uv_size": [1.5, 0.5]},
								"east": {"uv": [66, 0], "uv_size": [1.5, 0.5]},
								"west": {"uv": [66, 2], "uv_size": [1.5, 0.5]},
								"up": {"uv": [25, 49], "uv_size": [1.5, 1.5]},
								"down": {"uv": [22, 51.5], "uv_size": [1.5, -1.5]}
							}
						},
						{
							"origin": [-1.5625, 8.6875, 4.74112],
							"size": [0.8125, 0.625, 0.8125],
							"pivot": [-1.125, 9, 5.125],
							"rotation": [0, 45, 0],
							"uv": {
								"north": {"uv": [71, 2], "uv_size": [1, 0.5]},
								"east": {"uv": [4, 71], "uv_size": [1, 0.5]},
								"south": {"uv": [71, 4], "uv_size": [1, 0.5]},
								"west": {"uv": [71, 6], "uv_size": [1, 0.5]},
								"up": {"uv": [53, 62], "uv_size": [1, 1]},
								"down": {"uv": [55, 63], "uv_size": [1, -1]}
							}
						},
						{
							"origin": [-1.5625, 8.6875, 8.74112],
							"size": [0.8125, 0.625, 0.8125],
							"pivot": [-1.125, 9, 9.125],
							"rotation": [0, 45, 0],
							"uv": {
								"north": {"uv": [71, 8], "uv_size": [1, 0.5]},
								"east": {"uv": [71, 10], "uv_size": [1, 0.5]},
								"south": {"uv": [12, 71], "uv_size": [1, 0.5]},
								"west": {"uv": [71, 12], "uv_size": [1, 0.5]},
								"up": {"uv": [57, 62], "uv_size": [1, 1]},
								"down": {"uv": [59, 63], "uv_size": [1, -1]}
							}
						},
						{
							"origin": [-1.38388, 8.8125, 9.25],
							"size": [0.51777, 0.375, 0.5],
							"pivot": [-1.125, 9, 9.125],
							"rotation": [0, -45, 0],
							"uv": {
								"south": {"uv": [28, 77], "uv_size": [0.5, 0.5]},
								"up": {"uv": [77, 28], "uv_size": [0.5, 0.5]},
								"down": {"uv": [40, 77.5], "uv_size": [0.5, -0.5]}
							}
						},
						{
							"origin": [-1.38388, 8.8125, 9.4375],
							"size": [0.51777, 0.375, 0.3125],
							"uv": {
								"south": {"uv": [22, 77], "uv_size": [0.5, 0.5]},
								"up": {"uv": [24, 77], "uv_size": [0.5, 0.5]},
								"down": {"uv": [26, 77.5], "uv_size": [0.5, -0.5]}
							}
						},
						{
							"origin": [-1, 8.8125, 8.86612],
							"size": [0.5, 0.375, 0.51777],
							"pivot": [-1.125, 9, 9.125],
							"rotation": [0, -45, 0],
							"uv": {
								"west": {"uv": [18, 77], "uv_size": [0.5, 0.5]},
								"up": {"uv": [77, 18], "uv_size": [0.5, 0.5]},
								"down": {"uv": [20, 77.5], "uv_size": [0.5, -0.5]}
							}
						},
						{
							"origin": [-1.75, 8.8125, 7.86612],
							"size": [1.25, 0.375, 1.51777],
							"uv": {
								"north": {"uv": [66, 4], "uv_size": [1.5, 0.5]},
								"east": {"uv": [66, 6], "uv_size": [1.5, 0.5]},
								"west": {"uv": [8, 66], "uv_size": [1.5, 0.5]},
								"up": {"uv": [36, 50], "uv_size": [1.5, 1.5]},
								"down": {"uv": [41, 51.5], "uv_size": [1.5, -1.5]}
							}
						}
					]
				},
				{
					"name": "mount",
					"parent": "gun",
					"pivot": [0, 7.60938, 6.21875],
					"cubes": [
						{
							"origin": [-0.375, 10.12814, 7.71876],
							"size": [0.75, 0.24062, 4.75],
							"pivot": [0, 10.31095, 10.09376],
							"rotation": [0, -90, 0],
							"uv": {
								"north": {"uv": [72, 34], "uv_size": [1, 0.5]},
								"east": {"uv": [50, 22], "uv_size": [4.5, 0.5]},
								"south": {"uv": [35, 72], "uv_size": [1, 0.5]},
								"west": {"uv": [44, 50], "uv_size": [4.5, 0.5]},
								"up": {"uv": [20, 33], "uv_size": [1, 4.5]},
								"down": {"uv": [22, 37.5], "uv_size": [1, -4.5]}
							}
						}
					]
				},
				{
					"name": "body_rail2",
					"parent": "mount",
					"pivot": [-0.00002, 10.75287, 10.5901],
					"cubes": [
						{
							"origin": [-0.375, 10.37814, 7.96876],
							"size": [0.75, 0.36562, 4.25],
							"uv": {
								"north": {"uv": [72, 24], "uv_size": [1, 0.5]},
								"east": {"uv": [53, 12], "uv_size": [4, 0.5]},
								"south": {"uv": [72, 26], "uv_size": [1, 0.5]},
								"west": {"uv": [53, 14], "uv_size": [4, 0.5]},
								"down": {"uv": [36, 43], "uv_size": [1, -4]}
							}
						},
						{
							"origin": [-2.24386, 10.22688, 10.96875],
							"size": [0.177, 0.177, 0.25],
							"pivot": [-0.37328, 7.47508, 5.875],
							"rotation": [0, 0, 45],
							"uv": {
								"north": {"uv": [78, 46], "uv_size": [0.5, 0.5]},
								"south": {"uv": [48, 78], "uv_size": [0.5, 0.5]},
								"up": {"uv": [50, 78], "uv_size": [0.5, 0.5]}
							}
						},
						{
							"origin": [-2.77419, 9.69656, 10.96875],
							"size": [0.177, 0.177, 0.25],
							"pivot": [-0.37328, 7.47508, 5.875],
							"rotation": [0, 0, 45],
							"uv": {
								"north": {"uv": [52, 78], "uv_size": [0.5, 0.5]},
								"east": {"uv": [54, 78], "uv_size": [0.5, 0.5]},
								"south": {"uv": [78, 54], "uv_size": [0.5, 0.5]}
							}
						},
						{
							"origin": [-0.375, 10.74376, 10.96876],
							"size": [0.75, 0.125, 0.25],
							"uv": {
								"north": {"uv": [59, 71], "uv_size": [1, 0.5]},
								"south": {"uv": [71, 66], "uv_size": [1, 0.5]},
								"up": {"uv": [71, 68], "uv_size": [1, 0.5]}
							}
						},
						{
							"origin": [-2.24386, 10.22688, 9.46875],
							"size": [0.177, 0.177, 1.25],
							"pivot": [-0.37328, 7.47508, 5.875],
							"rotation": [0, 0, 45],
							"uv": {
								"north": {"uv": [78, 56], "uv_size": [0.5, 0.5]},
								"south": {"uv": [58, 78], "uv_size": [0.5, 0.5]},
								"up": {"uv": [14, 66], "uv_size": [0.5, 1.5]}
							}
						},
						{
							"origin": [-2.77419, 9.69656, 9.46875],
							"size": [0.177, 0.177, 1.25],
							"pivot": [-0.37328, 7.47508, 5.875],
							"rotation": [0, 0, 45],
							"uv": {
								"north": {"uv": [78, 58], "uv_size": [0.5, 0.5]},
								"east": {"uv": [16, 66], "uv_size": [1.5, 0.5]},
								"south": {"uv": [60, 78], "uv_size": [0.5, 0.5]}
							}
						},
						{
							"origin": [-0.375, 10.74376, 9.46876],
							"size": [0.75, 0.125, 1.25],
							"uv": {
								"north": {"uv": [0, 72], "uv_size": [1, 0.5]},
								"south": {"uv": [2, 72], "uv_size": [1, 0.5]},
								"up": {"uv": [43, 56], "uv_size": [1, 1.5]}
							}
						},
						{
							"origin": [-2.24386, 10.22688, 8.96875],
							"size": [0.177, 0.177, 0.25],
							"pivot": [-0.37328, 7.47508, 5.875],
							"rotation": [0, 0, 45],
							"uv": {
								"north": {"uv": [78, 60], "uv_size": [0.5, 0.5]},
								"south": {"uv": [62, 78], "uv_size": [0.5, 0.5]},
								"up": {"uv": [78, 62], "uv_size": [0.5, 0.5]}
							}
						},
						{
							"origin": [-2.77419, 9.69656, 8.96875],
							"size": [0.177, 0.177, 0.25],
							"pivot": [-0.37328, 7.47508, 5.875],
							"rotation": [0, 0, 45],
							"uv": {
								"north": {"uv": [64, 78], "uv_size": [0.5, 0.5]},
								"east": {"uv": [66, 78], "uv_size": [0.5, 0.5]},
								"south": {"uv": [68, 78], "uv_size": [0.5, 0.5]}
							}
						},
						{
							"origin": [-0.375, 10.74376, 8.96876],
							"size": [0.75, 0.125, 0.25],
							"uv": {
								"north": {"uv": [6, 72], "uv_size": [1, 0.5]},
								"south": {"uv": [8, 72], "uv_size": [1, 0.5]},
								"up": {"uv": [10, 72], "uv_size": [1, 0.5]}
							}
						},
						{
							"origin": [-2.24386, 10.22688, 7.96875],
							"size": [0.177, 0.177, 0.75],
							"pivot": [-0.37328, 7.47508, 5.875],
							"rotation": [0, 0, 45],
							"uv": {
								"north": {"uv": [78, 68], "uv_size": [0.5, 0.5]},
								"south": {"uv": [70, 78], "uv_size": [0.5, 0.5]},
								"up": {"uv": [14, 72], "uv_size": [0.5, 1]}
							}
						},
						{
							"origin": [-2.77419, 9.69656, 7.96875],
							"size": [0.177, 0.177, 0.75],
							"pivot": [-0.37328, 7.47508, 5.875],
							"rotation": [0, 0, 45],
							"uv": {
								"north": {"uv": [72, 78], "uv_size": [0.5, 0.5]},
								"east": {"uv": [72, 14], "uv_size": [1, 0.5]},
								"south": {"uv": [78, 72], "uv_size": [0.5, 0.5]}
							}
						},
						{
							"origin": [-0.375, 10.74376, 7.96876],
							"size": [0.75, 0.125, 0.75],
							"uv": {
								"north": {"uv": [72, 20], "uv_size": [1, 0.5]},
								"south": {"uv": [72, 22], "uv_size": [1, 0.5]},
								"up": {"uv": [0, 63], "uv_size": [1, 1]}
							}
						},
						{
							"origin": [-2.77419, 9.69656, 11.46875],
							"size": [0.177, 0.177, 0.75],
							"pivot": [-0.37328, 7.47508, 11.375],
							"rotation": [0, 0, 45],
							"uv": {
								"north": {"uv": [79, 2], "uv_size": [0.5, 0.5]},
								"east": {"uv": [33, 72], "uv_size": [1, 0.5]},
								"south": {"uv": [4, 79], "uv_size": [0.5, 0.5]}
							}
						},
						{
							"origin": [-0.375, 10.74376, 11.46876],
							"size": [0.75, 0.125, 0.75],
							"uv": {
								"north": {"uv": [31, 72], "uv_size": [1, 0.5]},
								"south": {"uv": [72, 32], "uv_size": [1, 0.5]},
								"up": {"uv": [2, 63], "uv_size": [1, 1]}
							}
						},
						{
							"origin": [-2.24386, 10.22688, 11.46875],
							"size": [0.177, 0.177, 0.75],
							"pivot": [-0.37328, 7.47508, 11.375],
							"rotation": [0, 0, 45],
							"uv": {
								"north": {"uv": [74, 78], "uv_size": [0.5, 0.5]},
								"south": {"uv": [79, 0], "uv_size": [0.5, 0.5]},
								"up": {"uv": [72, 30], "uv_size": [0.5, 1]}
							}
						},
						{
							"origin": [-2.06786, 10.22688, 7.96875],
							"size": [0.001, 0.177, 4.25],
							"pivot": [-0.37328, 7.47508, 5.875],
							"rotation": [0, 0, 45],
							"uv": {
								"west": {"uv": [53, 8], "uv_size": [4, 0.5]},
								"up": {"uv": [11, 22], "uv_size": [0, 4]}
							}
						},
						{
							"origin": [-0.5, 10.74375, 7.98438],
							"size": [1, 0.001, 4.23437],
							"uv": {
								"north": {"uv": [20, 23], "uv_size": [1, 0]},
								"east": {"uv": [43, 19], "uv_size": [4, 0]},
								"south": {"uv": [32, 20], "uv_size": [1, 0]},
								"west": {"uv": [79, 78], "uv_size": [4, 0]},
								"up": {"uv": [39, 34], "uv_size": [1, 4]}
							}
						},
						{
							"origin": [1.84718, 9.69896, 7.96875],
							"size": [0.001, 0.177, 4.25],
							"pivot": [-0.37328, 7.47508, 5.875],
							"rotation": [0, 0, -45],
							"uv": {
								"north": {"uv": [17, 27], "uv_size": [0, 0.5]},
								"east": {"uv": [53, 10], "uv_size": [4, 0.5]},
								"south": {"uv": [27, 24], "uv_size": [0, 0.5]},
								"up": {"uv": [62, 80], "uv_size": [0, 4]},
								"down": {"uv": [63, 84], "uv_size": [0, -4]}
							}
						}
					]
				},
				{
					"name": "attachment_adapter",
					"parent": "gun",
					"pivot": [2, 0, -1]
				},
				{
					"name": "ar_stock_adapter",
					"parent": "attachment_adapter",
					"pivot": [0, -18.9375, 2],
					"cubes": [
						{
							"origin": [1.5, 8.8125, 11.75],
							"size": [0.75, 0.75, 0.25],
							"pivot": [1.75, 9.0625, 12],
							"rotation": [0, 0, 45],
							"uv": {
								"north": {"uv": [12, 63], "uv_size": [1, 1]},
								"east": {"uv": [69, 72], "uv_size": [0.5, 1]},
								"south": {"uv": [63, 14], "uv_size": [1, 1]},
								"west": {"uv": [72, 70], "uv_size": [0.5, 1]},
								"up": {"uv": [71, 72], "uv_size": [1, 0.5]},
								"down": {"uv": [73, 0.5], "uv_size": [1, -0.5]}
							}
						},
						{
							"origin": [-2.5, 8.3125, 11.5],
							"size": [5, 1.5, 0.25],
							"uv": {
								"north": {"uv": [12, 6], "uv_size": [5, 1.5]},
								"east": {"uv": [43, 66], "uv_size": [0.5, 1.5]},
								"south": {"uv": [12, 9], "uv_size": [5, 1.5]},
								"west": {"uv": [45, 66], "uv_size": [0.5, 1.5]},
								"up": {"uv": [49, 30], "uv_size": [5, 0.5]},
								"down": {"uv": [50, 20.5], "uv_size": [5, -0.5]}
							}
						},
						{
							"origin": [-2.25, 8.8125, 11.75],
							"size": [0.75, 0.75, 0.25],
							"pivot": [-1.75, 9.0625, 12],
							"rotation": [0, 0, -45],
							"uv": {
								"north": {"uv": [63, 20], "uv_size": [1, 1]},
								"east": {"uv": [73, 2], "uv_size": [0.5, 1]},
								"south": {"uv": [63, 25], "uv_size": [1, 1]},
								"west": {"uv": [4, 73], "uv_size": [0.5, 1]},
								"up": {"uv": [73, 4], "uv_size": [1, 0.5]},
								"down": {"uv": [73, 6.5], "uv_size": [1, -0.5]}
							}
						}
					]
				},
				{
					"name": "tube",
					"parent": "ar_stock_adapter",
					"pivot": [-0.01863, 9.54621, 0.70916],
					"cubes": [
						{
							"origin": [-1.85216, 7.79665, 11.75],
							"size": [0.77666, 1.875, 1.5],
							"pivot": [-0.37328, 7.1157, 2.64062],
							"rotation": [0, 0, 45],
							"uv": {
								"north": {"uv": [39, 52], "uv_size": [1, 2]},
								"south": {"uv": [10, 53], "uv_size": [1, 2]},
								"up": {"uv": [47, 56], "uv_size": [1, 1.5]},
								"down": {"uv": [49, 57.5], "uv_size": [1, -1.5]}
							}
						},
						{
							"origin": [-0.38833, 8.09375, 11.75],
							"size": [0.77666, 1.875, 1.5],
							"uv": {
								"north": {"uv": [18, 53], "uv_size": [1, 2]},
								"east": {"uv": [46, 27], "uv_size": [1.5, 2]},
								"south": {"uv": [22, 53], "uv_size": [1, 2]},
								"west": {"uv": [46, 30], "uv_size": [1.5, 2]},
								"up": {"uv": [51, 56], "uv_size": [1, 1.5]},
								"down": {"uv": [56, 56.5], "uv_size": [1, -1.5]}
							}
						},
						{
							"origin": [-2.40133, 8.34582, 11.75],
							"size": [1.875, 0.77666, 1.5],
							"pivot": [-0.37328, 7.1157, 2.64062],
							"rotation": [0, 0, 45],
							"uv": {
								"north": {"uv": [53, 24], "uv_size": [2, 1]},
								"east": {"uv": [56, 2], "uv_size": [1.5, 1]},
								"south": {"uv": [53, 26], "uv_size": [2, 1]},
								"west": {"uv": [56, 28], "uv_size": [1.5, 1]}
							}
						},
						{
							"origin": [-0.9375, 8.64292, 11.75],
							"size": [1.875, 0.77666, 1.5],
							"uv": {
								"north": {"uv": [53, 28], "uv_size": [2, 1]},
								"east": {"uv": [56, 49], "uv_size": [1.5, 1]},
								"south": {"uv": [35, 53], "uv_size": [2, 1]},
								"west": {"uv": [0, 57], "uv_size": [1.5, 1]},
								"up": {"uv": [22, 47], "uv_size": [2, 1.5]},
								"down": {"uv": [36, 48.5], "uv_size": [2, -1.5]}
							}
						},
						{
							"origin": [-1.7486, 8.04665, 13.25],
							"size": [0.56954, 1.375, 7.9375],
							"pivot": [-0.37328, 7.1157, 2.89062],
							"rotation": [0, 0, 45],
							"uv": {
								"south": {"uv": [23, 66], "uv_size": [0.5, 1.5]},
								"up": {"uv": [2, 40], "uv_size": [0.5, 8]},
								"down": {"uv": [40, 47], "uv_size": [0.5, -8]}
							}
						},
						{
							"origin": [-0.28477, 8.34375, 13.25],
							"size": [0.56954, 1.375, 7.9375],
							"uv": {
								"south": {"uv": [25, 66], "uv_size": [0.5, 1.5]},
								"up": {"uv": [18, 41], "uv_size": [0.5, 8]},
								"down": {"uv": [20, 50], "uv_size": [0.5, -8]}
							}
						},
						{
							"origin": [-0.28477, 7.90625, 15.25],
							"size": [0.56954, 0.4375, 5.9375],
							"uv": {
								"east": {"uv": [45, 37], "uv_size": [6, 0.5]},
								"south": {"uv": [79, 76], "uv_size": [0.5, 0.5]},
								"west": {"uv": [47, 39], "uv_size": [6, 0.5]},
								"down": {"uv": [0, 51], "uv_size": [0.5, -6]}
							}
						},
						{
							"origin": [-0.28477, 16.4141, 10.38352],
							"size": [0.56954, 0.5, 0.6875],
							"pivot": [-0.37328, 7.1157, 2.89062],
							"rotation": [-45, 0, 0],
							"uv": {
								"east": {"uv": [78, 79], "uv_size": [0.5, 0.5]},
								"west": {"uv": [0, 80], "uv_size": [0.5, 0.5]},
								"down": {"uv": [2, 80.5], "uv_size": [0.5, -0.5]}
							}
						},
						{
							"origin": [-2.15133, 8.44938, 13.25],
							"size": [1.375, 0.56954, 7.9375],
							"pivot": [-0.37328, 7.1157, 2.89062],
							"rotation": [0, 0, 45],
							"uv": {
								"east": {"uv": [40, 6], "uv_size": [8, 0.5]},
								"south": {"uv": [66, 29], "uv_size": [1.5, 0.5]},
								"west": {"uv": [40, 8], "uv_size": [8, 0.5]}
							}
						},
						{
							"origin": [-0.6875, 8.74648, 13.25],
							"size": [1.375, 0.56954, 7.9375],
							"uv": {
								"east": {"uv": [41, 20], "uv_size": [8, 0.5]},
								"south": {"uv": [40, 66], "uv_size": [1.5, 0.5]},
								"west": {"uv": [41, 22], "uv_size": [8, 0.5]}
							}
						}
					]
				},
				{
					"name": "positioning2",
					"parent": "gun",
					"pivot": [0, 0, 0]
				},
				{
					"name": "stock_pos",
					"parent": "positioning2",
					"pivot": [0, 9.025, 15.175]
				},
				{
					"name": "scope_pos",
					"parent": "positioning2",
					"pivot": [0, 10.8875, 11.7125]
				},
				{
					"name": "grip_pos",
					"parent": "positioning2",
					"pivot": [0, 7.5125, -7.2375]
				},
				{
					"name": "muzzle_pos",
					"parent": "positioning2",
					"pivot": [2, 9, -13.2875],
					"rotation": [0, 0, -90]
				},
				{
					"name": "muzzle_flash",
					"parent": "positioning2",
					"pivot": [0, 9, -13.5625]
				},
				{
					"name": "shell",
					"parent": "positioning2",
					"pivot": [-1.8875, 8.1, 0.475],
					"rotation": [0, 0, -110]
				},
				{
					"name": "right_hand",
					"parent": "right_gun",
					"pivot": [6, 18, 7]
				},
				{
					"name": "righthand_pos",
					"parent": "right_hand",
					"pivot": [0, 7, 7],
					"cubes": [
						{
							"origin": [4, 7, 5],
							"size": [3, 12, 4],
							"uv": {
								"north": {"uv": [5, 13], "uv_size": [3, 12]},
								"east": {"uv": [0, 0], "uv_size": [4, 12]},
								"south": {"uv": [9, 13], "uv_size": [3, 12]},
								"west": {"uv": [5, 0], "uv_size": [4, 12]},
								"up": {"uv": [25, 0], "uv_size": [3, 4]},
								"down": {"uv": [25, 9], "uv_size": [3, -4]}
							}
						}
					]
				},
				{
					"name": "left_mag",
					"parent": "root",
					"pivot": [0, -3, -1]
				},
				{
					"name": "mag",
					"parent": "left_mag",
					"pivot": [0, 10, 0]
				},
				{
					"name": "mag1",
					"parent": "mag",
					"pivot": [2, 10.5, 0.4375],
					"cubes": [
						{
							"origin": [1.3125, 9.5, -0.4375],
							"size": [1.375, 10, 1.75],
							"uv": {
								"north": {"uv": [0, 11], "uv_size": [1.5, 10]},
								"east": {"uv": [0, 0], "uv_size": [2, 10]},
								"south": {"uv": [3, 11], "uv_size": [1.5, 10]},
								"west": {"uv": [3, 0], "uv_size": [2, 10]}
							}
						},
						{
							"origin": [1.25, 19.3125, -0.5],
							"size": [1.5, 0.25, 1.875],
							"uv": {
								"north": {"uv": [66, 46], "uv_size": [1.5, 0.5]},
								"east": {"uv": [28, 63], "uv_size": [2, 0.5]},
								"south": {"uv": [66, 51], "uv_size": [1.5, 0.5]},
								"west": {"uv": [63, 29], "uv_size": [2, 0.5]},
								"up": {"uv": [47, 45], "uv_size": [1.5, 2]},
								"down": {"uv": [10, 50], "uv_size": [1.5, -2]}
							}
						}
					]
				},
				{
					"name": "mag2",
					"parent": "mag",
					"pivot": [-2, 10.5, 0.4375],
					"cubes": [
						{
							"origin": [-2.6875, 9.5, -0.4375],
							"size": [1.375, 10, 1.75],
							"uv": {
								"north": {"uv": [6, 11], "uv_size": [1.5, 10]},
								"east": {"uv": [6, 0], "uv_size": [2, 10]},
								"south": {"uv": [9, 11], "uv_size": [1.5, 10]},
								"west": {"uv": [9, 0], "uv_size": [2, 10]}
							}
						},
						{
							"origin": [-2.75, 19.3125, -0.5],
							"size": [1.5, 0.25, 1.875],
							"uv": {
								"north": {"uv": [52, 66], "uv_size": [1.5, 0.5]},
								"east": {"uv": [31, 63], "uv_size": [2, 0.5]},
								"south": {"uv": [55, 66], "uv_size": [1.5, 0.5]},
								"west": {"uv": [34, 63], "uv_size": [2, 0.5]},
								"up": {"uv": [13, 48], "uv_size": [1.5, 2]},
								"down": {"uv": [48, 16], "uv_size": [1.5, -2]}
							}
						}
					]
				},
				{
					"name": "left_hand",
					"parent": "mag2",
					"pivot": [-6, 18, 7]
				},
				{
					"name": "lefthand_pos",
					"parent": "left_hand",
					"pivot": [0, 7, 7],
					"cubes": [
						{
							"origin": [-7, 7, 5],
							"size": [3, 12, 4],
							"uv": {
								"north": {"uv": [13, 13], "uv_size": [3, 12]},
								"east": {"uv": [10, 0], "uv_size": [4, 12]},
								"south": {"uv": [15, 0], "uv_size": [3, 12]},
								"west": {"uv": [0, 13], "uv_size": [4, 12]},
								"up": {"uv": [0, 26], "uv_size": [3, 4]},
								"down": {"uv": [4, 30], "uv_size": [3, -4]}
							}
						}
					]
				},
				{
					"name": "positioning",
					"pivot": [0, 0, 0]
				},
				{
					"name": "ground",
					"parent": "positioning",
					"pivot": [0, 0, 0]
				},
				{
					"name": "thirdperson_hand",
					"parent": "positioning",
					"pivot": [0, 6, 7]
				},
				{
					"name": "fixed",
					"parent": "positioning",
					"pivot": [0, 9, 0],
					"rotation": [0, 90, 0]
				},
				{
					"name": "view",
					"pivot": [0, 0, 0]
				},
				{
					"name": "idle_view",
					"parent": "view",
					"pivot": [4.1875, 14, 11],
					"rotation": [0, 0, -5]
				},
				{
					"name": "iron_view",
					"parent": "view",
					"pivot": [0, 10.875, 12]
				},
				{
					"name": "iron_view1",
					"parent": "view",
					"pivot": [5, 13, 7],
					"rotation": [0, 0, -12.5]
				},
				{
					"name": "refit_view",
					"parent": "view",
					"pivot": [22, 10, 1],
					"rotation": [0, 90, 0]
				},
				{
					"name": "refit_grip_view",
					"parent": "view",
					"pivot": [7.8, 4.4, -4],
					"rotation": [-15, 67.5, 0]
				},
				{
					"name": "refit_extended_mag_view",
					"parent": "view",
					"pivot": [11, 18, 5],
					"rotation": [0, 65, -10]
				},
				{
					"name": "refit_scope_view",
					"parent": "view",
					"pivot": [-4, 14.125, 18.3],
					"rotation": [15.93089, -27.1248, -2.97759]
				},
				{
					"name": "refit_stock_view",
					"parent": "view",
					"pivot": [12, 13, 16],
					"rotation": [12.5, 77.5, 0]
				},
				{
					"name": "refit_muzzle_view",
					"parent": "view",
					"pivot": [9, 12, -17.5],
					"rotation": [-165, 60, 180]
				},
				{
					"name": "camera",
					"pivot": [0, 0, 0]
				}
			]
		}
	]
}