{
  "ammo": "immersive_armorer:burst_capacitor",
  "ammo_amount": 8,
  "extended_mag_ammo_amount": [
    10,
    12,
    15
  ],
  "bolt": "open_bolt",
  "rpm": 300,
  "bullet": {
    "life": 1,
    "bullet_amount": 1,
    "damage": 8,
    "tracer_count_interval": 0,
    "extra_damage": {
      "armor_ignore": 0.2,
      "head_shot_multiplier": 1.5,
      "damage_adjust": [
        {"distance": 10, "damage": 8},
        {"distance": 20, "damage": 7},
        {"distance": 30, "damage": 6.5},
        {"distance": "infinite", "damage": 5}
      ]
    },
    "speed": 200,
    "gravity": 0.0245,
    "knockback": 0,
    "friction": 0.01,
    "ignite": false,
    "pierce": 2
  },
  "reload": {
    "type": "magazine",
    "feed": {
      "empty": 1.67,
      "tactical": 1.67
    },
    "cooldown": {
      "empty": 2.5,
      "tactical": 2.5
    }
  },
  "draw_time": 0.3,
  "put_away_time": 0.43,
  "aim_time": 0.15,
  "sprint_time": 0.2,
  "fire_mode": [
    "semi"
  ],
  "recoil": {
    "pitch": [
      {"time": 0, "value": [0.2, 0.2]},
      {"time": 0.25, "value": [0.2, 0.2]},
      {"time": 0.4, "value": [-0.025, -0.025]},
      {"time": 0.5, "value": [0, 0]}
    ],
    "yaw": [
      {"time": 0, "value": [-0.25, 0.25]},
      {"time": 0.3, "value": [-0.25, 0.25]},
      {"time": 0.5, "value": [0, 0]}
    ]
  },
  "inaccuracy": {
    "stand": 4,
    "move": 5,
    "sneak": 2.5,
    "lie": 1,
    "aim": 0.1
  },
  "allow_attachment_types": [
    "scope",
    "extended_mag"
  ]
}