{
  "ammo": "immersive_armorer:stream_capacitor",
  "ammo_amount": 18,
  "extended_mag_ammo_amount": [
    25,
    35,
    45
  ],
  "bolt": "open_bolt",
  "rpm": 840,
  "bullet": {
    "life": 1,
    "bullet_amount": 1,
    "damage": 6.5,
    "tracer_count_interval": 0,
    "extra_damage": {
      "armor_ignore": 0.2,
      "head_shot_multiplier": 1.5,
      "damage_adjust": [
        {"distance": 20, "damage": 6.5},
        {"distance": 40, "damage": 6},
        {"distance": "infinite", "damage": 5}
      ]
    },
    "speed": 240,
    "gravity": 0.0245,
    "knockback": 0,
    "friction": 0.01,
    "ignite": false,
    "pierce": 1
  },
  "reload": {
    "type": "magazine",
    "feed": {
      "empty": 1.75,
      "tactical": 1.75
    },
    "cooldown": {
      "empty": 2.29,
      "tactical": 2.29
    }
  },
  "draw_time": 0.3,
  "put_away_time": 0.43,
  "aim_time": 0.15,
  "sprint_time": 0.2,
  "fire_mode": [
    "auto",
    "semi"
  ],
  "recoil": {
    "pitch": [
      {"time": 0, "value": [0.25, 0.25]},
      {"time": 0.25, "value": [0.25, 0.25]},
      {"time": 0.4, "value": [-0.03, -0.03]},
      {"time": 0.5, "value": [0, 0]}
    ],
    "yaw": [
      {"time": 0, "value": [-0.2, 0.2]},
      {"time": 0.3, "value": [-0.2, 0.2]},
      {"time": 0.5, "value": [0, 0]}
    ]
  },
  "inaccuracy": {
    "stand": 2,
    "move": 2.5,
    "sneak": 1.5,
    "lie": 0.75,
    "aim": 0.1
  },
  "melee": {
    "distance": 1,
    "cooldown": 0.4,
    "default": {
      "animation_type": "melee_stock",
      "distance": 1,
      "range_angle": 45,
      "damage": 4,
      "knockback": 0.5,
      "prep": 0.1
    }
  },
  "allow_attachment_types": [
    "stock",
    "grip",
    "scope",
    "extended_mag"
  ]
}