{
	"format_version": "1.12.0",
	"minecraft:geometry": [
		{
			"description": {
				"identifier": "geometry.unknown",
				"texture_width": 256,
				"texture_height": 256,
				"visible_bounds_width": 2,
				"visible_bounds_height": 1.5,
				"visible_bounds_offset": [0, 0.25, 0]
			},
			"bones": [
				{
					"name": "scope",
					"pivot": [-3.25, -6.06641, 5.83203]
				},
				{
					"name": "ocular",
					"parent": "scope",
					"pivot": [-0.0026, 1.8871, -3.15367],
					"cubes": [
						{
							"origin": [-0.53853, 1.27559, -3.15367],
							"size": [1.07187, 1.47488, 0],
							"inflate": 0.0002,
							"uv": {
								"south": {"uv": [37.125, 104.1875], "uv_size": [0.5, 1.1875]}
							}
						},
						{
							"origin": [0.51483, 1.47864, -3.15367],
							"size": [0.28671, 1.03738, 0],
							"inflate": 0.0002,
							"pivot": [-0.0026, 1.99204, -3.15367],
							"rotation": [0, 0, -2.5],
							"uv": {
								"south": {"uv": [37.125, 104.1875], "uv_size": [0.5, 1.1875]}
							}
						},
						{
							"origin": [0.75364, 1.75336, -3.15367],
							"size": [0.16933, 0.31542, 0],
							"inflate": 0.0002,
							"pivot": [-0.0026, 1.99204, -3.15367],
							"rotation": [0, 0, -50],
							"uv": {
								"south": {"uv": [37.125, 104.1875], "uv_size": [0.5, 1.1875]}
							}
						},
						{
							"origin": [0.68193, 1.84116, -3.15367],
							"size": [0.25526, 0.31542, 0],
							"inflate": 0.0002,
							"pivot": [-0.0026, 1.99204, -3.15367],
							"rotation": [0, 0, 40],
							"uv": {
								"south": {"uv": [37.125, 104.1875], "uv_size": [0.5, 1.1875]}
							}
						},
						{
							"origin": [0.46189, 2.29938, -3.15367],
							"size": [0.25526, 0.31542, 0],
							"inflate": 0.0002,
							"pivot": [-0.0026, 1.99204, -3.15367],
							"rotation": [0, 0, 90],
							"uv": {
								"south": {"uv": [37.125, 104.1875], "uv_size": [0.5, 1.1875]}
							}
						},
						{
							"origin": [-0.94239, 1.84116, -3.15367],
							"size": [0.25526, 0.31542, 0],
							"inflate": 0.0002,
							"pivot": [-0.0026, 1.99204, -3.15367],
							"rotation": [0, 0, -40],
							"uv": {
								"south": {"uv": [37.625, 104.1875], "uv_size": [-0.5, 1.1875]}
							}
						},
						{
							"origin": [-0.72235, 2.29938, -3.15367],
							"size": [0.25526, 0.31542, 0],
							"inflate": 0.0002,
							"pivot": [-0.0026, 1.99204, -3.15367],
							"rotation": [0, 0, -90],
							"uv": {
								"south": {"uv": [37.625, 104.1875], "uv_size": [-0.5, 1.1875]}
							}
						},
						{
							"origin": [-0.80673, 1.47864, -3.15367],
							"size": [0.28671, 1.03738, 0],
							"inflate": 0.0002,
							"pivot": [-0.0026, 1.99204, -3.15367],
							"rotation": [0, 0, 2.5],
							"uv": {
								"south": {"uv": [37.625, 104.1875], "uv_size": [-0.5, 1.1875]}
							}
						},
						{
							"origin": [-0.92816, 1.75336, -3.15367],
							"size": [0.16933, 0.31542, 0],
							"inflate": 0.0002,
							"pivot": [-0.0026, 1.99204, -3.15367],
							"rotation": [0, 0, 50],
							"uv": {
								"south": {"uv": [37.625, 104.1875], "uv_size": [-0.5, 1.1875]}
							}
						}
					]
				},
				{
					"name": "scope_body",
					"parent": "scope",
					"pivot": [0.0168, 0.93922, -1.92196],
					"cubes": [
						{
							"origin": [-3.49199, 0.00006, -4.24581],
							"size": [3.47812, 0.79133, 1.48924],
							"inflate": 0.0002,
							"pivot": [0.00488, 1.4926, -3.50119],
							"rotation": [0, 90, 0],
							"uv": {
								"north": {"uv": [58, 80], "uv_size": [8, 2]},
								"east": {"uv": [122, 123], "uv_size": [3.5, 2]},
								"south": {"uv": [102, 38], "uv_size": [8, 2]},
								"west": {"uv": [10, 124], "uv_size": [3.5, 2]},
								"up": {"uv": [78, 75], "uv_size": [8, 3.5]},
								"down": {"uv": [79, 17.5], "uv_size": [8, -3.5]}
							}
						},
						{
							"origin": [-0.34691, -0.1265, -2.49945],
							"size": [1.4953, 0.52414, 2.02361],
							"inflate": 0.0002,
							"pivot": [0.44057, 0.09579, -1.05898],
							"rotation": [0, 90, 0],
							"uv": {
								"north": {"uv": [135, 127], "uv_size": [3.5, 1]},
								"east": {"uv": [88, 74], "uv_size": [4.5, 1]},
								"south": {"uv": [136, 4], "uv_size": [3.5, 1]},
								"west": {"uv": [71, 98], "uv_size": [4.5, 1]},
								"up": {"uv": [80, 102], "uv_size": [3.5, 4.5]},
								"down": {"uv": [84, 106.5], "uv_size": [3.5, -4.5]}
							}
						},
						{
							"origin": [-0.31175, -0.12934, -1.59877],
							"size": [1.4953, 0.1587, 0.49064],
							"inflate": 0.0002,
							"pivot": [0.47573, 0.09579, -1.05898],
							"rotation": [0, 90, -135],
							"uv": {
								"north": {"uv": [145, 41], "uv_size": [3.5, 0.5]},
								"east": {"uv": [154, 66], "uv_size": [1, 0.5]},
								"south": {"uv": [145, 42], "uv_size": [3.5, 0.5]},
								"west": {"uv": [67, 154], "uv_size": [1, 0.5]},
								"up": {"uv": [136, 5], "uv_size": [3.5, 1]},
								"down": {"uv": [136, 19], "uv_size": [3.5, -1]}
							}
						},
						{
							"origin": [-0.31175, -0.07309, -1.17859],
							"size": [1.4953, 0.1587, 0.71564],
							"inflate": 0.0002,
							"pivot": [0.47573, 0.09579, -1.05898],
							"rotation": [0, 90, -45],
							"uv": {
								"north": {"uv": [44, 145], "uv_size": [3.5, 0.5]},
								"east": {"uv": [53, 152], "uv_size": [1.5, 0.5]},
								"south": {"uv": [145, 46], "uv_size": [3.5, 0.5]},
								"west": {"uv": [152, 53], "uv_size": [1.5, 0.5]},
								"up": {"uv": [98, 130], "uv_size": [3.5, 1.5]},
								"down": {"uv": [26, 132.5], "uv_size": [3.5, -1.5]}
							}
						},
						{
							"origin": [0.14268, -0.12634, -0.50338],
							"size": [0.15837, 0.52381, 0.38366],
							"inflate": 0.0005,
							"pivot": [0.47573, 0.09579, -1.05898],
							"rotation": [0, 45, 0],
							"uv": {
								"north": {"uv": [154, 62], "uv_size": [0.5, 1]},
								"east": {"uv": [141, 148], "uv_size": [1, 1]},
								"south": {"uv": [63, 154], "uv_size": [0.5, 1]},
								"west": {"uv": [145, 148], "uv_size": [1, 1]},
								"up": {"uv": [154, 63], "uv_size": [0.5, 1]},
								"down": {"uv": [64, 155], "uv_size": [0.5, -1]}
							}
						},
						{
							"origin": [-0.40721, -0.12634, -0.94063],
							"size": [0.15837, 0.52381, 0.15837],
							"inflate": 0.0005,
							"pivot": [0.47573, 0.09579, -1.05898],
							"rotation": [0, -135, 0],
							"uv": {
								"north": {"uv": [154, 64], "uv_size": [0.5, 1]},
								"east": {"uv": [65, 154], "uv_size": [0.5, 1]},
								"south": {"uv": [154, 65], "uv_size": [0.5, 1]},
								"west": {"uv": [66, 154], "uv_size": [0.5, 1]},
								"up": {"uv": [123, 159], "uv_size": [0.5, 0.5]},
								"down": {"uv": [159, 123.5], "uv_size": [0.5, -0.5]}
							}
						},
						{
							"origin": [-1.6628, -1.24942, -0.63878],
							"size": [1.4953, 0.1587, 0.49064],
							"inflate": 0.0002,
							"pivot": [-0.91515, -0.7493, -1.01916],
							"rotation": [0, -90, 135],
							"uv": {
								"north": {"uv": [52, 145], "uv_size": [3.5, 0.5]},
								"east": {"uv": [154, 71], "uv_size": [1, 0.5]},
								"south": {"uv": [145, 54], "uv_size": [3.5, 0.5]},
								"west": {"uv": [72, 154], "uv_size": [1, 0.5]},
								"up": {"uv": [136, 31], "uv_size": [3.5, 1]},
								"down": {"uv": [136, 33], "uv_size": [3.5, -1]}
							}
						},
						{
							"origin": [-0.4694, -0.12634, -3.42071],
							"size": [0.15837, 0.52381, 0.15837],
							"inflate": 0.0005,
							"pivot": [-0.31281, 0.13557, -2.45126],
							"rotation": [0, 135, 0],
							"uv": {
								"north": {"uv": [154, 69], "uv_size": [0.5, 1]},
								"east": {"uv": [70, 154], "uv_size": [0.5, 1]},
								"south": {"uv": [154, 70], "uv_size": [0.5, 1]},
								"west": {"uv": [71, 154], "uv_size": [0.5, 1]},
								"up": {"uv": [124, 159], "uv_size": [0.5, 0.5]},
								"down": {"uv": [159, 124.5], "uv_size": [0.5, -0.5]}
							}
						},
						{
							"origin": [-0.77793, -0.36454, -0.86378],
							"size": [1.4953, 0.1587, 0.71564],
							"inflate": 0.0002,
							"pivot": [-0.03027, 0.13557, -1.01916],
							"rotation": [0, -90, 45],
							"uv": {
								"north": {"uv": [145, 47], "uv_size": [3.5, 0.5]},
								"east": {"uv": [152, 55], "uv_size": [1.5, 0.5]},
								"south": {"uv": [48, 145], "uv_size": [3.5, 0.5]},
								"west": {"uv": [152, 56], "uv_size": [1.5, 0.5]},
								"up": {"uv": [30, 131], "uv_size": [3.5, 1.5]},
								"down": {"uv": [34, 132.5], "uv_size": [3.5, -1.5]}
							}
						},
						{
							"origin": [-0.18686, -0.12634, -0.18861],
							"size": [0.15837, 0.52381, 0.38366],
							"inflate": 0.0005,
							"pivot": [-0.03027, 0.13557, -1.01916],
							"rotation": [0, -45, 0],
							"uv": {
								"north": {"uv": [154, 67], "uv_size": [0.5, 1]},
								"east": {"uv": [16, 149], "uv_size": [1, 1]},
								"south": {"uv": [68, 154], "uv_size": [0.5, 1]},
								"west": {"uv": [17, 149], "uv_size": [1, 1]},
								"up": {"uv": [154, 68], "uv_size": [0.5, 1]},
								"down": {"uv": [69, 155], "uv_size": [0.5, -1]}
							}
						},
						{
							"origin": [-3.29511, -0.239, -2.87471],
							"size": [1.7203, 0.74914, 0.23064],
							"inflate": 0.0002,
							"pivot": [0.04707, 1.4926, -3.50119],
							"rotation": [0, 90, 0],
							"uv": {
								"north": {"uv": [116, 127], "uv_size": [4, 1.5]},
								"east": {"uv": [55, 152], "uv_size": [0.5, 1.5]},
								"south": {"uv": [0, 128], "uv_size": [4, 1.5]},
								"west": {"uv": [57, 152], "uv_size": [0.5, 1.5]},
								"up": {"uv": [30, 141], "uv_size": [4, 0.5]},
								"down": {"uv": [34, 141.5], "uv_size": [4, -0.5]}
							}
						},
						{
							"origin": [-1.22771, 0.25552, -4.35791],
							"size": [1.16547, 1.02023, 1.70472],
							"inflate": 0.0006,
							"pivot": [0.00488, 1.4926, -3.50119],
							"rotation": [0, 90, 0],
							"uv": {
								"north": {"uv": [0, 125], "uv_size": [2.5, 2.5]},
								"east": {"uv": [0, 116], "uv_size": [4, 2.5]},
								"south": {"uv": [3, 125], "uv_size": [2.5, 2.5]},
								"west": {"uv": [24, 116], "uv_size": [4, 2.5]},
								"up": {"uv": [31, 80], "uv_size": [2.5, 4]},
								"down": {"uv": [28, 120], "uv_size": [2.5, -4]}
							}
						},
						{
							"origin": [-1.34021, 0.79742, -4.24541],
							"size": [1.1445, 0.48593, 1.70472],
							"inflate": 0.0006,
							"pivot": [-0.10762, 1.4926, -3.50119],
							"rotation": [-89.99999, 84.3496, -89.99999],
							"uv": {
								"north": {"uv": [6, 139], "uv_size": [2.5, 1]},
								"east": {"uv": [24, 119], "uv_size": [4, 1]},
								"south": {"uv": [67, 139], "uv_size": [2.5, 1]},
								"west": {"uv": [0, 122], "uv_size": [4, 1]},
								"up": {"uv": [116, 114], "uv_size": [2.5, 4]},
								"down": {"uv": [4, 121], "uv_size": [2.5, -4]}
							}
						},
						{
							"origin": [-0.77776, 0.56273, -3.00814],
							"size": [1.1856, 0.70662, 0.34984],
							"inflate": 0.0005,
							"pivot": [0.45488, 1.4926, -3.50119],
							"rotation": [0, 90, 17.5],
							"uv": {
								"north": {"uv": [105, 134], "uv_size": [2.5, 1.5]},
								"east": {"uv": [146, 9], "uv_size": [1, 1.5]},
								"south": {"uv": [134, 128], "uv_size": [2.5, 1.5]},
								"west": {"uv": [11, 146], "uv_size": [1, 1.5]},
								"up": {"uv": [93, 78], "uv_size": [2.5, 1]},
								"down": {"uv": [87, 98], "uv_size": [2.5, -1]}
							}
						},
						{
							"origin": [-0.99818, 0.90863, -2.85362],
							"size": [1.01718, 1.70539, 0.19549],
							"inflate": 0.0002,
							"pivot": [0.23462, 1.83867, -3.50119],
							"rotation": [0, 90, -7.5],
							"uv": {
								"north": {"uv": [31, 116], "uv_size": [2.5, 4]},
								"east": {"uv": [137, 140], "uv_size": [0.5, 4]},
								"south": {"uv": [106, 116], "uv_size": [2.5, 4]},
								"west": {"uv": [138, 140], "uv_size": [0.5, 4]},
								"up": {"uv": [147, 33], "uv_size": [2.5, 0.5]},
								"down": {"uv": [34, 147.5], "uv_size": [2.5, -0.5]}
							}
						},
						{
							"origin": [0.99294, 0.98009, -3.15502],
							"size": [0.22992, 1.70584, 0.20525],
							"pivot": [0.89827, 1.85742, -3.0583],
							"rotation": [-90, 84.3496, -92.5],
							"uv": {
								"north": {"uv": [2, 141], "uv_size": [0.5, 4]},
								"east": {"uv": [3, 141], "uv_size": [0.5, 4]},
								"south": {"uv": [4, 141], "uv_size": [0.5, 4]},
								"west": {"uv": [5, 141], "uv_size": [0.5, 4]},
								"up": {"uv": [89, 159], "uv_size": [0.5, 0.5]},
								"down": {"uv": [159, 89.5], "uv_size": [0.5, -0.5]}
							}
						},
						{
							"origin": [0.23492, 1.00837, -3.02835],
							"size": [0.90468, 1.70539, 0.18142],
							"inflate": 0.0002,
							"pivot": [0.89827, 1.85742, -2.93174],
							"rotation": [0, 90, -2.5],
							"uv": {
								"north": {"uv": [6, 123], "uv_size": [2, 4]},
								"east": {"uv": [6, 141], "uv_size": [0.5, 4]},
								"south": {"uv": [8, 123], "uv_size": [2, 4]},
								"west": {"uv": [7, 141], "uv_size": [0.5, 4]},
								"up": {"uv": [149, 7], "uv_size": [2, 0.5]},
								"down": {"uv": [8, 149.5], "uv_size": [2, -0.5]}
							}
						},
						{
							"origin": [0.99294, 1.06447, -3.15502],
							"size": [0.24398, 0.44021, 0.20525],
							"pivot": [0.89827, 1.4496, -3.0583],
							"rotation": [-90, 84.3496, -50],
							"uv": {
								"north": {"uv": [154, 48], "uv_size": [0.5, 1]},
								"east": {"uv": [49, 154], "uv_size": [0.5, 1]},
								"south": {"uv": [154, 49], "uv_size": [0.5, 1]},
								"west": {"uv": [50, 154], "uv_size": [0.5, 1]},
								"up": {"uv": [90, 159], "uv_size": [0.5, 0.5]},
								"down": {"uv": [159, 90.5], "uv_size": [0.5, -0.5]}
							}
						},
						{
							"origin": [0.23497, 1.0928, -3.0283],
							"size": [0.94676, 0.43965, 0.18131],
							"inflate": 0.0003,
							"pivot": [0.89827, 1.4496, -2.93174],
							"rotation": [0, 90, 40],
							"uv": {
								"north": {"uv": [24, 113], "uv_size": [2, 1]},
								"east": {"uv": [154, 47], "uv_size": [0.5, 1]},
								"south": {"uv": [36, 114], "uv_size": [2, 1]},
								"west": {"uv": [48, 154], "uv_size": [0.5, 1]},
								"up": {"uv": [10, 149], "uv_size": [2, 0.5]},
								"down": {"uv": [149, 11.5], "uv_size": [2, -0.5]}
							}
						},
						{
							"origin": [-0.99818, 1.99167, -2.93799],
							"size": [1.01718, 0.35516, 0.2591],
							"inflate": 0.0002,
							"pivot": [0.23462, 2.26055, -3.50119],
							"rotation": [0, 90, -50],
							"uv": {
								"north": {"uv": [68, 101], "uv_size": [2.5, 1]},
								"east": {"uv": [154, 46], "uv_size": [0.5, 1]},
								"south": {"uv": [47, 102], "uv_size": [2.5, 1]},
								"west": {"uv": [47, 154], "uv_size": [0.5, 1]},
								"up": {"uv": [147, 34], "uv_size": [2.5, 0.5]},
								"down": {"uv": [147, 35.5], "uv_size": [2.5, -0.5]}
							}
						},
						{
							"origin": [0.06694, 2.63887, -2.79402],
							"size": [1.01718, 1.39285, 0.20285],
							"inflate": 0.0002,
							"pivot": [0.51928, 2.81646, -2.72072],
							"rotation": [0, 90, -90],
							"uv": {
								"north": {"uv": [92, 123], "uv_size": [2.5, 3]},
								"east": {"uv": [12, 146], "uv_size": [0.5, 3]},
								"south": {"uv": [95, 123], "uv_size": [2.5, 3]},
								"west": {"uv": [13, 146], "uv_size": [0.5, 3]},
								"up": {"uv": [147, 36], "uv_size": [2.5, 0.5]},
								"down": {"uv": [147, 38.5], "uv_size": [2.5, -0.5]}
							}
						},
						{
							"origin": [0.0194, 0.90863, -2.78331],
							"size": [0.06991, 0.69289, 0.12517],
							"inflate": 0.0002,
							"pivot": [0.23462, 1.83867, -3.50119],
							"rotation": [0, 90, -7.5],
							"uv": {
								"north": {"uv": [38, 152], "uv_size": [0.5, 1.5]},
								"east": {"uv": [152, 38], "uv_size": [0.5, 1.5]},
								"south": {"uv": [39, 152], "uv_size": [0.5, 1.5]},
								"west": {"uv": [40, 152], "uv_size": [0.5, 1.5]},
								"up": {"uv": [88, 159], "uv_size": [0.5, 0.5]},
								"down": {"uv": [159, 88.5], "uv_size": [0.5, -0.5]}
							}
						},
						{
							"origin": [1.37398, 0.96277, -3.02508],
							"size": [0.10334, 1.70561, 0.15352],
							"pivot": [1.02487, 1.81558, -2.93426],
							"rotation": [-89.99999, 84.3496, -97.49999],
							"uv": {
								"north": {"uv": [139, 140], "uv_size": [0.5, 4]},
								"east": {"uv": [140, 140], "uv_size": [0.5, 4]},
								"south": {"uv": [0, 141], "uv_size": [0.5, 4]},
								"west": {"uv": [1, 141], "uv_size": [0.5, 4]},
								"up": {"uv": [87, 159], "uv_size": [0.5, 0.5]},
								"down": {"uv": [159, 87.5], "uv_size": [0.5, -0.5]}
							}
						},
						{
							"origin": [-0.82108, 1.07615, -2.43174],
							"size": [1.18593, 0.15851, 0.1533],
							"inflate": 0.0002,
							"pivot": [0.41173, 1.45776, -3.50119],
							"rotation": [0, 90, 52.5],
							"uv": {
								"north": {"uv": [147, 25], "uv_size": [2.5, 0.5]},
								"east": {"uv": [86, 159], "uv_size": [0.5, 0.5]},
								"south": {"uv": [147, 26], "uv_size": [2.5, 0.5]},
								"west": {"uv": [159, 86], "uv_size": [0.5, 0.5]},
								"up": {"uv": [28, 147], "uv_size": [2.5, 0.5]},
								"down": {"uv": [147, 32.5], "uv_size": [2.5, -0.5]}
							}
						},
						{
							"origin": [-0.40697, 0.56273, -3.00814],
							"size": [1.1856, 0.70662, 0.34984],
							"inflate": 0.0005,
							"pivot": [-0.45401, 1.4926, -3.50119],
							"rotation": [0, -90, -17.5],
							"uv": {
								"north": {"uv": [134, 133], "uv_size": [2.5, 1.5]},
								"east": {"uv": [146, 13], "uv_size": [1, 1.5]},
								"south": {"uv": [135, 0], "uv_size": [2.5, 1.5]},
								"west": {"uv": [14, 146], "uv_size": [1, 1.5]},
								"up": {"uv": [32, 129], "uv_size": [2.5, 1]},
								"down": {"uv": [44, 131], "uv_size": [2.5, -1]}
							}
						},
						{
							"origin": [-0.36398, 1.07615, -2.43174],
							"size": [1.18593, 0.15851, 0.1533],
							"inflate": 0.0002,
							"pivot": [-0.41086, 1.45776, -3.50119],
							"rotation": [0, -90, -52.5],
							"uv": {
								"north": {"uv": [147, 44], "uv_size": [2.5, 0.5]},
								"east": {"uv": [95, 159], "uv_size": [0.5, 0.5]},
								"south": {"uv": [147, 45], "uv_size": [2.5, 0.5]},
								"west": {"uv": [159, 95], "uv_size": [0.5, 0.5]},
								"up": {"uv": [47, 147], "uv_size": [2.5, 0.5]},
								"down": {"uv": [147, 48.5], "uv_size": [2.5, -0.5]}
							}
						},
						{
							"origin": [-0.01812, 0.90863, -2.85362],
							"size": [1.01718, 1.70539, 0.19549],
							"inflate": 0.0002,
							"pivot": [-0.23375, 1.83867, -3.50119],
							"rotation": [0, -90, 7.5],
							"uv": {
								"north": {"uv": [109, 116], "uv_size": [2.5, 4]},
								"east": {"uv": [18, 141], "uv_size": [0.5, 4]},
								"south": {"uv": [112, 116], "uv_size": [2.5, 4]},
								"west": {"uv": [19, 141], "uv_size": [0.5, 4]},
								"up": {"uv": [147, 43], "uv_size": [2.5, 0.5]},
								"down": {"uv": [44, 147.5], "uv_size": [2.5, -0.5]}
							}
						},
						{
							"origin": [-1.47645, 0.96277, -3.02508],
							"size": [0.10334, 1.70561, 0.15352],
							"pivot": [-1.024, 1.81558, -2.93426],
							"rotation": [-89.99999, -84.3496, 97.49999],
							"uv": {
								"north": {"uv": [14, 141], "uv_size": [0.5, 4]},
								"east": {"uv": [15, 141], "uv_size": [0.5, 4]},
								"south": {"uv": [16, 141], "uv_size": [0.5, 4]},
								"west": {"uv": [17, 141], "uv_size": [0.5, 4]},
								"up": {"uv": [94, 159], "uv_size": [0.5, 0.5]},
								"down": {"uv": [159, 94.5], "uv_size": [0.5, -0.5]}
							}
						},
						{
							"origin": [-0.08844, 0.90863, -2.78331],
							"size": [0.06991, 0.69289, 0.12517],
							"inflate": 0.0002,
							"pivot": [-0.23375, 1.83867, -3.50119],
							"rotation": [0, -90, 7.5],
							"uv": {
								"north": {"uv": [41, 152], "uv_size": [0.5, 1.5]},
								"east": {"uv": [42, 152], "uv_size": [0.5, 1.5]},
								"south": {"uv": [43, 152], "uv_size": [0.5, 1.5]},
								"west": {"uv": [152, 43], "uv_size": [0.5, 1.5]},
								"up": {"uv": [93, 159], "uv_size": [0.5, 0.5]},
								"down": {"uv": [159, 93.5], "uv_size": [0.5, -0.5]}
							}
						},
						{
							"origin": [-0.01812, 1.99167, -2.93799],
							"size": [1.01718, 0.35516, 0.2591],
							"inflate": 0.0002,
							"pivot": [-0.23375, 2.26055, -3.50119],
							"rotation": [0, -90, 50],
							"uv": {
								"north": {"uv": [40, 109], "uv_size": [2.5, 1]},
								"east": {"uv": [154, 53], "uv_size": [0.5, 1]},
								"south": {"uv": [10, 121], "uv_size": [2.5, 1]},
								"west": {"uv": [54, 154], "uv_size": [0.5, 1]},
								"up": {"uv": [147, 39], "uv_size": [2.5, 0.5]},
								"down": {"uv": [147, 40.5], "uv_size": [2.5, -0.5]}
							}
						},
						{
							"origin": [-1.22199, 0.98009, -3.15502],
							"size": [0.22992, 1.70584, 0.20525],
							"pivot": [-0.8974, 1.85742, -3.0583],
							"rotation": [-90, -84.3496, 92.5],
							"uv": {
								"north": {"uv": [10, 141], "uv_size": [0.5, 4]},
								"east": {"uv": [11, 141], "uv_size": [0.5, 4]},
								"south": {"uv": [12, 141], "uv_size": [0.5, 4]},
								"west": {"uv": [13, 141], "uv_size": [0.5, 4]},
								"up": {"uv": [92, 159], "uv_size": [0.5, 0.5]},
								"down": {"uv": [159, 92.5], "uv_size": [0.5, -0.5]}
							}
						},
						{
							"origin": [-1.13872, 1.00837, -3.02835],
							"size": [0.90468, 1.70539, 0.18142],
							"inflate": 0.0002,
							"pivot": [-0.8974, 1.85742, -2.93174],
							"rotation": [0, -90, 2.5],
							"uv": {
								"north": {"uv": [49, 123], "uv_size": [2, 4]},
								"east": {"uv": [8, 141], "uv_size": [0.5, 4]},
								"south": {"uv": [51, 123], "uv_size": [2, 4]},
								"west": {"uv": [9, 141], "uv_size": [0.5, 4]},
								"up": {"uv": [14, 149], "uv_size": [2, 0.5]},
								"down": {"uv": [149, 15.5], "uv_size": [2, -0.5]}
							}
						},
						{
							"origin": [-1.18086, 1.0928, -3.0283],
							"size": [0.94676, 0.43965, 0.18131],
							"inflate": 0.0003,
							"pivot": [-0.8974, 1.4496, -2.93174],
							"rotation": [0, -90, -40],
							"uv": {
								"north": {"uv": [4, 116], "uv_size": [2, 1]},
								"east": {"uv": [154, 52], "uv_size": [0.5, 1]},
								"south": {"uv": [126, 16], "uv_size": [2, 1]},
								"west": {"uv": [53, 154], "uv_size": [0.5, 1]},
								"up": {"uv": [12, 149], "uv_size": [2, 0.5]},
								"down": {"uv": [149, 12.5], "uv_size": [2, -0.5]}
							}
						},
						{
							"origin": [-1.23606, 1.06447, -3.15502],
							"size": [0.24398, 0.44021, 0.20525],
							"pivot": [-0.8974, 1.4496, -3.0583],
							"rotation": [-90, -84.3496, 50],
							"uv": {
								"north": {"uv": [154, 50], "uv_size": [0.5, 1]},
								"east": {"uv": [51, 154], "uv_size": [0.5, 1]},
								"south": {"uv": [154, 51], "uv_size": [0.5, 1]},
								"west": {"uv": [52, 154], "uv_size": [0.5, 1]},
								"up": {"uv": [91, 159], "uv_size": [0.5, 0.5]},
								"down": {"uv": [159, 91.5], "uv_size": [0.5, -0.5]}
							}
						},
						{
							"origin": [-1.77485, 0.14918, -1.10284],
							"size": [3.47812, 0.1587, 0.12517],
							"inflate": 0.0002,
							"pivot": [-0.05688, 0.54484, -1.72228],
							"rotation": [0, 90, -45],
							"uv": {
								"north": {"uv": [132, 96], "uv_size": [8, 0.5]},
								"east": {"uv": [84, 159], "uv_size": [0.5, 0.5]},
								"south": {"uv": [97, 132], "uv_size": [8, 0.5]},
								"west": {"uv": [159, 84], "uv_size": [0.5, 0.5]},
								"up": {"uv": [132, 97], "uv_size": [8, 0.5]},
								"down": {"uv": [132, 98.5], "uv_size": [8, -0.5]}
							}
						},
						{
							"origin": [-2.39782, 0.72409, -1.78487],
							"size": [3.47812, 0.1587, 0.12517],
							"inflate": 0.0002,
							"pivot": [-0.63766, 0.80344, -1.72228],
							"rotation": [0, -90, 45],
							"uv": {
								"north": {"uv": [132, 99], "uv_size": [8, 0.5]},
								"east": {"uv": [80, 147], "uv_size": [0.5, 0.5]},
								"south": {"uv": [114, 132], "uv_size": [8, 0.5]},
								"west": {"uv": [81, 147], "uv_size": [0.5, 0.5]},
								"up": {"uv": [122, 132], "uv_size": [8, 0.5]},
								"down": {"uv": [130, 132.5], "uv_size": [8, -0.5]}
							}
						},
						{
							"origin": [-3.49199, 0.00006, -4.13331],
							"size": [3.47812, 0.90383, 1.26424],
							"inflate": 0.0002,
							"pivot": [0.00488, 1.4926, -3.50119],
							"rotation": [0, 90, 0],
							"uv": {
								"north": {"uv": [102, 40], "uv_size": [8, 2]},
								"east": {"uv": [127, 64], "uv_size": [3, 2]},
								"south": {"uv": [102, 42], "uv_size": [8, 2]},
								"west": {"uv": [127, 83], "uv_size": [3, 2]},
								"up": {"uv": [90, 54], "uv_size": [8, 3]},
								"down": {"uv": [56, 93], "uv_size": [8, -3]}
							}
						},
						{
							"origin": [-22.12792, -21.14784, -1.66717],
							"size": [1.21559, 0.50789, 0.17843],
							"pivot": [0.00488, -20.89389, -1.05409],
							"rotation": [22.5, 0, 90],
							"uv": {
								"north": {"uv": [42, 140], "uv_size": [2.5, 1]},
								"east": {"uv": [154, 61], "uv_size": [0.5, 1]},
								"south": {"uv": [45, 140], "uv_size": [2.5, 1]},
								"west": {"uv": [62, 154], "uv_size": [0.5, 1]},
								"up": {"uv": [147, 56], "uv_size": [2.5, 0.5]},
								"down": {"uv": [57, 147.5], "uv_size": [2.5, -0.5]}
							}
						},
						{
							"origin": [-22.12792, -21.14784, -1.66717],
							"size": [1.21559, 0.50789, 0.17843],
							"pivot": [0.00488, -20.89389, -1.05409],
							"rotation": [67.5, 0, 90],
							"uv": {
								"north": {"uv": [140, 36], "uv_size": [2.5, 1]},
								"east": {"uv": [154, 60], "uv_size": [0.5, 1]},
								"south": {"uv": [39, 140], "uv_size": [2.5, 1]},
								"west": {"uv": [61, 154], "uv_size": [0.5, 1]},
								"up": {"uv": [147, 53], "uv_size": [2.5, 0.5]},
								"down": {"uv": [147, 55.5], "uv_size": [2.5, -0.5]}
							}
						},
						{
							"origin": [-22.12792, -21.50697, -1.30804],
							"size": [1.21559, 0.17843, 0.50789],
							"pivot": [0.00488, -20.89389, -1.05409],
							"rotation": [22.5, 0, 90],
							"uv": {
								"north": {"uv": [147, 51], "uv_size": [2.5, 0.5]},
								"east": {"uv": [154, 59], "uv_size": [1, 0.5]},
								"south": {"uv": [147, 52], "uv_size": [2.5, 0.5]},
								"west": {"uv": [60, 154], "uv_size": [1, 0.5]},
								"up": {"uv": [140, 35], "uv_size": [2.5, 1]},
								"down": {"uv": [36, 141], "uv_size": [2.5, -1]}
							}
						},
						{
							"origin": [-22.12792, -21.50697, -1.30804],
							"size": [1.21559, 0.17843, 0.50789],
							"pivot": [0.00488, -20.89389, -1.05409],
							"rotation": [67.5, 0, 90],
							"uv": {
								"north": {"uv": [147, 49], "uv_size": [2.5, 0.5]},
								"east": {"uv": [154, 58], "uv_size": [1, 0.5]},
								"south": {"uv": [50, 147], "uv_size": [2.5, 0.5]},
								"west": {"uv": [59, 154], "uv_size": [1, 0.5]},
								"up": {"uv": [102, 139], "uv_size": [2.5, 1]},
								"down": {"uv": [140, 33], "uv_size": [2.5, -1]}
							}
						},
						{
							"origin": [0.12604, 0.53572, -0.99186],
							"size": [0.76559, 0.17843, 0.50789],
							"pivot": [0.34711, 1.01783, -1.05409],
							"rotation": [-112.5, 0, 90],
							"uv": {
								"north": {"uv": [152, 48], "uv_size": [1.5, 0.5]},
								"east": {"uv": [154, 57], "uv_size": [1, 0.5]},
								"south": {"uv": [152, 49], "uv_size": [1.5, 0.5]},
								"west": {"uv": [58, 154], "uv_size": [1, 0.5]},
								"up": {"uv": [30, 146], "uv_size": [1.5, 1]},
								"down": {"uv": [146, 32], "uv_size": [1.5, -1]}
							}
						},
						{
							"origin": [0.12604, 0.72093, -1.17707],
							"size": [0.76559, 0.17843, 0.50789],
							"pivot": [0.34711, 1.01783, -1.05409],
							"rotation": [-157.5, 0, 90],
							"uv": {
								"north": {"uv": [46, 152], "uv_size": [1.5, 0.5]},
								"east": {"uv": [154, 56], "uv_size": [1, 0.5]},
								"south": {"uv": [48, 152], "uv_size": [1.5, 0.5]},
								"west": {"uv": [57, 154], "uv_size": [1, 0.5]},
								"up": {"uv": [28, 146], "uv_size": [1.5, 1]},
								"down": {"uv": [146, 29], "uv_size": [1.5, -1]}
							}
						},
						{
							"origin": [0.12604, 0.89485, -1.35099],
							"size": [0.76559, 0.50789, 0.17843],
							"pivot": [0.34711, 1.01783, -1.05409],
							"rotation": [-112.5, 0, 90],
							"uv": {
								"north": {"uv": [24, 146], "uv_size": [1.5, 1]},
								"east": {"uv": [154, 55], "uv_size": [0.5, 1]},
								"south": {"uv": [146, 27], "uv_size": [1.5, 1]},
								"west": {"uv": [56, 154], "uv_size": [0.5, 1]},
								"up": {"uv": [44, 152], "uv_size": [1.5, 0.5]},
								"down": {"uv": [152, 45.5], "uv_size": [1.5, -0.5]}
							}
						},
						{
							"origin": [0.12604, 1.08007, -1.5362],
							"size": [0.76559, 0.50789, 0.17843],
							"pivot": [0.34711, 1.01783, -1.05409],
							"rotation": [-157.5, 0, 90],
							"uv": {
								"north": {"uv": [146, 18], "uv_size": [1.5, 1]},
								"east": {"uv": [154, 54], "uv_size": [0.5, 1]},
								"south": {"uv": [22, 146], "uv_size": [1.5, 1]},
								"west": {"uv": [55, 154], "uv_size": [0.5, 1]},
								"up": {"uv": [152, 36], "uv_size": [1.5, 0.5]},
								"down": {"uv": [152, 40.5], "uv_size": [1.5, -0.5]}
							}
						},
						{
							"origin": [-0.39197, 0.77756, -1.48385],
							"size": [0.9484, 0.36568, 0.88284],
							"pivot": [0.00488, 0.9604, -1.04244],
							"rotation": [-157.5, 0, 90],
							"uv": {
								"north": {"uv": [141, 25], "uv_size": [2, 1]},
								"east": {"uv": [26, 141], "uv_size": [2, 1]},
								"south": {"uv": [141, 26], "uv_size": [2, 1]},
								"west": {"uv": [28, 141], "uv_size": [2, 1]},
								"up": {"uv": [31, 133], "uv_size": [2, 2]},
								"down": {"uv": [33, 135], "uv_size": [2, -2]}
							}
						},
						{
							"origin": [-0.39197, 0.77756, -1.48385],
							"size": [0.9484, 0.36568, 0.88284],
							"pivot": [0.00488, 0.9604, -1.04244],
							"rotation": [-112.5, 0, 90],
							"uv": {
								"north": {"uv": [20, 141], "uv_size": [2, 1]},
								"east": {"uv": [22, 141], "uv_size": [2, 1]},
								"south": {"uv": [24, 141], "uv_size": [2, 1]},
								"west": {"uv": [141, 24], "uv_size": [2, 1]},
								"up": {"uv": [27, 133], "uv_size": [2, 2]},
								"down": {"uv": [29, 135], "uv_size": [2, -2]}
							}
						},
						{
							"origin": [-0.39197, 0.51898, -1.22528],
							"size": [0.9484, 0.88284, 0.36568],
							"pivot": [0.00488, 0.9604, -1.04244],
							"rotation": [-157.5, 0, 90],
							"uv": {
								"north": {"uv": [16, 133], "uv_size": [2, 2]},
								"east": {"uv": [95, 130], "uv_size": [1, 2]},
								"south": {"uv": [25, 133], "uv_size": [2, 2]},
								"west": {"uv": [84, 132], "uv_size": [1, 2]},
								"up": {"uv": [141, 16], "uv_size": [2, 1]},
								"down": {"uv": [141, 18], "uv_size": [2, -1]}
							}
						},
						{
							"origin": [0.16701, 1.06391, -1.20418],
							"size": [0.06246, 0.57346, 0.14068],
							"pivot": [0.19824, 1.38228, -1.13384],
							"rotation": [-159, 0, 90],
							"uv": {
								"north": {"uv": [50, 152], "uv_size": [0.5, 1.5]},
								"east": {"uv": [51, 152], "uv_size": [0.5, 1.5]},
								"south": {"uv": [152, 51], "uv_size": [0.5, 1.5]},
								"west": {"uv": [52, 152], "uv_size": [0.5, 1.5]},
								"up": {"uv": [122, 159], "uv_size": [0.5, 0.5]},
								"down": {"uv": [159, 122.5], "uv_size": [0.5, -0.5]}
							}
						},
						{
							"origin": [0.43888, 1.14477, -1.31038],
							"size": [0.06246, 0.26409, 0.16178],
							"pivot": [0.47011, 1.38228, -1.23301],
							"rotation": [178.65755, -20.95898, -176.25168],
							"uv": {
								"north": {"uv": [80, 148], "uv_size": [0.5, 0.5]},
								"east": {"uv": [81, 148], "uv_size": [0.5, 0.5]},
								"south": {"uv": [80, 149], "uv_size": [0.5, 0.5]},
								"west": {"uv": [81, 149], "uv_size": [0.5, 0.5]},
								"up": {"uv": [85, 159], "uv_size": [0.5, 0.5]},
								"down": {"uv": [159, 85.5], "uv_size": [0.5, -0.5]}
							}
						},
						{
							"origin": [-0.39197, 0.51898, -1.22528],
							"size": [0.9484, 0.88284, 0.36568],
							"pivot": [0.00488, 0.9604, -1.04244],
							"rotation": [-112.5, 0, 90],
							"uv": {
								"north": {"uv": [6, 133], "uv_size": [2, 2]},
								"east": {"uv": [13, 126], "uv_size": [1, 2]},
								"south": {"uv": [10, 133], "uv_size": [2, 2]},
								"west": {"uv": [59, 126], "uv_size": [1, 2]},
								"up": {"uv": [18, 139], "uv_size": [2, 1]},
								"down": {"uv": [140, 132], "uv_size": [2, -1]}
							}
						},
						{
							"origin": [-3.37246, -0.239, -4.35831],
							"size": [1.7203, 0.74914, 0.27283],
							"inflate": 0.0002,
							"pivot": [-0.03027, 1.4926, -3.50119],
							"rotation": [0, 90, 0],
							"uv": {
								"north": {"uv": [128, 98], "uv_size": [4, 1.5]},
								"east": {"uv": [133, 152], "uv_size": [0.5, 1.5]},
								"south": {"uv": [106, 128], "uv_size": [4, 1.5]},
								"west": {"uv": [134, 152], "uv_size": [0.5, 1.5]},
								"up": {"uv": [142, 142], "uv_size": [4, 0.5]},
								"down": {"uv": [143, 8.5], "uv_size": [4, -0.5]}
							}
						},
						{
							"origin": [-3.3373, -0.239, -2.89581],
							"size": [1.7203, 0.05603, 0.1121],
							"inflate": 0.0002,
							"pivot": [0.00488, 1.4926, -3.50119],
							"rotation": [0, 90, 0],
							"uv": {
								"north": {"uv": [143, 16], "uv_size": [4, 0.5]},
								"east": {"uv": [160, 147], "uv_size": [0.5, 0.5]},
								"south": {"uv": [143, 17], "uv_size": [4, 0.5]},
								"west": {"uv": [148, 160], "uv_size": [0.5, 0.5]},
								"up": {"uv": [21, 143], "uv_size": [4, 0.5]},
								"down": {"uv": [143, 21.5], "uv_size": [4, -0.5]}
							}
						},
						{
							"origin": [-4.66016, -0.239, -2.89581],
							"size": [1.7203, 0.05603, 0.1121],
							"inflate": 0.0002,
							"pivot": [-1.31798, 1.4926, -3.50119],
							"rotation": [0, 90, 0],
							"uv": {
								"north": {"uv": [143, 22], "uv_size": [4, 0.5]},
								"east": {"uv": [160, 148], "uv_size": [0.5, 0.5]},
								"south": {"uv": [143, 23], "uv_size": [4, 0.5]},
								"west": {"uv": [149, 160], "uv_size": [0.5, 0.5]},
								"up": {"uv": [143, 24], "uv_size": [4, 0.5]},
								"down": {"uv": [143, 25.5], "uv_size": [4, -0.5]}
							}
						}
					]
				},
				{
					"name": "division",
					"parent": "scope",
					"pivot": [0, 1.9, -7.60547],
					"cubes": [
						{
							"origin": [-0.5, 1.4, -7.85547],
							"size": [1, 1, 0.5],
							"uv": {
								"south": {"uv": [192, 16.5], "uv_size": [40, 40]}
							}
						}
					]
				},
				{
					"name": "scope_view",
					"parent": "scope",
					"pivot": [0, 2.15, 3.7]
				}
			]
		}
	]
}