{
    "materials": [
        {
          "item": {
            "tag": "forge:gems/diamond"
          },
          "count": 5
        },
        {
          "item": {
            "tag": "forge:ingots/gold"
          },
          "count": 18
        },
        {
          "item": {
            "tag": "forge:ingots/iron"
          },
          "count": 60
        },
        {
          "item": {
            "tag": "forge:rods/blaze"
          },
          "count": 2
        }
    ],
    "result": {
      "type": "gun",
      "id": "nitrogen:rsh_12"
    }
  }