{
    "model": "lwmmg:gun/lwmmg_geo",
    "texture": "lwmmg:gun/uv/lwmmg",
    "slot": "lwmmg:gun/slot/lwmmg",
    "third_person_animation": "default",
    "animation":"lwmmg:lwmmg",
    "use_default_animation": "rifle",
    "hud":"lwmmg:gun/hud/lwmmg",
    "sounds": {
        "draw": "lwmmg:lwmmg/draw",
        "dry_fire": "lwmmg:lwmmg/dry_fire",
        "reload_empty": "lwmmg:lwmmg/reload_empty",
        "reload_tactical": "lwmmg:lwmmg/reload_tactical",
        "inspect": "lwmmg:lwmmg/inspect",
        "inspect_empty": "lwmmg:lwmmg/inspect_empty",
        "put_away": "lwmmg:lwmmg/put_away",
        "shoot": "lwmmg:lwmmg/shoot",
        "shoot_3p": "lwmmg:lwmmg/shoot_3p",
        "silence":"lwmmg:lwmmg/silence",
        "silence_3p":"lwmmg:lwmmg/silence_3p"
    },
    "muzzle_flash":{
        "texture":"lwmmg:flash/muzzle_flash",
        "scale":1
    },
    "shell": {
        "initial_velocity": [5, 2, 1],
        "random_velocity": [1, 1, 0.25],
        "acceleration": [0.0, -10, 0.0],
        "angular_velocity": [360, -1200, 90],
        "living_time": 3.0
    }
}