{
  "ammo": "bf1:132x92",
  "ammo_amount": 1,

  "bolt": "open_bolt",
  "rpm": 150,
  "bullet": {
    "life": 1.5,
    "bullet_amount": 1,
    "damage": 70,
    "tracer_count_interval": 0,
    "extra_damage": {
      "armor_ignore": 0.75,
      "head_shot_multiplier": 2.5,
      "damage_adjust": [
        {
          "distance": 75,
          "damage": 70
        },
        {
          "distance": 150,
          "damage": 65
        },
        {
          "distance": "infinite",
          "damage": 60
        }
      ]
    },
    "speed": 600,
    "gravity": 0.098,
    "knockback": 0.3,
    "friction": 0.03,
    "ignite": false,
    "pierce": 5
  },
  "reload": {
    "type": "magazine",
    "feed": {
      "empty": 2.63,
      "tactical": 0
    },
    "cooldown": {
      "empty": 4,
      "tactical": 0
    }
  },
  "draw_time": 1.69,
  "put_away_time": 1,
  "aim_time": 0.32,
  "sprint_time": 0.5,
  "bolt_action_time": 1.43,
  "fire_mode": [
    "semi"
  ],
  "recoil": {
    "pitch": [
      {
        "time": 0,
        "value": [ 4.5, 4.5 ]
      },
      {
        "time": 0.32,
        "value": [ 4.5, 4.5 ]
      },
      {
        "time": 0.57,
        "value": [ -0.5, -0.5 ]
      },
      {
        "time": 0.82,
        "value": [ 0.25, 0.25 ]
      },
      {
        "time": 1.17,
        "value": [ 0, 0 ]
      },
      {
        "time": 1.47,
        "value": [ 0, 0 ]
      }
    ],
    "yaw": [
      {
        "time": 0,
        "value": [ -0.9, -0.75 ]
      },
      {
        "time": 0.32,
        "value": [ -0.9, -0.75 ]
      },
      {
        "time": 0.57,
        "value": [ 0, 0 ]
      }
    ]
  },
  "inaccuracy": {
    "stand": 9,
    "move": 12.5,
    "sneak": 7.5,
    "lie": 6,
    "aim": 0.05
  },
  // 近战相关
  "melee": {
    // 枪械距离参数，用来延升近战攻击范围
    // 会与刺刀等配件的距离做加和
    "distance": 1,
    // 使用时的冷却时间
    "cooldown": 1.2,
    // 默认近战数据，会被配件的数据替换掉
    "default": {
      // 动画类型：没有枪托的为 melee_push，有枪托的为 melee_stock
      "animation_type": "melee_push",
      // 刺刀距离参数，枪械里还有个刺刀攻击距离参数，两者做加和
      "distance": 1,
      // 刺刀范围角度
      "range_angle": 30,
      // 伤害值
      "damage": 5,
      // 击退效果
      "knockback": 0.85,
      // 前摇时长，单位：秒
      "prep": 0.3
    }
  },
  "allow_attachment_types": [
    "scope",
    "grip",
    "muzzle"
  ]
}