{
  "ammo": "bf1:fuel",
  "rpm": 666,
  "bullet": {
    "life": 0.5,
    "bullet_amount": 6,
    "damage": 4,
    // 曳光弹间隔数量，没有此字段则不发射曳光弹
    // 设置为 0 则是每发都是曳光弹
    //"tracer_count_interval": 0,
    "extra_damage": {
      "armor_ignore": 0.75,
      "head_shot_multiplier": 1.25,
      "damage_adjust": [
        {
          "distance": 8,
          "damage": 4.2
        },

        {
          "distance": "infinite",
          "damage": 3.6
        }
      ]
    },
    "speed": 50,
    "gravity": -2,
    "knockback": 0.1,
    "friction": 0.33,
    // 点燃目标
    "ignite": true,
    // 点燃时间，默认为 2 秒，仅用于实体
    "ignite_entity_time": 8,
    "pierce": 8
  },
  "ammo_amount": 100,
  "extended_mag_ammo_amount": [
    150,
    175,
    200
  ],
  "bolt": "open_bolt",
  "reload": {
    "type": "magazine",
    "feed": {
      "empty": 3.58,
      "tactical": 3.58
    },
    "cooldown": {
      "empty": 4.79,
      "tactical": 4.79
    }
  },
  "draw_time": 2,
  "put_away_time": 1.75,
  "aim_time": 0.2,
  "sprint_time": 0.21,
  "fire_mode": [
    "auto"
  ],
  "allow_attachment_types": [
    "extended_mag"
  ],
  "recoil": {
    "pitch": [
      {"time": 0, "value": [0, 0]},
      {"time": 0.55, "value": [0, 0]}
    ],
    "yaw": [
      {"time": 0, "value": [-0.4, 0.4]},
      {"time": 0.1, "value": [-0.5, 0.5]},
      {"time": 0.2, "value": [0.15, 0.15]},
      {"time": 0.4, "value": [0, 0]}
    ]
  },
  "inaccuracy": {
    "stand": 8,
    "move": 8,
    "sneak": 8,
    "lie": 8,
    "aim": 8
  }
 
}