{
	"weight": 3,
	"ads": {
		"addend": 0.1
	},
	"inaccuracy": {
		"addend": -1
	},
	"aim_inaccuracy": {
		"addend": -3
	},
	"silence": {
		"distance_addend": -24,
		"use_silence_sound": true
	},
	"recoil": {
		"pitch": {
			"percent": -0.25
		},
		"yaw": {
			"percent": -0.25
		}
	},
	"damage": {
		"addend": 10
	},
	"effective_range": {
		"addend": 10
	},
	"ammo_speed": {
		"addend": 70
	},
	"pierce": {
		"addend": 1
	},
	"armor_ignore":{
		"addend": 0.05
	},
	"head_shot":{
		"addend": 0.05
	},
	"knockback": {
		"addend": 0.05
	},
	"ignite": {
		"entity": true
	},
	"rpm": {
		"addend": 150
	}
}