{
  "materials": [
    {
      "item": {
        "tag": "forge:ingots/iron"
      },
      "count": 72
    },
    {
      "item": {
        "tag": "forge:ingots/gold"
      },
      "count": 24
    },
    {
      "item": {
        "tag": "forge:ingots/copper"
      },
      "count": 16
    },
    {
      "item": {
        "tag": "forge:glass"
      },
      "count": 8
    },
    {
      "item": {
        "tag": "forge:dusts/redstone"
      },
      "count": 32
    },
    {
      "item": {
        "tag": "minecraft:planks"
      },
      "count": 16
    }
  ],
  "result": {
    "type": "gun",
    "id": "immersive_armorer:railgun"
  }
}