{
	"format_version": "1.12.0",
	"minecraft:geometry": [
		{
			"description": {
				"identifier": "geometry.arip_empowered",
				"texture_width": 128,
				"texture_height": 128,
				"visible_bounds_width": 128,
				"visible_bounds_height": 11,
				"visible_bounds_offset": [0, 0.5, 0]
			},
			"bones": [
				{
					"name": "scope_view",
					"pivot": [1, 3, 2.5]
				},
				{
					"name": "division",
					"pivot": [1, 3, -69.9995],
					"cubes": [
						{
							"origin": [-30, -28, -70],
							"size": [62, 62, 0.001],
							"uv": {
								"south": {"uv": [0, 0], "uv_size": [62, 62]}
							}
						},
						{
							"origin": [-30, -81, -70],
							"size": [62, 53, 0.001],
							"uv": {
								"south": {"uv": [0, 0], "uv_size": [1, 0.5]}
							}
						},
						{
							"origin": [32, -81, -70],
							"size": [65, 168, 0.001],
							"uv": {
								"south": {"uv": [0, 0], "uv_size": [1, 0.5]}
							}
						},
						{
							"origin": [-30, 34, -70],
							"size": [62, 53, 0.001],
							"uv": {
								"south": {"uv": [0, 0], "uv_size": [1, 0.5]}
							}
						},
						{
							"origin": [-95, -81, -70],
							"size": [65, 168, 0.001],
							"uv": {
								"south": {"uv": [0, 0], "uv_size": [1, 0.5]}
							}
						}
					]
				},
				{
					"name": "division_illuminated",
					"parent": "division",
					"pivot": [1, 1.9, -52],
					"cubes": [
						{
							"origin": [-30, -28, -70.0001],
							"size": [62, 62, 0.001],
							"uv": {
								"south": {"uv": [0, 62], "uv_size": [62, 62]}
							}
						}
					]
				},
				{
					"name": "ocular",
					"pivot": [1, 3, -0.05],
					"cubes": [
						{
							"origin": [0.8011, 2, 0],
							"size": [0.3978, 2, 0.1],
							"pivot": [1, 3, 0.05],
							"rotation": [0, 0, -11.25],
							"uv": {
								"south": {"uv": [78, 45], "uv_size": [0.5, 2]}
							}
						},
						{
							"origin": [0.8011, 2, 0],
							"size": [0.3978, 2, 0.1],
							"pivot": [1, 3, 0.05],
							"rotation": [0, 0, -33.75],
							"uv": {
								"south": {"uv": [78, 49], "uv_size": [0.5, 2]}
							}
						},
						{
							"origin": [0.8011, 2, 0],
							"size": [0.3978, 2, 0.1],
							"pivot": [1, 3, 0.05],
							"rotation": [0, 0, -56.25],
							"uv": {
								"south": {"uv": [79, 0], "uv_size": [0.5, 2]}
							}
						},
						{
							"origin": [0.8011, 2, 0],
							"size": [0.3978, 2, 0.1],
							"pivot": [1, 3, 0.05],
							"rotation": [0, 0, -78.75],
							"uv": {
								"south": {"uv": [79, 6], "uv_size": [0.5, 2]}
							}
						},
						{
							"origin": [0.8011, 2, 0],
							"size": [0.3978, 2, 0.1],
							"pivot": [1, 3, 0.05],
							"rotation": [0, 0, -101.25],
							"uv": {
								"south": {"uv": [79, 16], "uv_size": [0.5, 2]}
							}
						},
						{
							"origin": [0.8011, 2, 0],
							"size": [0.3978, 2, 0.1],
							"pivot": [1, 3, 0.05],
							"rotation": [0, 0, -123.75],
							"uv": {
								"south": {"uv": [79, 20], "uv_size": [0.5, 2]}
							}
						},
						{
							"origin": [0.8011, 2, 0],
							"size": [0.3978, 2, 0.1],
							"pivot": [1, 3, 0.05],
							"rotation": [0, 0, -146.25],
							"uv": {
								"south": {"uv": [79, 22], "uv_size": [0.5, 2]}
							}
						},
						{
							"origin": [0.8011, 2, 0],
							"size": [0.3978, 2, 0.1],
							"pivot": [1, 3, 0.05],
							"rotation": [0, 0, -168.75],
							"uv": {
								"south": {"uv": [79, 32], "uv_size": [0.5, 2]}
							}
						}
					]
				},
				{
					"name": "ocular_ring",
					"pivot": [0, 0, 0.05],
					"cubes": [
						{
							"origin": [2, 2.7514, 0],
							"size": [0.35, 0.4972, 0.5],
							"pivot": [1, 3, -0.5],
							"rotation": [0, 0, -56.25],
							"uv": {
								"north": {"uv": [85, 59], "uv_size": [0.25, 0.5]},
								"east": {"uv": [84, 8], "uv_size": [0.5, 0.5]},
								"south": {"uv": [85, 60], "uv_size": [0.25, 0.5]},
								"west": {"uv": [84, 9], "uv_size": [0.5, 0.5]},
								"up": {"uv": [85, 61], "uv_size": [0.25, 0.5]},
								"down": {"uv": [62, 85.5], "uv_size": [0.25, -0.5]}
							}
						},
						{
							"origin": [2, 2.7514, 0],
							"size": [0.25, 0.4972, 0.5],
							"pivot": [1, 3, -0.5],
							"rotation": [0, 0, -78.75],
							"uv": {
								"east": {"uv": [84, 10], "uv_size": [0.5, 0.5]},
								"south": {"uv": [85, 62], "uv_size": [0.25, 0.5]},
								"west": {"uv": [84, 11], "uv_size": [0.5, 0.5]}
							}
						},
						{
							"origin": [2, 2.7514, 0],
							"size": [0.35, 0.4972, 0.5],
							"pivot": [1, 3, -0.5],
							"rotation": [0, 0, -101.25],
							"uv": {
								"north": {"uv": [63, 85], "uv_size": [0.25, 0.5]},
								"east": {"uv": [84, 12], "uv_size": [0.5, 0.5]},
								"south": {"uv": [85, 63], "uv_size": [0.25, 0.5]},
								"west": {"uv": [84, 19], "uv_size": [0.5, 0.5]},
								"up": {"uv": [64, 85], "uv_size": [0.25, 0.5]},
								"down": {"uv": [85, 64.5], "uv_size": [0.25, -0.5]}
							}
						},
						{
							"origin": [2, 2.7514, 0],
							"size": [0.25, 0.4972, 0.5],
							"pivot": [1, 3, -0.5],
							"rotation": [0, 0, -123.75],
							"uv": {
								"east": {"uv": [84, 20], "uv_size": [0.5, 0.5]},
								"south": {"uv": [65, 85], "uv_size": [0.25, 0.5]},
								"west": {"uv": [84, 21], "uv_size": [0.5, 0.5]}
							}
						},
						{
							"origin": [2, 2.7514, 0],
							"size": [0.35, 0.4972, 0.5],
							"pivot": [1, 3, -0.5],
							"rotation": [0, 0, -146.25],
							"uv": {
								"north": {"uv": [85, 65], "uv_size": [0.25, 0.5]},
								"east": {"uv": [84, 22], "uv_size": [0.5, 0.5]},
								"south": {"uv": [66, 85], "uv_size": [0.25, 0.5]},
								"west": {"uv": [84, 23], "uv_size": [0.5, 0.5]},
								"up": {"uv": [85, 66], "uv_size": [0.25, 0.5]},
								"down": {"uv": [67, 85.5], "uv_size": [0.25, -0.5]}
							}
						},
						{
							"origin": [-0.25, 2.7514, 0],
							"size": [0.25, 0.4972, 0.5],
							"pivot": [1, 3, -0.5],
							"rotation": [0, 0, 11.25],
							"uv": {
								"east": {"uv": [84, 24], "uv_size": [0.5, 0.5]},
								"south": {"uv": [85, 67], "uv_size": [0.25, 0.5]},
								"west": {"uv": [84, 25], "uv_size": [0.5, 0.5]}
							}
						},
						{
							"origin": [-0.35, 2.7514, 0],
							"size": [0.35, 0.4972, 0.5],
							"pivot": [1, 3, -0.5],
							"rotation": [0, 0, -11.25],
							"uv": {
								"north": {"uv": [68, 85], "uv_size": [0.25, 0.5]},
								"east": {"uv": [84, 26], "uv_size": [0.5, 0.5]},
								"south": {"uv": [85, 68], "uv_size": [0.25, 0.5]},
								"west": {"uv": [84, 27], "uv_size": [0.5, 0.5]},
								"up": {"uv": [69, 85], "uv_size": [0.25, 0.5]},
								"down": {"uv": [85, 69.5], "uv_size": [0.25, -0.5]}
							}
						},
						{
							"origin": [-0.25, 2.7514, 0],
							"size": [0.25, 0.4972, 0.5],
							"pivot": [1, 3, -0.5],
							"rotation": [0, 0, -33.75],
							"uv": {
								"east": {"uv": [84, 28], "uv_size": [0.5, 0.5]},
								"south": {"uv": [70, 85], "uv_size": [0.25, 0.5]},
								"west": {"uv": [84, 29], "uv_size": [0.5, 0.5]}
							}
						},
						{
							"origin": [-0.35, 2.7514, 0],
							"size": [0.35, 0.4972, 0.5],
							"pivot": [1, 3, -0.5],
							"rotation": [0, 0, -56.25],
							"uv": {
								"north": {"uv": [85, 70], "uv_size": [0.25, 0.5]},
								"east": {"uv": [84, 30], "uv_size": [0.5, 0.5]},
								"south": {"uv": [71, 85], "uv_size": [0.25, 0.5]},
								"west": {"uv": [84, 31], "uv_size": [0.5, 0.5]},
								"up": {"uv": [85, 71], "uv_size": [0.25, 0.5]},
								"down": {"uv": [72, 85.5], "uv_size": [0.25, -0.5]}
							}
						},
						{
							"origin": [-0.25, 2.7514, 0],
							"size": [0.25, 0.4972, 0.5],
							"pivot": [1, 3, -0.5],
							"rotation": [0, 0, -78.75],
							"uv": {
								"east": {"uv": [84, 32], "uv_size": [0.5, 0.5]},
								"south": {"uv": [85, 72], "uv_size": [0.25, 0.5]},
								"west": {"uv": [84, 33], "uv_size": [0.5, 0.5]}
							}
						},
						{
							"origin": [-0.35, 2.7514, 0],
							"size": [0.35, 0.4972, 0.5],
							"pivot": [1, 3, -0.5],
							"rotation": [0, 0, -101.25],
							"uv": {
								"north": {"uv": [73, 85], "uv_size": [0.25, 0.5]},
								"east": {"uv": [84, 34], "uv_size": [0.5, 0.5]},
								"south": {"uv": [85, 73], "uv_size": [0.25, 0.5]},
								"west": {"uv": [84, 36], "uv_size": [0.5, 0.5]},
								"up": {"uv": [74, 85], "uv_size": [0.25, 0.5]},
								"down": {"uv": [85, 74.5], "uv_size": [0.25, -0.5]}
							}
						},
						{
							"origin": [-0.25, 2.7514, 0],
							"size": [0.25, 0.4972, 0.5],
							"pivot": [1, 3, -0.5],
							"rotation": [0, 0, -123.75],
							"uv": {
								"east": {"uv": [84, 37], "uv_size": [0.5, 0.5]},
								"south": {"uv": [75, 85], "uv_size": [0.25, 0.5]},
								"west": {"uv": [84, 39], "uv_size": [0.5, 0.5]}
							}
						},
						{
							"origin": [-0.35, 2.7514, 0],
							"size": [0.35, 0.4972, 0.5],
							"pivot": [1, 3, -0.5],
							"rotation": [0, 0, -146.25],
							"uv": {
								"north": {"uv": [85, 75], "uv_size": [0.25, 0.5]},
								"east": {"uv": [84, 40], "uv_size": [0.5, 0.5]},
								"south": {"uv": [76, 85], "uv_size": [0.25, 0.5]},
								"west": {"uv": [84, 41], "uv_size": [0.5, 0.5]},
								"up": {"uv": [85, 76], "uv_size": [0.25, 0.5]},
								"down": {"uv": [77, 85.5], "uv_size": [0.25, -0.5]}
							}
						},
						{
							"origin": [2, 2.7514, 0],
							"size": [0.25, 0.4972, 0.5],
							"pivot": [1, 3, -0.5],
							"rotation": [0, 0, 11.25],
							"uv": {
								"east": {"uv": [84, 42], "uv_size": [0.5, 0.5]},
								"south": {"uv": [85, 77], "uv_size": [0.25, 0.5]},
								"west": {"uv": [84, 43], "uv_size": [0.5, 0.5]}
							}
						},
						{
							"origin": [2, 2.7514, 0],
							"size": [0.35, 0.4972, 0.5],
							"pivot": [1, 3, -0.5],
							"rotation": [0, 0, -11.25],
							"uv": {
								"north": {"uv": [78, 85], "uv_size": [0.25, 0.5]},
								"east": {"uv": [84, 44], "uv_size": [0.5, 0.5]},
								"south": {"uv": [85, 78], "uv_size": [0.25, 0.5]},
								"west": {"uv": [84, 45], "uv_size": [0.5, 0.5]},
								"up": {"uv": [79, 85], "uv_size": [0.25, 0.5]},
								"down": {"uv": [85, 79.5], "uv_size": [0.25, -0.5]}
							}
						},
						{
							"origin": [2, 2.7514, 0],
							"size": [0.25, 0.4972, 0.5],
							"pivot": [1, 3, -0.5],
							"rotation": [0, 0, -33.75],
							"uv": {
								"east": {"uv": [84, 46], "uv_size": [0.5, 0.5]},
								"south": {"uv": [80, 85], "uv_size": [0.25, 0.5]},
								"west": {"uv": [84, 47], "uv_size": [0.5, 0.5]}
							}
						}
					]
				},
				{
					"name": "scope_body",
					"pivot": [0, 0, 0]
				},
				{
					"name": "LTLM2",
					"parent": "scope_body",
					"pivot": [6, 3, -7]
				},
				{
					"name": "frame",
					"parent": "LTLM2",
					"pivot": [-1.65385, 6.28109, -9],
					"cubes": [
						{
							"origin": [-2.9, 1.75, -11],
							"size": [2.5, 2.5, 0.1],
							"uv": {
								"north": {"uv": [74, 0], "uv_size": [2.5, 2.5]}
							}
						},
						{
							"origin": [1.75, 1.25, -11],
							"size": [3.5, 3.5, 0.1],
							"uv": {
								"north": {"uv": [71, 41], "uv_size": [3.5, 3.5]}
							}
						},
						{
							"origin": [-0.25, 3.9, -11.5],
							"size": [0.5, 0.5, 0.1],
							"uv": {
								"north": {"uv": [83, 56], "uv_size": [0.5, 0.5]}
							}
						},
						{
							"origin": [-1.73223, 5, -11.34619],
							"size": [0.70711, 1, 0.35355],
							"pivot": [-3.5, 5.375, -6.75],
							"rotation": [0, 45, 0],
							"uv": {
								"north": {"uv": [80, 52], "uv_size": [0.75, 1]},
								"up": {"uv": [84, 48], "uv_size": [0.75, 0.25]}
							}
						},
						{
							"origin": [-5.97487, 5, -11.34619],
							"size": [0.70711, 1, 0.35355],
							"pivot": [-3.5, 5.375, -6.75],
							"rotation": [0, -45, 0],
							"uv": {
								"north": {"uv": [80, 53], "uv_size": [0.75, 1]},
								"up": {"uv": [84, 50], "uv_size": [0.75, 0.25]}
							}
						},
						{
							"origin": [-5.97487, 5, -8.50736],
							"size": [0.70711, 1, 0.35355],
							"pivot": [-3.5, 5.375, -12.75],
							"rotation": [0, 45, 0],
							"uv": {
								"south": {"uv": [80, 54], "uv_size": [0.75, 1]},
								"up": {"uv": [84, 51], "uv_size": [0.75, 0.25]}
							}
						},
						{
							"origin": [-1.73223, 5, -8.50736],
							"size": [0.70711, 1, 0.35355],
							"pivot": [-3.5, 5.375, -12.75],
							"rotation": [0, -45, 0],
							"uv": {
								"south": {"uv": [80, 55], "uv_size": [0.75, 1]},
								"up": {"uv": [84, 56], "uv_size": [0.75, 0.25]}
							}
						},
						{
							"origin": [-5, 5.75, -11.75],
							"size": [3, 0.25, 4],
							"uv": {
								"north": {"uv": [80, 56], "uv_size": [3, 0.25]},
								"south": {"uv": [80, 57], "uv_size": [3, 0.25]},
								"up": {"uv": [71, 45], "uv_size": [3, 4]}
							}
						},
						{
							"origin": [-5.5, 5, -11.25],
							"size": [4, 1, 3],
							"uv": {
								"east": {"uv": [74, 47], "uv_size": [3, 1]},
								"west": {"uv": [74, 48], "uv_size": [3, 1]},
								"up": {"uv": [71, 49], "uv_size": [4, 3]}
							}
						},
						{
							"origin": [-4.5, 4.11192, -10.16179],
							"size": [2, 0.35355, 0.70711],
							"pivot": [-3.5, 3.175, -6.75],
							"rotation": [-45, 0, 0],
							"uv": {
								"east": {"uv": [84, 57], "uv_size": [0.75, 0.25]},
								"west": {"uv": [84, 58], "uv_size": [0.75, 0.25]},
								"up": {"uv": [77, 52], "uv_size": [2, 0.75]}
							}
						},
						{
							"origin": [-4.5, 4.11192, -10.04532],
							"size": [2, 0.35355, 0.70711],
							"pivot": [-3.5, 3.175, -12.75],
							"rotation": [45, 0, 0],
							"uv": {
								"east": {"uv": [84, 59], "uv_size": [0.75, 0.25]},
								"west": {"uv": [84, 60], "uv_size": [0.75, 0.25]},
								"up": {"uv": [77, 53], "uv_size": [2, 0.75]}
							}
						},
						{
							"origin": [-4.11872, 6.52405, -11.25],
							"size": [0.70711, 0.35355, 3],
							"pivot": [-3.5, 5.375, -6.25],
							"rotation": [0, 0, -45],
							"uv": {
								"north": {"uv": [84, 61], "uv_size": [0.75, 0.25]},
								"south": {"uv": [62, 84], "uv_size": [0.75, 0.25]},
								"up": {"uv": [76, 3], "uv_size": [0.75, 3]}
							}
						},
						{
							"origin": [-3.58839, 6.52405, -11.25],
							"size": [0.70711, 0.35355, 3],
							"pivot": [-3.5, 5.375, -6.25],
							"rotation": [0, 0, 45],
							"uv": {
								"north": {"uv": [84, 62], "uv_size": [0.75, 0.25]},
								"south": {"uv": [63, 84], "uv_size": [0.75, 0.25]},
								"up": {"uv": [76, 11], "uv_size": [0.75, 3]}
							}
						},
						{
							"origin": [-4.5, 6, -11.25],
							"size": [2, 0.5, 3],
							"uv": {
								"up": {"uv": [74, 3], "uv_size": [2, 3]}
							}
						},
						{
							"origin": [-1.75, 0.5, -4],
							"size": [3.5, 4.75, 1],
							"uv": {
								"north": {"uv": [71, 32], "uv_size": [3.5, 4.75]},
								"up": {"uv": [74, 21], "uv_size": [3.5, 1]},
								"down": {"uv": [74, 23], "uv_size": [3.5, -1]}
							}
						},
						{
							"origin": [-2.15, 0.75, -12],
							"size": [4, 1, 1],
							"uv": {
								"north": {"uv": [73, 31], "uv_size": [4, 1]},
								"up": {"uv": [74, 18], "uv_size": [4, 1]}
							}
						},
						{
							"origin": [0.12035, 2.18141, -13],
							"size": [0.5, 1.1625, 9],
							"pivot": [-5.12965, -0.15609, -7],
							"rotation": [0, 0, -30],
							"uv": {
								"north": {"uv": [80, 78], "uv_size": [0.5, 1.25]},
								"east": {"uv": [71, 54], "uv_size": [9, 1.25]},
								"west": {"uv": [71, 56], "uv_size": [9, 1.25]}
							}
						},
						{
							"origin": [-0.62035, 2.18141, -13],
							"size": [0.5, 1.1625, 9],
							"pivot": [5.12965, -0.15609, -7],
							"rotation": [0, 0, 30],
							"uv": {
								"north": {"uv": [79, 80], "uv_size": [0.5, 1.25]},
								"east": {"uv": [71, 58], "uv_size": [9, 1.25]},
								"west": {"uv": [71, 60], "uv_size": [9, 1.25]}
							}
						},
						{
							"origin": [0.15385, 2.78109, -13],
							"size": [0.5, 0.875, 9],
							"pivot": [-5.34615, 6.28109, -7],
							"rotation": [0, 0, 30],
							"uv": {
								"north": {"uv": [81, 54], "uv_size": [0.5, 1]},
								"east": {"uv": [71, 65], "uv_size": [9, 1]},
								"west": {"uv": [71, 66], "uv_size": [9, 1]}
							}
						},
						{
							"origin": [-0.65385, 2.78109, -13],
							"size": [0.5, 0.875, 9],
							"pivot": [5.34615, 6.28109, -7],
							"rotation": [0, 0, -30],
							"uv": {
								"north": {"uv": [81, 55], "uv_size": [0.5, 1]},
								"east": {"uv": [71, 67], "uv_size": [9, 1]},
								"west": {"uv": [73, 26], "uv_size": [9, 1]}
							}
						},
						{
							"origin": [2, 0.75, -12],
							"size": [3, 0.5, 1],
							"uv": {
								"north": {"uv": [77, 62], "uv_size": [3, 0.5]},
								"up": {"uv": [70, 74], "uv_size": [3, 1]}
							}
						},
						{
							"origin": [-5.3875, 0.75, -12],
							"size": [3.2375, 1, 1],
							"uv": {
								"north": {"uv": [74, 45], "uv_size": [3.25, 1]},
								"up": {"uv": [74, 46], "uv_size": [3.25, 1]}
							}
						},
						{
							"origin": [-5.3875, 4.25, -12],
							"size": [3.4875, 1, 8],
							"uv": {
								"north": {"uv": [74, 23], "uv_size": [3.5, 1]},
								"down": {"uv": [70, 26], "uv_size": [3.5, -8]}
							}
						},
						{
							"origin": [2, 4.75, -12],
							"size": [3, 0.5, 1],
							"uv": {
								"north": {"uv": [77, 63], "uv_size": [3, 0.5]},
								"down": {"uv": [75, 33], "uv_size": [3, -1]}
							}
						},
						{
							"origin": [6.62035, 1.03141, -12],
							"size": [0.5, 1.7125, 1],
							"pivot": [1.87035, -0.15609, -7],
							"rotation": [0, 0, -30],
							"uv": {
								"north": {"uv": [80, 42], "uv_size": [0.5, 1.75]},
								"east": {"uv": [76, 62], "uv_size": [1, 1.75]}
							}
						},
						{
							"origin": [6.65385, 3.38109, -12],
							"size": [0.5, 1.7125, 1],
							"pivot": [1.65385, 6.28109, -7],
							"rotation": [0, 0, 30],
							"uv": {
								"north": {"uv": [80, 44], "uv_size": [0.5, 1.75]},
								"east": {"uv": [72, 76], "uv_size": [1, 1.75]}
							}
						},
						{
							"origin": [-8.10385, 3.68109, -11.5],
							"size": [0.2, 2.1, 0.25],
							"pivot": [-1.65385, 6.28109, -7],
							"rotation": [0, 0, -30],
							"uv": {
								"north": {"uv": [81, 58], "uv_size": [0.25, 2]},
								"east": {"uv": [81, 60], "uv_size": [0.25, 2]},
								"south": {"uv": [62, 81], "uv_size": [0.25, 2]},
								"west": {"uv": [65, 81], "uv_size": [0.25, 2]},
								"up": {"uv": [85, 80], "uv_size": [0.25, 0.25]},
								"down": {"uv": [81, 85.25], "uv_size": [0.25, -0.25]}
							}
						},
						{
							"origin": [-6.91068, 2.59897, -11.43514],
							"size": [0.4875, 0.2, 0.3],
							"pivot": [-6.65826, 2.69897, -11.375],
							"rotation": [0, -22.5, -30],
							"uv": {
								"south": {"uv": [70, 84], "uv_size": [0.5, 0.25]},
								"up": {"uv": [84, 70], "uv_size": [0.5, 0.25]},
								"down": {"uv": [71, 84.25], "uv_size": [0.5, -0.25]}
							}
						},
						{
							"origin": [-5.96068, 0.95353, -11.43514],
							"size": [0.4875, 0.2, 0.3],
							"pivot": [-5.70826, 1.05353, -11.375],
							"rotation": [0, -22.5, -30],
							"uv": {
								"south": {"uv": [84, 71], "uv_size": [0.5, 0.25]},
								"up": {"uv": [72, 84], "uv_size": [0.5, 0.25]},
								"down": {"uv": [84, 72.25], "uv_size": [0.5, -0.25]}
							}
						},
						{
							"origin": [-6.91068, 2.59897, -11.61486],
							"size": [0.4875, 0.2, 0.275],
							"pivot": [-6.65826, 2.69897, -11.375],
							"rotation": [0, 22.5, -30],
							"uv": {
								"north": {"uv": [73, 84], "uv_size": [0.5, 0.25]},
								"up": {"uv": [84, 73], "uv_size": [0.5, 0.25]},
								"down": {"uv": [74, 84.25], "uv_size": [0.5, -0.25]}
							}
						},
						{
							"origin": [-5.96068, 0.95353, -11.61486],
							"size": [0.4875, 0.2, 0.275],
							"pivot": [-5.70826, 1.05353, -11.375],
							"rotation": [0, 22.5, -30],
							"uv": {
								"north": {"uv": [84, 74], "uv_size": [0.5, 0.25]},
								"up": {"uv": [75, 84], "uv_size": [0.5, 0.25]},
								"down": {"uv": [84, 75.25], "uv_size": [0.5, -0.25]}
							}
						},
						{
							"origin": [7.90385, 3.68109, -11.5],
							"size": [0.2, 2.1, 0.25],
							"pivot": [1.65385, 6.28109, -7],
							"rotation": [0, 0, 30],
							"uv": {
								"north": {"uv": [66, 81], "uv_size": [0.25, 2]},
								"east": {"uv": [81, 66], "uv_size": [0.25, 2]},
								"south": {"uv": [67, 81], "uv_size": [0.25, 2]},
								"west": {"uv": [68, 81], "uv_size": [0.25, 2]},
								"up": {"uv": [85, 81], "uv_size": [0.25, 0.25]},
								"down": {"uv": [82, 85.25], "uv_size": [0.25, -0.25]}
							}
						},
						{
							"origin": [5.47318, 0.95353, -11.61486],
							"size": [0.4875, 0.2, 0.275],
							"pivot": [5.70826, 1.05353, -11.375],
							"rotation": [0, -22.5, 30],
							"uv": {
								"north": {"uv": [76, 84], "uv_size": [0.5, 0.25]},
								"up": {"uv": [84, 76], "uv_size": [0.5, 0.25]},
								"down": {"uv": [77, 84.25], "uv_size": [0.5, -0.25]}
							}
						},
						{
							"origin": [5.47318, 0.95353, -11.43514],
							"size": [0.4875, 0.2, 0.3],
							"pivot": [5.70826, 1.05353, -11.375],
							"rotation": [0, 22.5, 30],
							"uv": {
								"south": {"uv": [84, 77], "uv_size": [0.5, 0.25]},
								"up": {"uv": [78, 84], "uv_size": [0.5, 0.25]},
								"down": {"uv": [84, 78.25], "uv_size": [0.5, -0.25]}
							}
						},
						{
							"origin": [6.42318, 2.59897, -11.43514],
							"size": [0.4875, 0.2, 0.3],
							"pivot": [6.65826, 2.69897, -11.375],
							"rotation": [0, 22.5, 30],
							"uv": {
								"south": {"uv": [79, 84], "uv_size": [0.5, 0.25]},
								"up": {"uv": [84, 79], "uv_size": [0.5, 0.25]},
								"down": {"uv": [80, 84.25], "uv_size": [0.5, -0.25]}
							}
						},
						{
							"origin": [6.42318, 2.59897, -11.61486],
							"size": [0.4875, 0.2, 0.275],
							"pivot": [6.65826, 2.69897, -11.375],
							"rotation": [0, -22.5, 30],
							"uv": {
								"north": {"uv": [84, 80], "uv_size": [0.5, 0.25]},
								"up": {"uv": [81, 84], "uv_size": [0.5, 0.25]},
								"down": {"uv": [84, 81.25], "uv_size": [0.5, -0.25]}
							}
						},
						{
							"origin": [-4.75, 5.75, -7.75],
							"size": [0.25, 0.25, 3.75],
							"uv": {
								"east": {"uv": [82, 38], "uv_size": [-4, 0.25]},
								"west": {"uv": [82, 18], "uv_size": [-4, 0.25]},
								"up": {"uv": [79.25, 34], "uv_size": [-0.25, 4]}
							}
						},
						{
							"origin": [-2.5, 5.75, -7.75],
							"size": [0.25, 0.25, 3.75],
							"uv": {
								"east": {"uv": [83, 41], "uv_size": [-4, 0.25]},
								"west": {"uv": [83, 30], "uv_size": [-4, 0.25]},
								"up": {"uv": [79.25, 42], "uv_size": [-0.25, 4]}
							}
						},
						{
							"origin": [4.5, 5.75, -6],
							"size": [0.25, 0.25, 2],
							"uv": {
								"east": {"uv": [83.5, 3], "uv_size": [-2.5, 0.25]},
								"west": {"uv": [83.5, 2], "uv_size": [-2.5, 0.25]},
								"up": {"uv": [81.25, 4], "uv_size": [-0.25, 2.5]}
							}
						},
						{
							"origin": [2.25, 5.75, -6.25],
							"size": [2.5, 0.25, 0.25],
							"uv": {
								"north": {"uv": [83.5, 7], "uv_size": [-2.5, 0.25]},
								"east": {"uv": [84.25, 85], "uv_size": [-0.25, 0.25]},
								"south": {"uv": [83.5, 8], "uv_size": [-2.5, 0.25]},
								"west": {"uv": [85.25, 83], "uv_size": [-0.25, 0.25]},
								"up": {"uv": [83.5, 9], "uv_size": [-2.5, 0.25]}
							}
						},
						{
							"origin": [2.25, 5.75, -6],
							"size": [0.25, 0.25, 2],
							"uv": {
								"east": {"uv": [83.5, 11], "uv_size": [-2.5, 0.25]},
								"west": {"uv": [83.5, 10], "uv_size": [-2.5, 0.25]},
								"up": {"uv": [81.25, 12], "uv_size": [-0.25, 2.5]}
							}
						},
						{
							"origin": [-7.65385, 2.78109, -13],
							"size": [0.5, 3.175, 9],
							"pivot": [-1.65385, 6.28109, -8],
							"rotation": [0, 0, -30],
							"uv": {
								"north": {"uv": [74, 76], "uv_size": [0.5, 3.25]},
								"east": {"uv": [62, 36], "uv_size": [9, 3.25]},
								"west": {"uv": [62, 40], "uv_size": [9, 3.25]}
							}
						},
						{
							"origin": [-7.62035, 0.16891, -13],
							"size": [0.5, 3.175, 9],
							"pivot": [-1.87035, -0.15609, -8],
							"rotation": [0, 0, 30],
							"uv": {
								"north": {"uv": [75, 76], "uv_size": [0.5, 3.25]},
								"east": {"uv": [62, 44], "uv_size": [9, 3.25]},
								"west": {"uv": [62, 48], "uv_size": [9, 3.25]}
							}
						},
						{
							"origin": [7.15385, 2.78109, -13],
							"size": [0.5, 3.175, 9],
							"pivot": [1.65385, 6.28109, -8],
							"rotation": [0, 0, 30],
							"uv": {
								"north": {"uv": [76, 75], "uv_size": [0.5, 3.25]},
								"east": {"uv": [62, 52], "uv_size": [9, 3.25]},
								"west": {"uv": [62, 56], "uv_size": [9, 3.25]}
							}
						},
						{
							"origin": [7.12035, 0.16891, -13],
							"size": [0.5, 3.175, 9],
							"pivot": [1.87035, -0.15609, -8],
							"rotation": [0, 0, -30],
							"uv": {
								"north": {"uv": [77, 0], "uv_size": [0.5, 3.25]},
								"east": {"uv": [62, 60], "uv_size": [9, 3.25]},
								"west": {"uv": [62, 64], "uv_size": [9, 3.25]}
							}
						},
						{
							"origin": [1.9, 0.25, -13],
							"size": [3.2, 0.5, 9],
							"uv": {
								"north": {"uv": [76, 64], "uv_size": [3.25, 0.5]},
								"up": {"uv": [66, 0], "uv_size": [3.25, 9]},
								"down": {"uv": [66, 18], "uv_size": [3.25, -9]}
							}
						},
						{
							"origin": [-5.1, 0.25, -13],
							"size": [3.2, 0.5, 9],
							"uv": {
								"north": {"uv": [77, 4], "uv_size": [3.25, 0.5]},
								"up": {"uv": [66, 18], "uv_size": [3.25, 9]},
								"down": {"uv": [66, 36], "uv_size": [3.25, -9]}
							}
						},
						{
							"origin": [-5.1, 5.25, -13],
							"size": [3.2, 0.5, 9],
							"uv": {
								"north": {"uv": [77, 5], "uv_size": [3.25, 0.5]},
								"up": {"uv": [62, 68], "uv_size": [3.25, 9]},
								"down": {"uv": [66, 77], "uv_size": [3.25, -9]}
							}
						},
						{
							"origin": [1.9, 5.25, -13],
							"size": [3.2, 0.5, 9],
							"uv": {
								"north": {"uv": [77, 8], "uv_size": [3.25, 0.5]},
								"up": {"uv": [70, 0], "uv_size": [3.25, 9]},
								"down": {"uv": [70, 18], "uv_size": [3.25, -9]}
							}
						},
						{
							"origin": [-1.89551, 0.75, -13],
							"size": [3.79103, 0.50777, 9],
							"uv": {
								"north": {"uv": [76, 19], "uv_size": [3.75, 0.5]},
								"up": {"uv": [62, 0], "uv_size": [3.75, 9]},
								"down": {"uv": [62, 18], "uv_size": [3.75, -9]}
							}
						},
						{
							"origin": [-1.75177, 4.49324, -13],
							"size": [3.50353, 0.50676, 9],
							"uv": {
								"north": {"uv": [76, 51], "uv_size": [3.5, 0.5]},
								"up": {"uv": [62, 18], "uv_size": [3.5, 9]},
								"down": {"uv": [62, 36], "uv_size": [3.5, -9]}
							}
						},
						{
							"origin": [1.2, 1.975, -12],
							"size": [0.55, 1.5, 1],
							"pivot": [3.5, 3, -13],
							"rotation": [0, 0, -30],
							"uv": {
								"north": {"uv": [80, 58], "uv_size": [0.5, 1.5]},
								"west": {"uv": [65, 77], "uv_size": [1, 1.5]}
							}
						},
						{
							"origin": [1.475, 2.525, -12],
							"size": [0.275, 0.95, 1],
							"pivot": [3.5, 3, -13],
							"rotation": [0, 0, -60],
							"uv": {
								"north": {"uv": [83, 57], "uv_size": [0.25, 1]},
								"west": {"uv": [70, 35], "uv_size": [1, 1]}
							}
						},
						{
							"origin": [1.4625, 2.5, -12],
							"size": [0.2875, 0.975, 1],
							"pivot": [3.5, 3, -13],
							"rotation": [0, 0, -120],
							"uv": {
								"north": {"uv": [83, 58], "uv_size": [0.25, 1]},
								"west": {"uv": [78, 16], "uv_size": [1, 1]}
							}
						},
						{
							"origin": [5.25, 2.5, -12],
							"size": [0.8625, 1, 1],
							"uv": {
								"north": {"uv": [80, 60], "uv_size": [0.75, 1]},
								"east": {"uv": [79, 46], "uv_size": [1, 1]}
							}
						},
						{
							"origin": [1.4625, 2.525, -12],
							"size": [0.2875, 0.975, 1],
							"pivot": [3.5, 3, -13],
							"rotation": [0, 0, 120],
							"uv": {
								"north": {"uv": [83, 59], "uv_size": [0.25, 1]},
								"west": {"uv": [79, 49], "uv_size": [1, 1]}
							}
						},
						{
							"origin": [1.475, 2.525, -12],
							"size": [0.275, 0.95, 1],
							"pivot": [3.5, 3, -13],
							"rotation": [0, 0, 60],
							"uv": {
								"north": {"uv": [83, 60], "uv_size": [0.25, 1]},
								"west": {"uv": [79, 50], "uv_size": [1, 1]}
							}
						},
						{
							"origin": [1.2375, 2.525, -12],
							"size": [0.5125, 1.5, 1],
							"pivot": [3.5, 3, -13],
							"rotation": [0, 0, 30],
							"uv": {
								"north": {"uv": [80, 61], "uv_size": [0.5, 1.5]},
								"west": {"uv": [66, 77], "uv_size": [1, 1.5]}
							}
						},
						{
							"origin": [0.125, 3.8875, -12],
							"size": [0.1, 0.1875, 0.5],
							"pivot": [0.1375, 3.9, -6],
							"rotation": [0, 0, 45],
							"uv": {
								"north": {"uv": [85, 84], "uv_size": [0.25, 0.25]},
								"east": {"uv": [82, 84], "uv_size": [0.5, 0.25]}
							}
						},
						{
							"origin": [0.25, 3.9, -12],
							"size": [1.5, 0.6, 1],
							"uv": {
								"north": {"uv": [80, 63], "uv_size": [1.5, 0.5]},
								"east": {"uv": [81, 62], "uv_size": [1, 0.5]}
							}
						},
						{
							"origin": [0.125, 4.225, -12],
							"size": [0.1, 0.1875, 0.5],
							"pivot": [0.1375, 4.4, -6],
							"rotation": [0, 0, -45],
							"uv": {
								"north": {"uv": [85, 85], "uv_size": [0.25, 0.25]},
								"east": {"uv": [84, 82], "uv_size": [0.5, 0.25]}
							}
						},
						{
							"origin": [-0.4625, 4.0375, -12],
							"size": [0.2125, 0.2125, 1],
							"uv": {
								"north": {"uv": [86, 0], "uv_size": [0.25, 0.25]},
								"west": {"uv": [83, 61], "uv_size": [1, 0.25]}
							}
						},
						{
							"origin": [-0.225, 4.225, -12],
							"size": [0.1, 0.1875, 0.5],
							"pivot": [-0.1375, 4.4, -6],
							"rotation": [0, 0, 45],
							"uv": {
								"north": {"uv": [86, 1], "uv_size": [0.25, 0.25]},
								"west": {"uv": [83, 84], "uv_size": [0.5, 0.25]}
							}
						},
						{
							"origin": [-0.4, 1.75, -12],
							"size": [2.15, 2.15, 1],
							"uv": {
								"north": {"uv": [74, 8], "uv_size": [2.25, 2.25]},
								"east": {"uv": [76, 14], "uv_size": [1, 2.25]},
								"west": {"uv": [76, 27], "uv_size": [1, 2.25]},
								"up": {"uv": [76, 17], "uv_size": [2.25, 1]}
							}
						},
						{
							"origin": [-0.4, 2.475, -12],
							"size": [0.525, 1.05, 1],
							"pivot": [-1.65, 3, -12],
							"rotation": [0, 0, 45],
							"uv": {
								"north": {"uv": [81, 64], "uv_size": [0.5, 1]},
								"east": {"uv": [79, 52], "uv_size": [1, 1]}
							}
						},
						{
							"origin": [-0.4, 2.475, -12],
							"size": [0.475, 1.05, 1],
							"pivot": [-1.65, 3, -12],
							"rotation": [0, 0, -45],
							"uv": {
								"north": {"uv": [81, 68], "uv_size": [0.5, 1]},
								"east": {"uv": [79, 53], "uv_size": [1, 1]},
								"west": {"uv": [65, 79], "uv_size": [1, 1]}
							}
						},
						{
							"origin": [-1.9, 4.25, -12],
							"size": [1.65, 0.5, 1],
							"uv": {
								"north": {"uv": [80, 46], "uv_size": [1.75, 0.5]},
								"west": {"uv": [81, 69], "uv_size": [1, 0.5]},
								"down": {"uv": [76, 44], "uv_size": [1.75, -1]}
							}
						},
						{
							"origin": [-0.25, 4.4, -12],
							"size": [0.5, 0.1, 1],
							"uv": {
								"north": {"uv": [84, 83], "uv_size": [0.5, 0.25]},
								"down": {"uv": [70, 82], "uv_size": [0.5, -1]}
							}
						},
						{
							"origin": [-3.425, 2.475, -12],
							"size": [0.525, 1.05, 1],
							"pivot": [-1.65, 3, -12],
							"rotation": [0, 0, -45],
							"uv": {
								"north": {"uv": [81, 70], "uv_size": [0.5, 1]},
								"west": {"uv": [66, 79], "uv_size": [1, 1]}
							}
						},
						{
							"origin": [-3.425, 2.475, -12],
							"size": [0.525, 1.05, 1],
							"pivot": [-1.65, 3, -12],
							"rotation": [0, 0, 45],
							"uv": {
								"north": {"uv": [71, 81], "uv_size": [0.5, 1]},
								"west": {"uv": [69, 79], "uv_size": [1, 1]}
							}
						},
						{
							"origin": [-5.9, 1.75, -12],
							"size": [3, 2.5, 1],
							"uv": {
								"north": {"uv": [73, 72], "uv_size": [3, 2.5]},
								"west": {"uv": [75, 49], "uv_size": [1, 2.5]}
							}
						},
						{
							"origin": [-6.15, 2.6375, -12],
							"size": [0.25, 0.725, 1],
							"uv": {
								"north": {"uv": [84, 63], "uv_size": [0.25, 0.75]},
								"west": {"uv": [80, 64], "uv_size": [1, 0.75]}
							}
						},
						{
							"origin": [-0.35, 5, -10.125],
							"size": [0.2, 0.25, 6.125],
							"uv": {
								"east": {"uv": [77, 39], "uv_size": [6.25, 0.25]},
								"west": {"uv": [77, 40], "uv_size": [6.25, 0.25]},
								"up": {"uv": [63, 77], "uv_size": [0.25, 6.25]}
							}
						},
						{
							"origin": [0.15, 5, -10.125],
							"size": [0.2, 0.25, 6.125],
							"uv": {
								"east": {"uv": [77, 47], "uv_size": [6.25, 0.25]},
								"west": {"uv": [77, 48], "uv_size": [6.25, 0.25]},
								"up": {"uv": [64, 77], "uv_size": [0.25, 6.25]}
							}
						},
						{
							"origin": [-0.3, 5, -6.425],
							"size": [0.6, 0.4, 0.6],
							"pivot": [0, 5.175, -6.125],
							"rotation": [0, -45, 0],
							"uv": {
								"north": {"uv": [62, 83], "uv_size": [0.5, 0.5]},
								"east": {"uv": [83, 62], "uv_size": [0.5, 0.5]},
								"south": {"uv": [83, 63], "uv_size": [0.5, 0.5]},
								"west": {"uv": [83, 64], "uv_size": [0.5, 0.5]},
								"up": {"uv": [65, 83], "uv_size": [0.5, 0.5]}
							}
						},
						{
							"origin": [-0.3, 5, -10.425],
							"size": [0.6, 0.4, 0.6],
							"pivot": [0, 5.175, -10.125],
							"rotation": [0, -45, 0],
							"uv": {
								"north": {"uv": [83, 65], "uv_size": [0.5, 0.5]},
								"east": {"uv": [66, 83], "uv_size": [0.5, 0.5]},
								"south": {"uv": [83, 66], "uv_size": [0.5, 0.5]},
								"west": {"uv": [67, 83], "uv_size": [0.5, 0.5]},
								"up": {"uv": [83, 67], "uv_size": [0.5, 0.5]}
							}
						},
						{
							"origin": [-0.34142, 5, -12.40784],
							"size": [0.2, 0.4, 2],
							"pivot": [-0.14142, 5.4, -10.40784],
							"rotation": [11.25, 45, 0],
							"uv": {
								"east": {"uv": [79, 70], "uv_size": [2, 0.5]},
								"west": {"uv": [79, 71], "uv_size": [2, 0.5]},
								"up": {"uv": [81, 71], "uv_size": [0.25, 2]}
							}
						},
						{
							"origin": [0.14142, 5, -12.40784],
							"size": [0.2, 0.4, 2],
							"pivot": [0.14142, 5.4, -10.40784],
							"rotation": [11.25, -45, 0],
							"uv": {
								"east": {"uv": [79, 72], "uv_size": [2, 0.5]},
								"west": {"uv": [79, 73], "uv_size": [2, 0.5]},
								"up": {"uv": [72, 81], "uv_size": [0.25, 2]}
							}
						},
						{
							"origin": [-0.5, 0, -7.5],
							"size": [1, 0.5, 1],
							"pivot": [0, 0.325, -7],
							"rotation": [0, -45, 0],
							"uv": {
								"north": {"uv": [81, 73], "uv_size": [1, 0.5]},
								"east": {"uv": [74, 81], "uv_size": [1, 0.5]},
								"south": {"uv": [81, 74], "uv_size": [1, 0.5]},
								"west": {"uv": [75, 81], "uv_size": [1, 0.5]},
								"down": {"uv": [73, 80], "uv_size": [1, -1]}
							}
						},
						{
							"origin": [-3, 4.475, -3.1125],
							"size": [6, 0.1, 2.1125],
							"pivot": [3, 4.575, -1],
							"rotation": [-18.75, 0, 0],
							"uv": {
								"east": {"uv": [81, 75], "uv_size": [2, 0.25]},
								"west": {"uv": [81, 78], "uv_size": [2, 0.25]},
								"up": {"uv": [71, 52], "uv_size": [6, 2]}
							}
						},
						{
							"origin": [-0.75, 4.55784, -1.92426],
							"size": [1.5, 0.4, 0.2],
							"pivot": [0, 4.85784, -1.42426],
							"rotation": [-45, 0, 0],
							"uv": {
								"east": {"uv": [84, 84], "uv_size": [0.25, 0.5]},
								"south": {"uv": [65, 80], "uv_size": [1.5, 0.5]},
								"west": {"uv": [85, 0], "uv_size": [0.25, 0.5]},
								"up": {"uv": [79, 82], "uv_size": [1.5, 0.25]}
							}
						},
						{
							"origin": [-0.75, 4.85784, -1.12426],
							"size": [1.5, 0.1, 0.2],
							"pivot": [0, 4.85784, -1.42426],
							"rotation": [-45, 0, 0],
							"uv": {
								"north": {"uv": [82, 79], "uv_size": [1.5, 0.25]},
								"east": {"uv": [86, 2], "uv_size": [0.25, 0.25]},
								"west": {"uv": [86, 3], "uv_size": [0.25, 0.25]},
								"up": {"uv": [81, 82], "uv_size": [1.5, 0.25]}
							}
						},
						{
							"origin": [0.75, 4.45784, -1.92426],
							"size": [0.25, 0.5, 1],
							"pivot": [0, 4.85784, -1.42426],
							"rotation": [-45, 0, 0],
							"uv": {
								"east": {"uv": [77, 81], "uv_size": [1, 0.5]},
								"west": {"uv": [81, 79], "uv_size": [1, 0.5]},
								"up": {"uv": [68, 83], "uv_size": [0.25, 1]}
							}
						},
						{
							"origin": [-1, 4.45784, -1.92426],
							"size": [0.25, 0.5, 1],
							"pivot": [0, 4.85784, -1.42426],
							"rotation": [-45, 0, 0],
							"uv": {
								"east": {"uv": [80, 81], "uv_size": [1, 0.5]},
								"west": {"uv": [81, 81], "uv_size": [1, 0.5]},
								"up": {"uv": [83, 68], "uv_size": [0.25, 1]}
							}
						},
						{
							"origin": [-1, 4.89838, -2.33078],
							"size": [2, 0.2, 0.7],
							"pivot": [0, 4.99838, -2.13078],
							"rotation": [22.5, 0, 0],
							"uv": {
								"east": {"uv": [64, 84], "uv_size": [0.75, 0.25]},
								"west": {"uv": [84, 64], "uv_size": [0.75, 0.25]},
								"up": {"uv": [67, 77], "uv_size": [2, 0.75]}
							}
						},
						{
							"origin": [-1.925, 1.425, -3.2],
							"size": [4.925, 0.3, 2.2],
							"pivot": [3, 1.425, -1],
							"rotation": [25, 0, 0],
							"uv": {
								"east": {"uv": [76, 62], "uv_size": [-5, 2.25]},
								"west": {"uv": [76, 62], "uv_size": [-5, 2.25]},
								"down": {"uv": [71, 64.25], "uv_size": [5, -2.25]}
							}
						},
						{
							"origin": [-3, 3.975, -3],
							"size": [2, 0.6, 2],
							"uv": {
								"east": {"uv": [79, 74], "uv_size": [2, 0.5]},
								"south": {"uv": [79, 75], "uv_size": [2, 0.5]},
								"down": {"uv": [74, 21], "uv_size": [2, -2]}
							}
						},
						{
							"origin": [-1.925, 1.425, -1.5],
							"size": [0.925, 0.3, 0.5],
							"uv": {
								"south": {"uv": [69, 83], "uv_size": [1, 0.25]},
								"up": {"uv": [82, 4], "uv_size": [1, 0.5]}
							}
						},
						{
							"origin": [-3, 1.425, -2],
							"size": [1.1875, 0.3, 0.5],
							"pivot": [-3, 1.425, -1.5],
							"rotation": [0, -25, 0],
							"uv": {
								"south": {"uv": [83, 35], "uv_size": [1.25, 0.25]},
								"up": {"uv": [81, 15], "uv_size": [1.25, 0.5]}
							}
						},
						{
							"origin": [-3, 1.425, -3],
							"size": [2, 2.55, 1.5],
							"uv": {
								"south": {"uv": [74, 11], "uv_size": [2, 2.5]}
							}
						},
						{
							"origin": [-5.525, 1.425, -1.6],
							"size": [2.525, 3.3, 0.1],
							"pivot": [-3, 3.975, -1.5],
							"rotation": [0, -25, 0],
							"uv": {
								"south": {"uv": [73, 68], "uv_size": [2.5, 3.25]}
							}
						},
						{
							"origin": [-5.63626, 1.425, -2.54814],
							"size": [3.7125, 0.2, 1.55],
							"pivot": [-1.92376, 1.425, -0.99814],
							"rotation": [22.75, -25, 0],
							"uv": {
								"down": {"uv": [74, 7.5], "uv_size": [3.75, -1.5]}
							}
						},
						{
							"origin": [-5.525, 4.725, -1.6],
							"size": [1.375, 0.5, 0.1],
							"pivot": [-3, 3.975, -1.5],
							"rotation": [0, -25, 0],
							"uv": {
								"south": {"uv": [80, 65], "uv_size": [1.5, 0.5]}
							}
						},
						{
							"origin": [-5.525, 5.225, -1.6],
							"size": [0.45, 0.25, 0.1],
							"pivot": [-3, 3.975, -1.5],
							"rotation": [0, -25, 0],
							"uv": {
								"south": {"uv": [85, 1], "uv_size": [0.5, 0.25]}
							}
						},
						{
							"origin": [-1, 1.425, -1.5],
							"size": [4, 3.15, 0.5],
							"uv": {
								"east": {"uv": [77, 9], "uv_size": [0.5, 3.25]},
								"south": {"uv": [71, 37], "uv_size": [4, 3.25]},
								"west": {"uv": [77, 13], "uv_size": [0.5, 3.25]}
							}
						},
						{
							"origin": [3, 1.425, -1.75],
							"size": [2.6375, 3.15, 0.5],
							"pivot": [3, 1.425, -1.25],
							"rotation": [0, 30, 0],
							"uv": {
								"south": {"uv": [73, 27], "uv_size": [2.75, 3.25]}
							}
						},
						{
							"origin": [3, 1.425, -2.525],
							"size": [2.6375, 0.25, 1.275],
							"pivot": [3, 1.425, -1.25],
							"rotation": [26.75, 30, 0],
							"uv": {
								"down": {"uv": [74, 25.25], "uv_size": [2.75, -1.25]}
							}
						},
						{
							"origin": [3.9, 4.575, -1.75],
							"size": [1.7375, 0.5, 0.5],
							"pivot": [3, 1.425, -1.25],
							"rotation": [0, 30, 0],
							"uv": {
								"south": {"uv": [80, 49], "uv_size": [1.75, 0.5]}
							}
						},
						{
							"origin": [4.9, 5.075, -1.75],
							"size": [0.7375, 0.25, 0.5],
							"pivot": [3, 1.425, -1.25],
							"rotation": [0, 30, 0],
							"uv": {
								"south": {"uv": [65, 84], "uv_size": [0.75, 0.25]}
							}
						},
						{
							"origin": [5.4, 5.325, -1.75],
							"size": [0.2375, 0.125, 0.5],
							"pivot": [3, 1.425, -1.25],
							"rotation": [0, 30, 0],
							"uv": {
								"south": {"uv": [86, 4], "uv_size": [0.25, 0.25]}
							}
						},
						{
							"origin": [-0.25, 2.7514, -1],
							"size": [2.5, 0.4972, 1],
							"pivot": [1, 3, -0.5],
							"rotation": [0, 0, -11.25],
							"uv": {
								"east": {"uv": [82, 5], "uv_size": [1, 0.5]},
								"south": {"uv": [78, 3], "uv_size": [2.5, 0.5]},
								"west": {"uv": [82, 6], "uv_size": [1, 0.5]}
							}
						},
						{
							"origin": [2.74948, 3.00004, -1],
							"size": [0.25, 1, 1],
							"pivot": [2.99948, 3.00004, -1],
							"rotation": [3.86032, -9.23186, -22.81179],
							"uv": {
								"east": {"uv": [76, 79], "uv_size": [1, 1]},
								"south": {"uv": [83, 69], "uv_size": [0.25, 1]},
								"west": {"uv": [79, 76], "uv_size": [1, 1]}
							}
						},
						{
							"origin": [2.74948, 3.81919, -1.99192],
							"size": [0.25, 0.57358, 1.2375],
							"pivot": [2.99948, 3.00004, -1],
							"rotation": [-31.13968, -9.23186, -22.81179],
							"uv": {
								"east": {"uv": [81, 16], "uv_size": [1.25, 0.5]},
								"west": {"uv": [81, 17], "uv_size": [1.25, 0.5]},
								"up": {"uv": [83, 36], "uv_size": [0.25, 1.25]}
							}
						},
						{
							"origin": [2.74948, 1.60723, -1.99192],
							"size": [0.25, 0.57358, 1.2375],
							"pivot": [2.99948, 2.99996, -1],
							"rotation": [31.13968, -9.23186, 22.81179],
							"uv": {
								"east": {"uv": [81, 19], "uv_size": [1.25, 0.5]},
								"west": {"uv": [81, 20], "uv_size": [1.25, 0.5]},
								"down": {"uv": [83, 42.25], "uv_size": [0.25, -1.25]}
							}
						},
						{
							"origin": [-0.99948, 3.81919, -1.99192],
							"size": [0.25, 0.57358, 1.2375],
							"pivot": [-0.99948, 3.00004, -1],
							"rotation": [-31.13968, 9.23186, 22.81179],
							"uv": {
								"east": {"uv": [81, 21], "uv_size": [1.25, 0.5]},
								"west": {"uv": [81, 22], "uv_size": [1.25, 0.5]},
								"up": {"uv": [83, 43], "uv_size": [0.25, 1.25]}
							}
						},
						{
							"origin": [-0.99948, 3.00004, -1],
							"size": [0.25, 1, 1],
							"pivot": [-0.99948, 3.00004, -1],
							"rotation": [3.86032, 9.23186, 22.81179],
							"uv": {
								"east": {"uv": [79, 77], "uv_size": [1, 1]},
								"south": {"uv": [83, 70], "uv_size": [0.25, 1]},
								"west": {"uv": [78, 79], "uv_size": [1, 1]}
							}
						},
						{
							"origin": [-0.99948, 1.99996, -1],
							"size": [0.25, 1, 1],
							"pivot": [-0.99948, 2.99996, -1],
							"rotation": [-3.86032, 9.23186, -22.81179],
							"uv": {
								"east": {"uv": [79, 78], "uv_size": [1, 1]},
								"south": {"uv": [83, 71], "uv_size": [0.25, 1]},
								"west": {"uv": [79, 79], "uv_size": [1, 1]}
							}
						},
						{
							"origin": [-0.99948, 1.60723, -1.99192],
							"size": [0.25, 0.57358, 1.2375],
							"pivot": [-0.99948, 2.99996, -1],
							"rotation": [31.13968, 9.23186, -22.81179],
							"uv": {
								"east": {"uv": [81, 23], "uv_size": [1.25, 0.5]},
								"west": {"uv": [81, 24], "uv_size": [1.25, 0.5]},
								"down": {"uv": [83, 46.25], "uv_size": [0.25, -1.25]}
							}
						},
						{
							"origin": [2.74948, 1.99996, -1],
							"size": [0.25, 1, 1],
							"pivot": [2.99948, 2.99996, -1],
							"rotation": [-3.86032, -9.23186, 22.81179],
							"uv": {
								"east": {"uv": [80, 0], "uv_size": [1, 1]},
								"south": {"uv": [72, 83], "uv_size": [0.25, 1]},
								"west": {"uv": [80, 1], "uv_size": [1, 1]}
							}
						},
						{
							"origin": [-0.25, 2.7514, -1],
							"size": [2.5, 0.4972, 1],
							"pivot": [1, 3, -0.5],
							"rotation": [0, 0, -33.75],
							"uv": {
								"east": {"uv": [82, 12], "uv_size": [1, 0.5]},
								"south": {"uv": [78, 9], "uv_size": [2.5, 0.5]},
								"west": {"uv": [82, 13], "uv_size": [1, 0.5]}
							}
						},
						{
							"origin": [-0.25, 2.7514, -1],
							"size": [2.5, 0.4972, 1],
							"pivot": [1, 3, -0.5],
							"rotation": [0, 0, -56.25],
							"uv": {
								"east": {"uv": [82, 14], "uv_size": [1, 0.5]},
								"south": {"uv": [78, 10], "uv_size": [2.5, 0.5]},
								"west": {"uv": [82, 18], "uv_size": [1, 0.5]}
							}
						},
						{
							"origin": [-0.25, 2.7514, -1],
							"size": [2.5, 0.4972, 1],
							"pivot": [1, 3, -0.5],
							"rotation": [0, 0, -78.75],
							"uv": {
								"east": {"uv": [82, 26], "uv_size": [1, 0.5]},
								"south": {"uv": [78, 11], "uv_size": [2.5, 0.5]},
								"west": {"uv": [82, 27], "uv_size": [1, 0.5]}
							}
						},
						{
							"origin": [-0.25, 2.7514, -1],
							"size": [2.5, 0.4972, 1],
							"pivot": [1, 3, -0.5],
							"rotation": [0, 0, -101.25],
							"uv": {
								"east": {"uv": [82, 28], "uv_size": [1, 0.5]},
								"south": {"uv": [78, 12], "uv_size": [2.5, 0.5]},
								"west": {"uv": [82, 31], "uv_size": [1, 0.5]}
							}
						},
						{
							"origin": [-0.25, 2.7514, -1],
							"size": [2.5, 0.4972, 1],
							"pivot": [1, 3, -0.5],
							"rotation": [0, 0, -123.75],
							"uv": {
								"east": {"uv": [82, 32], "uv_size": [1, 0.5]},
								"south": {"uv": [78, 13], "uv_size": [2.5, 0.5]},
								"west": {"uv": [82, 33], "uv_size": [1, 0.5]}
							}
						},
						{
							"origin": [-0.25, 2.7514, -1],
							"size": [2.5, 0.4972, 1],
							"pivot": [1, 3, -0.5],
							"rotation": [0, 0, -146.25],
							"uv": {
								"east": {"uv": [82, 34], "uv_size": [1, 0.5]},
								"south": {"uv": [78, 14], "uv_size": [2.5, 0.5]},
								"west": {"uv": [82, 35], "uv_size": [1, 0.5]}
							}
						},
						{
							"origin": [-0.25, 2.7514, -1],
							"size": [2.5, 0.4972, 1],
							"pivot": [1, 3, -0.5],
							"rotation": [0, 0, -168.75],
							"uv": {
								"east": {"uv": [82, 36], "uv_size": [1, 0.5]},
								"south": {"uv": [78, 15], "uv_size": [2.5, 0.5]},
								"west": {"uv": [82, 37], "uv_size": [1, 0.5]}
							}
						},
						{
							"origin": [-0.80385, 2.59391, -4],
							"size": [0.375, 0.875, 1],
							"pivot": [5.19615, -0.03109, -4],
							"rotation": [0, 0, 30],
							"uv": {
								"north": {"uv": [82, 38], "uv_size": [0.5, 1]},
								"east": {"uv": [80, 2], "uv_size": [1, 1]},
								"south": {"uv": [82, 42], "uv_size": [0.5, 1]}
							}
						},
						{
							"origin": [1.75, 0, -4],
							"size": [3.1, 6, 1],
							"uv": {
								"north": {"uv": [70, 26], "uv_size": [3, 6]},
								"up": {"uv": [75, 33], "uv_size": [3, 1]},
								"down": {"uv": [75, 35], "uv_size": [3, -1]}
							}
						},
						{
							"origin": [4.85, 5.75, -4],
							"size": [0.4, 0.25, 1.325],
							"uv": {
								"north": {"uv": [85, 2], "uv_size": [0.5, 0.25]},
								"east": {"uv": [83, 38], "uv_size": [1.25, 0.25]},
								"south": {"uv": [85, 3], "uv_size": [0.5, 0.25]},
								"up": {"uv": [81, 27], "uv_size": [0.5, 1.25]}
							}
						},
						{
							"origin": [4.75, 5.5, -4],
							"size": [0.5, 0.5, 1.325],
							"pivot": [5.25, 6, -3],
							"rotation": [0, 0, -30],
							"uv": {
								"north": {"uv": [83, 72], "uv_size": [0.5, 0.5]},
								"west": {"uv": [81, 25], "uv_size": [1.25, 0.5]},
								"down": {"uv": [81, 32.25], "uv_size": [0.5, -1.25]}
							}
						},
						{
							"origin": [6.73125, 3.96389, -3.4],
							"size": [0.25, 2, 0.25],
							"pivot": [6.98125, 3.00139, -2.4],
							"rotation": [0, 0, -30],
							"uv": {
								"north": {"uv": [82, 43], "uv_size": [0.25, 2]},
								"east": {"uv": [82, 49], "uv_size": [0.25, 2]},
								"south": {"uv": [82, 51], "uv_size": [0.25, 2]},
								"west": {"uv": [82, 53], "uv_size": [0.25, 2]}
							}
						},
						{
							"origin": [6.48125, 3.96389, -4],
							"size": [0.5, 2, 0.25],
							"pivot": [6.98125, 3.00139, -3],
							"rotation": [0, 0, -30],
							"uv": {
								"north": {"uv": [80, 6], "uv_size": [0.5, 2]},
								"south": {"uv": [80, 16], "uv_size": [0.5, 2]},
								"west": {"uv": [82, 58], "uv_size": [0.25, 2]}
							}
						},
						{
							"origin": [6.48125, 3.40139, -4],
							"size": [0.5, 0.5625, 1],
							"pivot": [6.98125, 3.00139, -3],
							"rotation": [0, 0, -30],
							"uv": {
								"north": {"uv": [73, 83], "uv_size": [0.5, 0.5]},
								"west": {"uv": [82, 46], "uv_size": [1, 0.5]},
								"up": {"uv": [82, 55], "uv_size": [0.5, 1]}
							}
						},
						{
							"origin": [6.53125, 2.6522, -4],
							"size": [0.25, 0.6956, 1],
							"uv": {
								"north": {"uv": [84, 65], "uv_size": [0.25, 0.75]},
								"west": {"uv": [80, 66], "uv_size": [1, 0.75]}
							}
						},
						{
							"origin": [6.73125, -0.06389, -4],
							"size": [0.25, 2.6625, 1],
							"pivot": [6.98125, 2.99861, -3],
							"rotation": [0, 0, 30],
							"uv": {
								"north": {"uv": [76, 80], "uv_size": [0.25, 2.75]},
								"west": {"uv": [70, 32], "uv_size": [1, 2.75]}
							}
						},
						{
							"origin": [4.9637, -0.06565, -4],
							"size": [0.25, 0.6956, 1],
							"pivot": [5.0887, 0.28215, -3.5],
							"rotation": [0, 0, 60],
							"uv": {
								"north": {"uv": [66, 84], "uv_size": [0.25, 0.75]},
								"west": {"uv": [80, 67], "uv_size": [1, 0.75]}
							}
						},
						{
							"origin": [-0.80385, 2.53109, -4],
							"size": [0.375, 0.5875, 1],
							"pivot": [5.19615, 6.03109, -4],
							"rotation": [0, 0, -30],
							"uv": {
								"north": {"uv": [83, 73], "uv_size": [0.5, 0.5]},
								"east": {"uv": [82, 60], "uv_size": [1, 0.5]}
							}
						},
						{
							"origin": [1.75, 0, -3],
							"size": [0.375, 0.5875, 0.4],
							"pivot": [1.75, 0, -3],
							"rotation": [0, 50, -30],
							"uv": {
								"east": {"uv": [74, 83], "uv_size": [0.5, 0.5]}
							}
						},
						{
							"origin": [1.75, 0.25, -3.00449],
							"size": [3.0375, 1.1, 0.4375],
							"uv": {
								"east": {"uv": [82, 61], "uv_size": [0.5, 1]},
								"south": {"uv": [75, 35], "uv_size": [3, 1]}
							}
						},
						{
							"origin": [4.7875, 0.5375, -2.66699],
							"size": [0.4125, 0.875, 0.1],
							"uv": {
								"south": {"uv": [82, 62], "uv_size": [0.5, 1]}
							}
						},
						{
							"origin": [1.75, 0, -3],
							"size": [3.0375, 0.2125, 0.5],
							"pivot": [5.25, 0, -3],
							"rotation": [30, 0, 0],
							"uv": {
								"east": {"uv": [85, 4], "uv_size": [0.5, 0.25]},
								"down": {"uv": [77, 68.5], "uv_size": [3, -0.5]}
							}
						},
						{
							"origin": [5.14942, -0.00505, -3.09962],
							"size": [0.1, 0.075, 0.5],
							"pivot": [5.06565, 0.32208, -2.80969],
							"rotation": [-7.75, -30, 90],
							"uv": {
								"west": {"uv": [85, 5], "uv_size": [0.5, 0.25]}
							}
						},
						{
							"origin": [5.02062, 0.01509, -3.09945],
							"size": [0.1, 0.075, 0.5],
							"pivot": [5.06565, 0.32208, -2.80969],
							"rotation": [7.5, -30, 60],
							"uv": {
								"west": {"uv": [85, 6], "uv_size": [0.5, 0.25]}
							}
						},
						{
							"origin": [4.73899, 0.04516, -2.66681],
							"size": [0.25, 0.55107, 0.1],
							"pivot": [5.06565, 0.32208, -2.80969],
							"rotation": [0, 0, 60],
							"uv": {
								"south": {"uv": [85, 7], "uv_size": [0.25, 0.5]}
							}
						},
						{
							"origin": [5.02062, 0.04516, -3.06118],
							"size": [0.10008, 0.55107, 0.50016],
							"pivot": [5.06565, 0.32208, -2.80969],
							"rotation": [0, -30, 60],
							"uv": {
								"west": {"uv": [83, 74], "uv_size": [0.5, 0.5]}
							}
						},
						{
							"origin": [5.01822, 0.55269, -3.09927],
							"size": [0.1, 0.075, 0.5],
							"pivot": [5.06325, 0.3207, -2.80952],
							"rotation": [-7.5, -30, 60],
							"uv": {
								"west": {"uv": [85, 8], "uv_size": [0.5, 0.25]}
							}
						},
						{
							"origin": [5.14702, 0.57282, -3.09945],
							"size": [0.1, 0.075, 0.5],
							"pivot": [5.06325, 0.3207, -2.80952],
							"rotation": [7.75, -30, 30],
							"uv": {
								"west": {"uv": [85, 9], "uv_size": [0.5, 0.25]}
							}
						},
						{
							"origin": [6.0335, 0.18558, -2.66681],
							"size": [0.49999, 2.5375, 0.1],
							"pivot": [6.5335, 2.72308, -2.56699],
							"rotation": [0, 0, 30],
							"uv": {
								"south": {"uv": [78, 21], "uv_size": [0.5, 2.5]}
							}
						},
						{
							"origin": [6.43349, 0.18558, -3.06681],
							"size": [0.1, 2.5375, 0.5],
							"pivot": [6.53349, 2.72308, -2.56681],
							"rotation": [0, -30, 30],
							"uv": {
								"west": {"uv": [78, 32], "uv_size": [0.5, 2.5]}
							}
						},
						{
							"origin": [6.4335, 2.64808, -3.06699],
							"size": [0.1, 0.075, 0.5],
							"pivot": [6.5335, 2.72308, -2.56699],
							"rotation": [-7.75, -30, 30],
							"uv": {
								"west": {"uv": [85, 10], "uv_size": [0.5, 0.25]}
							}
						},
						{
							"origin": [6.4335, 2.72308, -3.06699],
							"size": [0.1, 0.075, 0.5],
							"pivot": [6.5335, 2.72308, -2.56699],
							"rotation": [7.5, -30, 0],
							"uv": {
								"west": {"uv": [85, 11], "uv_size": [0.5, 0.25]}
							}
						},
						{
							"origin": [5.271, 1.42051, -2.66699],
							"size": [0.2, 3.00897, 0.1],
							"uv": {
								"south": {"uv": [69, 80], "uv_size": [0.25, 3]}
							}
						},
						{
							"origin": [5.471, 1.89551, -2.66699],
							"size": [0.4875, 2.20897, 0.1],
							"uv": {
								"south": {"uv": [78, 76], "uv_size": [0.5, 2.25]}
							}
						},
						{
							"origin": [5.9585, 2.72308, -2.66699],
							"size": [0.575, 0.55384, 0.1],
							"uv": {
								"south": {"uv": [75, 83], "uv_size": [0.5, 0.5]}
							}
						},
						{
							"origin": [6.4335, 2.72308, -3.06699],
							"size": [0.1, 0.55384, 0.5],
							"pivot": [6.5335, 3.27692, -2.56699],
							"rotation": [0, -30, 0],
							"uv": {
								"west": {"uv": [83, 75], "uv_size": [0.5, 0.5]}
							}
						},
						{
							"origin": [6.4335, 3.20192, -3.06699],
							"size": [0.1, 0.075, 0.5],
							"pivot": [6.5335, 3.27692, -2.56699],
							"rotation": [-7.5, -30, 0],
							"uv": {
								"west": {"uv": [85, 12], "uv_size": [0.5, 0.25]}
							}
						},
						{
							"origin": [6.4335, 3.27692, -3.06699],
							"size": [0.1, 0.075, 0.5],
							"pivot": [6.5335, 3.27692, -2.56699],
							"rotation": [7.75, -30, -30],
							"uv": {
								"west": {"uv": [85, 13], "uv_size": [0.5, 0.25]}
							}
						},
						{
							"origin": [1.9, 5.5, -3.175],
							"size": [3.35, 0.5, 0.5],
							"pivot": [5.25, 6, -2.675],
							"rotation": [0, 30, -30],
							"uv": {
								"south": {"uv": [77, 24], "uv_size": [3.25, 0.5]},
								"down": {"uv": [77, 25.5], "uv_size": [3.25, -0.5]}
							}
						},
						{
							"origin": [1.9, 5.9, -3.075],
							"size": [3.35, 0.1, 0.4],
							"pivot": [5.25, 6, -2.675],
							"rotation": [-16, 30, -30],
							"uv": {
								"up": {"uv": [77, 27], "uv_size": [3.25, 0.5]}
							}
						},
						{
							"origin": [1.125, 5.9, -3],
							"size": [0.625, 0.1, 2.125],
							"pivot": [1.75, 6, -3],
							"rotation": [-18.6724, -36.04007, -60.12724],
							"uv": {
								"up": {"uv": [76, 72], "uv_size": [0.75, 2.25]}
							}
						},
						{
							"origin": [1.75, 5.9, -1.55],
							"size": [1.7, 0.1, 0.5125],
							"pivot": [1.75, 6, -3],
							"rotation": [-40, 0, 0],
							"uv": {
								"up": {"uv": [80, 50], "uv_size": [1.75, 0.5]}
							}
						},
						{
							"origin": [1.75, 5.9, -2.25],
							"size": [2.4625, 0.1, 0.7],
							"pivot": [1.75, 6, -3],
							"rotation": [-40, 0, 0],
							"uv": {
								"up": {"uv": [76, 20], "uv_size": [2.5, 0.75]}
							}
						},
						{
							"origin": [1.75, 5.9, -3],
							"size": [3.25, 0.1, 0.75],
							"pivot": [1.75, 6, -3],
							"rotation": [-40, 0, 0],
							"uv": {
								"up": {"uv": [75, 44], "uv_size": [3.25, 0.75]}
							}
						},
						{
							"origin": [-5, 5.9, -3],
							"size": [3.25, 0.1, 0.75],
							"pivot": [-1.75, 6, -3],
							"rotation": [-40, 0, 0],
							"uv": {
								"up": {"uv": [72, 75], "uv_size": [3.25, 0.75]}
							}
						},
						{
							"origin": [-4.2125, 5.9, -2.25],
							"size": [2.4625, 0.1, 0.7],
							"pivot": [-1.75, 6, -3],
							"rotation": [-40, 0, 0],
							"uv": {
								"up": {"uv": [76, 30], "uv_size": [2.5, 0.75]}
							}
						},
						{
							"origin": [-3.45, 5.9, -1.55],
							"size": [1.7, 0.1, 0.5125],
							"pivot": [-1.75, 6, -3],
							"rotation": [-40, 0, 0],
							"uv": {
								"up": {"uv": [80, 51], "uv_size": [1.75, 0.5]}
							}
						},
						{
							"origin": [-1.75, 5.9, -3],
							"size": [0.625, 0.1, 2.125],
							"pivot": [-1.75, 6, -3],
							"rotation": [-18.6724, 36.04007, 60.12724],
							"uv": {
								"up": {"uv": [73, 76], "uv_size": [0.75, 2.25]}
							}
						},
						{
							"origin": [-5.25, 5.9, -3.075],
							"size": [3.35, 0.1, 0.4],
							"pivot": [-5.25, 6, -2.675],
							"rotation": [-16, -30, 30],
							"uv": {
								"up": {"uv": [77, 28], "uv_size": [3.25, 0.5]}
							}
						},
						{
							"origin": [-5.25, 5.5, -3.175],
							"size": [3.35, 0.5, 0.5],
							"pivot": [-5.25, 6, -2.675],
							"rotation": [0, -30, 30],
							"uv": {
								"south": {"uv": [77, 29], "uv_size": [3.25, 0.5]},
								"down": {"uv": [77, 31.5], "uv_size": [3.25, -0.5]}
							}
						},
						{
							"origin": [-6.5335, 3.27692, -3.06699],
							"size": [0.4375, 0.50001, 0.5],
							"pivot": [-6.5335, 3.27692, -2.56699],
							"rotation": [0, 30, 30],
							"uv": {
								"east": {"uv": [76, 83], "uv_size": [0.5, 0.5]},
								"up": {"uv": [77, 83], "uv_size": [0.5, 0.5]}
							}
						},
						{
							"origin": [6.0335, 3.27692, -2.81699],
							"size": [0.5, 2.5, 0.25],
							"pivot": [6.5335, 3.27692, -2.56699],
							"rotation": [0, 0, -30],
							"uv": {
								"north": {"uv": [78, 35], "uv_size": [0.5, 2.5]},
								"south": {"uv": [78, 41], "uv_size": [0.5, 2.5]},
								"west": {"uv": [81, 33], "uv_size": [0.25, 2.5]}
							}
						},
						{
							"origin": [6.1835, 3.27692, -3.76699],
							"size": [0.1, 2.5, 0.95],
							"pivot": [6.5335, 3.27692, -2.81699],
							"rotation": [0, 0, -30],
							"uv": {
								"west": {"uv": [70, 75], "uv_size": [1, 2.5]}
							}
						},
						{
							"origin": [6.096, 3.27692, -3.06699],
							"size": [0.4375, 0.50001, 0.5],
							"pivot": [6.5335, 3.27692, -2.56699],
							"rotation": [0, -30, -30],
							"uv": {
								"west": {"uv": [78, 83], "uv_size": [0.5, 0.5]},
								"up": {"uv": [83, 78], "uv_size": [0.5, 0.5]}
							}
						},
						{
							"origin": [-6.5335, 3.27692, -2.81699],
							"size": [0.5, 2.5, 0.25],
							"pivot": [-6.5335, 3.27692, -2.56699],
							"rotation": [0, 0, 30],
							"uv": {
								"north": {"uv": [67, 78], "uv_size": [0.5, 2.5]},
								"east": {"uv": [81, 42], "uv_size": [0.25, 2.5]},
								"south": {"uv": [68, 78], "uv_size": [0.5, 2.5]}
							}
						},
						{
							"origin": [-6.2835, 3.27692, -3.76699],
							"size": [0.1, 2.5, 0.95],
							"pivot": [-6.5335, 3.27692, -2.56699],
							"rotation": [0, 0, 30],
							"uv": {
								"east": {"uv": [71, 75], "uv_size": [1, 2.5]}
							}
						},
						{
							"origin": [-6.5335, 3.27692, -3.06699],
							"size": [0.1, 0.075, 0.5],
							"pivot": [-6.5335, 3.27692, -2.56699],
							"rotation": [7.75, 30, 30],
							"uv": {
								"east": {"uv": [85, 14], "uv_size": [0.5, 0.25]}
							}
						},
						{
							"origin": [-6.5335, 3.20192, -3.06699],
							"size": [0.1, 0.075, 0.5],
							"pivot": [-6.5335, 3.27692, -2.56699],
							"rotation": [-7.5, 30, 0],
							"uv": {
								"east": {"uv": [85, 15], "uv_size": [0.5, 0.25]}
							}
						},
						{
							"origin": [-6.5335, 2.72308, -3.06699],
							"size": [0.1, 0.55384, 0.5],
							"pivot": [-6.5335, 3.27692, -2.56699],
							"rotation": [0, 30, 0],
							"uv": {
								"east": {"uv": [79, 83], "uv_size": [0.5, 0.5]}
							}
						},
						{
							"origin": [-6.5335, 2.72308, -2.66699],
							"size": [0.575, 0.55384, 0.1],
							"uv": {
								"south": {"uv": [80, 83], "uv_size": [0.5, 0.5]}
							}
						},
						{
							"origin": [-5.9585, 1.89551, -2.66699],
							"size": [0.4875, 2.20897, 0.1],
							"uv": {
								"south": {"uv": [77, 78], "uv_size": [0.5, 2.25]}
							}
						},
						{
							"origin": [-5.471, 1.42051, -2.66699],
							"size": [0.2, 3.00897, 0.1],
							"uv": {
								"south": {"uv": [73, 80], "uv_size": [0.25, 3]}
							}
						},
						{
							"origin": [-6.5335, 2.72308, -3.06699],
							"size": [0.1, 0.075, 0.5],
							"pivot": [-6.5335, 2.72308, -2.56699],
							"rotation": [7.5, 30, 0],
							"uv": {
								"east": {"uv": [85, 16], "uv_size": [0.5, 0.25]}
							}
						},
						{
							"origin": [-6.5335, 2.64808, -3.06699],
							"size": [0.1, 0.075, 0.5],
							"pivot": [-6.5335, 2.72308, -2.56699],
							"rotation": [-7.75, 30, -30],
							"uv": {
								"east": {"uv": [85, 17], "uv_size": [0.5, 0.25]}
							}
						},
						{
							"origin": [-6.53349, 0.18558, -3.06681],
							"size": [0.1, 2.5375, 0.5],
							"pivot": [-6.53349, 2.72308, -2.56681],
							"rotation": [0, 30, -30],
							"uv": {
								"east": {"uv": [70, 78], "uv_size": [0.5, 2.5]}
							}
						},
						{
							"origin": [-6.53349, 0.18558, -2.66681],
							"size": [0.49999, 2.5375, 0.1],
							"pivot": [-6.5335, 2.72308, -2.56699],
							"rotation": [0, 0, -30],
							"uv": {
								"south": {"uv": [78, 70], "uv_size": [0.5, 2.5]}
							}
						},
						{
							"origin": [-5.24702, 0.57282, -3.09945],
							"size": [0.1, 0.075, 0.5],
							"pivot": [-5.06325, 0.3207, -2.80952],
							"rotation": [7.75, 30, -30],
							"uv": {
								"east": {"uv": [85, 18], "uv_size": [0.5, 0.25]}
							}
						},
						{
							"origin": [-5.11822, 0.55269, -3.09927],
							"size": [0.1, 0.075, 0.5],
							"pivot": [-5.06325, 0.3207, -2.80952],
							"rotation": [-7.5, 30, -60],
							"uv": {
								"east": {"uv": [85, 19], "uv_size": [0.5, 0.25]}
							}
						},
						{
							"origin": [-5.1207, 0.04516, -3.06118],
							"size": [0.10008, 0.55107, 0.50016],
							"pivot": [-5.06565, 0.32208, -2.80969],
							"rotation": [0, 30, -60],
							"uv": {
								"east": {"uv": [83, 80], "uv_size": [0.5, 0.5]}
							}
						},
						{
							"origin": [-4.98899, 0.04516, -2.66681],
							"size": [0.25, 0.55107, 0.1],
							"pivot": [-5.06565, 0.32208, -2.80969],
							"rotation": [0, 0, -60],
							"uv": {
								"south": {"uv": [85, 20], "uv_size": [0.25, 0.5]}
							}
						},
						{
							"origin": [-5.12062, 0.01509, -3.09945],
							"size": [0.1, 0.075, 0.5],
							"pivot": [-5.06565, 0.32208, -2.80969],
							"rotation": [7.5, 30, -60],
							"uv": {
								"east": {"uv": [85, 21], "uv_size": [0.5, 0.25]}
							}
						},
						{
							"origin": [-5.24942, -0.00505, -3.09962],
							"size": [0.1, 0.075, 0.5],
							"pivot": [-5.06565, 0.32208, -2.80969],
							"rotation": [-7.75, 30, -90],
							"uv": {
								"east": {"uv": [85, 22], "uv_size": [0.5, 0.25]}
							}
						},
						{
							"origin": [-4.7875, 0, -3],
							"size": [3.0375, 0.2125, 0.5],
							"pivot": [-5.25, 0, -3],
							"rotation": [30, 0, 0],
							"uv": {
								"west": {"uv": [85, 23], "uv_size": [0.5, 0.25]},
								"down": {"uv": [77, 69.5], "uv_size": [3, -0.5]}
							}
						},
						{
							"origin": [-5.2, 0.5375, -2.66699],
							"size": [0.4125, 0.875, 0.1],
							"uv": {
								"south": {"uv": [82, 63], "uv_size": [0.5, 1]}
							}
						},
						{
							"origin": [-4.7875, 0.25, -3.00449],
							"size": [3.0375, 1.1, 0.4375],
							"uv": {
								"south": {"uv": [75, 36], "uv_size": [3, 1]},
								"west": {"uv": [82, 64], "uv_size": [0.5, 1]}
							}
						},
						{
							"origin": [-2.125, 0, -3],
							"size": [0.375, 0.5875, 0.4],
							"pivot": [-1.75, 0, -3],
							"rotation": [0, -50, 30],
							"uv": {
								"west": {"uv": [81, 83], "uv_size": [0.5, 0.5]}
							}
						},
						{
							"origin": [0.42885, 2.53109, -4],
							"size": [0.375, 0.5875, 1],
							"pivot": [-5.19615, 6.03109, -4],
							"rotation": [0, 0, 30],
							"uv": {
								"north": {"uv": [83, 81], "uv_size": [0.5, 0.5]},
								"west": {"uv": [82, 65], "uv_size": [1, 0.5]}
							}
						},
						{
							"origin": [-5.2137, -0.06565, -4],
							"size": [0.25, 0.6956, 1],
							"pivot": [-5.0887, 0.28215, -3.5],
							"rotation": [0, 0, -60],
							"uv": {
								"north": {"uv": [84, 66], "uv_size": [0.25, 0.75]},
								"east": {"uv": [80, 68], "uv_size": [1, 0.75]}
							}
						},
						{
							"origin": [-6.98125, -0.06389, -4],
							"size": [0.25, 2.6625, 1],
							"pivot": [-6.98125, 2.99861, -3],
							"rotation": [0, 0, -30],
							"uv": {
								"north": {"uv": [78, 80], "uv_size": [0.25, 2.75]},
								"east": {"uv": [75, 41], "uv_size": [1, 2.75]}
							}
						},
						{
							"origin": [-6.78125, 2.6522, -4],
							"size": [0.25, 0.6956, 1],
							"uv": {
								"north": {"uv": [67, 84], "uv_size": [0.25, 0.75]},
								"east": {"uv": [80, 69], "uv_size": [1, 0.75]}
							}
						},
						{
							"origin": [-6.98125, 3.40139, -4],
							"size": [0.5, 0.5625, 1],
							"pivot": [-6.98125, 3.00139, -3],
							"rotation": [0, 0, 30],
							"uv": {
								"north": {"uv": [82, 83], "uv_size": [0.5, 0.5]},
								"east": {"uv": [82, 66], "uv_size": [1, 0.5]},
								"up": {"uv": [82, 67], "uv_size": [0.5, 1]}
							}
						},
						{
							"origin": [-6.98125, 3.96389, -4],
							"size": [0.5, 2, 0.25],
							"pivot": [-6.98125, 3.00139, -3],
							"rotation": [0, 0, 30],
							"uv": {
								"north": {"uv": [80, 19], "uv_size": [0.5, 2]},
								"east": {"uv": [82, 68], "uv_size": [0.25, 2]},
								"south": {"uv": [80, 21], "uv_size": [0.5, 2]}
							}
						},
						{
							"origin": [-6.98125, 3.96389, -3.4],
							"size": [0.25, 2, 0.25],
							"pivot": [-6.98125, 3.00139, -2.4],
							"rotation": [0, 0, 30],
							"uv": {
								"north": {"uv": [70, 82], "uv_size": [0.25, 2]},
								"east": {"uv": [82, 70], "uv_size": [0.25, 2]},
								"south": {"uv": [71, 82], "uv_size": [0.25, 2]},
								"west": {"uv": [82, 72], "uv_size": [0.25, 2]}
							}
						},
						{
							"origin": [-5.25, 5.5, -4],
							"size": [0.5, 0.5, 1.325],
							"pivot": [-5.25, 6, -3],
							"rotation": [0, 0, 30],
							"uv": {
								"north": {"uv": [83, 82], "uv_size": [0.5, 0.5]},
								"east": {"uv": [81, 29], "uv_size": [1.25, 0.5]},
								"down": {"uv": [81, 37.25], "uv_size": [0.5, -1.25]}
							}
						},
						{
							"origin": [-5.25, 5.75, -4],
							"size": [0.4, 0.25, 1.325],
							"uv": {
								"north": {"uv": [85, 24], "uv_size": [0.5, 0.25]},
								"south": {"uv": [85, 25], "uv_size": [0.5, 0.25]},
								"west": {"uv": [83, 49], "uv_size": [1.25, 0.25]},
								"up": {"uv": [81, 52], "uv_size": [0.5, 1.25]}
							}
						},
						{
							"origin": [-4.85, 0, -4],
							"size": [3.1, 6, 1],
							"uv": {
								"north": {"uv": [70, 68], "uv_size": [3, 6]},
								"up": {"uv": [75, 37], "uv_size": [3, 1]},
								"down": {"uv": [75, 39], "uv_size": [3, -1]}
							}
						},
						{
							"origin": [0.42885, 2.59391, -4],
							"size": [0.375, 0.875, 1],
							"pivot": [-5.19615, -0.03109, -4],
							"rotation": [0, 0, -30],
							"uv": {
								"north": {"uv": [74, 82], "uv_size": [0.5, 1]},
								"south": {"uv": [82, 74], "uv_size": [0.5, 1]},
								"west": {"uv": [80, 23], "uv_size": [1, 1]}
							}
						},
						{
							"origin": [-0.25, 1.725, -12.5],
							"size": [0.75, 0.3, 0.5],
							"uv": {
								"north": {"uv": [84, 67], "uv_size": [0.75, 0.25]},
								"east": {"uv": [85, 26], "uv_size": [0.5, 0.25]},
								"west": {"uv": [85, 27], "uv_size": [0.5, 0.25]}
							}
						},
						{
							"origin": [-0.24622, 1.7159, -12.5],
							"size": [0.74246, 0.3182, 0.5],
							"pivot": [0.125, 1.875, -12.25],
							"rotation": [0, 0, -45],
							"uv": {
								"north": {"uv": [68, 84], "uv_size": [0.75, 0.25]},
								"east": {"uv": [85, 28], "uv_size": [0.5, 0.25]},
								"west": {"uv": [85, 29], "uv_size": [0.5, 0.25]}
							}
						},
						{
							"origin": [-0.24623, 1.7159, -12.5],
							"size": [0.74246, 0.3182, 0.5],
							"pivot": [0.125, 1.875, -12.25],
							"rotation": [0, 0, 45],
							"uv": {
								"north": {"uv": [84, 68], "uv_size": [0.75, 0.25]},
								"east": {"uv": [85, 30], "uv_size": [0.5, 0.25]},
								"west": {"uv": [85, 31], "uv_size": [0.5, 0.25]}
							}
						},
						{
							"origin": [-0.025, 1.5, -12.5],
							"size": [0.3, 0.75, 0.5],
							"uv": {
								"north": {"uv": [69, 84], "uv_size": [0.25, 0.75]},
								"up": {"uv": [85, 32], "uv_size": [0.25, 0.5]},
								"down": {"uv": [85, 33.5], "uv_size": [0.25, -0.5]}
							}
						},
						{
							"origin": [-2.58107, 0.99216, -12.5],
							"size": [0.21213, 0.56569, 0.5],
							"pivot": [-2.475, 1.275, -12.25],
							"rotation": [0, 0, 45],
							"uv": {
								"north": {"uv": [85, 34], "uv_size": [0.25, 0.5]},
								"up": {"uv": [85, 35], "uv_size": [0.25, 0.5]},
								"down": {"uv": [85, 36.5], "uv_size": [0.25, -0.5]}
							}
						},
						{
							"origin": [-2.58107, 0.99216, -12.5],
							"size": [0.21213, 0.56569, 0.5],
							"pivot": [-2.475, 1.275, -12.25],
							"rotation": [0, 0, -45],
							"uv": {
								"north": {"uv": [85, 37], "uv_size": [0.25, 0.5]},
								"up": {"uv": [85, 38], "uv_size": [0.25, 0.5]},
								"down": {"uv": [85, 39.5], "uv_size": [0.25, -0.5]}
							}
						},
						{
							"origin": [-2.6, 1, -12.5],
							"size": [0.25, 0.55, 0.5],
							"uv": {
								"north": {"uv": [85, 40], "uv_size": [0.25, 0.5]},
								"up": {"uv": [85, 41], "uv_size": [0.25, 0.5]},
								"down": {"uv": [85, 42.5], "uv_size": [0.25, -0.5]}
							}
						},
						{
							"origin": [-2.75, 1.15, -12.5],
							"size": [0.55, 0.25, 0.5],
							"uv": {
								"north": {"uv": [85, 43], "uv_size": [0.5, 0.25]},
								"east": {"uv": [85, 44], "uv_size": [0.5, 0.25]},
								"west": {"uv": [85, 45], "uv_size": [0.5, 0.25]}
							}
						},
						{
							"origin": [-3.9, 2.75, -12.75],
							"size": [0.55, 0.55, 0.75],
							"pivot": [-3.625, 3.025, -12.5],
							"rotation": [0, 0, 30],
							"uv": {
								"north": {"uv": [83, 83], "uv_size": [0.5, 0.5]},
								"east": {"uv": [82, 81], "uv_size": [0.75, 0.5]},
								"west": {"uv": [83, 4], "uv_size": [0.75, 0.5]},
								"up": {"uv": [83, 5], "uv_size": [0.5, 0.75]},
								"down": {"uv": [83, 6.75], "uv_size": [0.5, -0.75]}
							}
						},
						{
							"origin": [-7.05385, 3.10609, -12.6],
							"size": [0.45, 2.5, 0.6],
							"pivot": [-1.65385, 6.28109, -8],
							"rotation": [0, 0, -30],
							"uv": {
								"north": {"uv": [71, 78], "uv_size": [0.5, 2.5]},
								"east": {"uv": [72, 78], "uv_size": [0.5, 2.5]},
								"west": {"uv": [78, 73], "uv_size": [0.5, 2.5]}
							}
						},
						{
							"origin": [-4.47127, 3.33532, -12.5],
							"size": [0.2875, 1.1625, 0.5],
							"pivot": [1.12965, -1.45609, -8],
							"rotation": [0, 0, -11.25],
							"uv": {
								"north": {"uv": [83, 50], "uv_size": [0.25, 1.25]}
							}
						},
						{
							"origin": [-4.18377, 1.93318, -12.6],
							"size": [0.42612, 0.14465, 0.1],
							"pivot": [1.12965, -1.45609, -8],
							"rotation": [0, 0, -11.25],
							"uv": {
								"north": {"uv": [85, 46], "uv_size": [0.5, 0.25]},
								"west": {"uv": [86, 5], "uv_size": [0.25, 0.25]},
								"down": {"uv": [85, 47.25], "uv_size": [0.5, -0.25]}
							}
						},
						{
							"origin": [-4.18377, 1.93318, -12.5],
							"size": [0.49107, 3.12714, 0.5],
							"pivot": [1.12965, -1.45609, -8],
							"rotation": [0, 0, -11.25],
							"uv": {
								"north": {"uv": [62, 77], "uv_size": [0.5, 3.25]},
								"down": {"uv": [84, 0.5], "uv_size": [0.5, -0.5]}
							}
						},
						{
							"origin": [-4.58152, 4.47857, -12.5],
							"size": [0.83864, 0.25001, 0.5],
							"uv": {
								"north": {"uv": [84, 69], "uv_size": [0.75, 0.25]},
								"up": {"uv": [83, 12], "uv_size": [0.75, 0.5]}
							}
						},
						{
							"origin": [-4.99289, 4.49108, -12.6],
							"size": [0.41136, 0.2375, 0.6],
							"uv": {
								"north": {"uv": [85, 48], "uv_size": [0.5, 0.25]},
								"west": {"uv": [85, 49], "uv_size": [0.5, 0.25]},
								"up": {"uv": [84, 1], "uv_size": [0.5, 0.5]}
							}
						},
						{
							"origin": [-7.01688, 0.51289, -12.6],
							"size": [0.475, 2, 0.6],
							"pivot": [-1.87035, -0.15609, -8],
							"rotation": [0, 0, 30],
							"uv": {
								"north": {"uv": [80, 32], "uv_size": [0.5, 2]},
								"east": {"uv": [80, 34], "uv_size": [0.5, 2]},
								"west": {"uv": [80, 36], "uv_size": [0.5, 2]}
							}
						},
						{
							"origin": [-3.69269, 1.93318, -12.5],
							"size": [1.25, 3.62714, 0.5],
							"pivot": [1.12965, -1.45609, -8],
							"rotation": [0, 0, -11.25],
							"uv": {
								"north": {"uv": [74, 14], "uv_size": [1.25, 3.75]},
								"west": {"uv": [76, 68], "uv_size": [0.5, 3.75]},
								"down": {"uv": [81, 45.5], "uv_size": [1.25, -0.5]}
							}
						}
					]
				},
				{
					"name": "buttom",
					"parent": "LTLM2",
					"pivot": [3.5, 5.125, -10.25],
					"cubes": [
						{
							"origin": [2.75, 5.75, -5.75],
							"size": [1.5, 0.25, 1.5],
							"uv": {
								"north": {"uv": [84.5, 13], "uv_size": [-1.5, 0.25]},
								"east": {"uv": [84, 77], "uv_size": [-2, 0.25]},
								"south": {"uv": [84.5, 14], "uv_size": [-1.5, 0.25]},
								"west": {"uv": [84, 76], "uv_size": [-2, 0.25]},
								"up": {"uv": [76.5, 39], "uv_size": [-1.5, 2]}
							}
						},
						{
							"origin": [-4.25, 5.75, -5.4],
							"size": [1.5, 0.25, 1.15],
							"uv": {
								"east": {"uv": [84.25, 53], "uv_size": [-1.25, 0.25]},
								"south": {"uv": [84.5, 15], "uv_size": [-1.5, 0.25]},
								"west": {"uv": [84.25, 52], "uv_size": [-1.25, 0.25]},
								"up": {"uv": [77.5, 41], "uv_size": [-1.5, 1.25]}
							}
						},
						{
							"origin": [-5.66603, 5.75, -5.78112],
							"size": [1.38582, 0.25, 0.57403],
							"pivot": [-4, 5.125, -9.15],
							"rotation": [0, 22.5, 0],
							"uv": {
								"north": {"uv": [84.5, 16], "uv_size": [-1.5, 0.25]},
								"west": {"uv": [85.5, 50], "uv_size": [-0.5, 0.25]},
								"up": {"uv": [75.5, 80], "uv_size": [-1.5, 0.5]}
							}
						},
						{
							"origin": [-5.66603, 5.75, -6.73112],
							"size": [1.38582, 0.25, 0.57403],
							"pivot": [-4, 5.125, -10.1],
							"rotation": [0, 22.5, 0],
							"uv": {
								"east": {"uv": [85.5, 51], "uv_size": [-0.5, 0.25]},
								"south": {"uv": [84.5, 17], "uv_size": [-1.5, 0.25]},
								"up": {"uv": [81.5, 76], "uv_size": [-1.5, 0.5]}
							}
						},
						{
							"origin": [-4.25, 5.75, -7.5],
							"size": [1.5, 0.25, 1.15],
							"uv": {
								"north": {"uv": [84.5, 18], "uv_size": [-1.5, 0.25]},
								"east": {"uv": [84.25, 55], "uv_size": [-1.25, 0.25]},
								"west": {"uv": [84.25, 54], "uv_size": [-1.25, 0.25]},
								"up": {"uv": [77.5, 49], "uv_size": [-1.5, 1.25]}
							}
						},
						{
							"origin": [-4.45837, 3.325, -2.05055],
							"size": [0.5, 0.5, 0.25],
							"pivot": [-4.20837, 3.575, -1.92555],
							"rotation": [-18.2489, -17.38772, 47.81374],
							"uv": {
								"east": {"uv": [85, 52], "uv_size": [0.25, 0.5]},
								"south": {"uv": [84, 2], "uv_size": [0.5, 0.5]},
								"west": {"uv": [85, 53], "uv_size": [0.25, 0.5]},
								"up": {"uv": [85, 54], "uv_size": [0.5, 0.25]},
								"down": {"uv": [85, 55.25], "uv_size": [0.5, -0.25]}
							}
						}
					]
				},
				{
					"name": "click",
					"parent": "LTLM2",
					"pivot": [0, 3, -6],
					"cubes": [
						{
							"origin": [3.77289, 2, -1.89669],
							"size": [0.8284, 2, 0.5],
							"pivot": [4.18709, 3, -1.64669],
							"rotation": [0, 30, 0],
							"uv": {
								"south": {"uv": [69, 77], "uv_size": [0.75, 2]},
								"up": {"uv": [83, 19], "uv_size": [0.75, 0.5]},
								"down": {"uv": [83, 20.5], "uv_size": [0.75, -0.5]}
							}
						},
						{
							"origin": [3.77289, 2, -1.89669],
							"size": [0.8284, 2, 0.5],
							"pivot": [4.18709, 3, -1.64669],
							"rotation": [-22.20765, 20.70481, -49.10661],
							"uv": {
								"south": {"uv": [77, 70], "uv_size": [0.75, 2]},
								"up": {"uv": [83, 21], "uv_size": [0.75, 0.5]},
								"down": {"uv": [83, 22.5], "uv_size": [0.75, -0.5]}
							}
						},
						{
							"origin": [3.77289, 2, -1.89669],
							"size": [0.8284, 2, 0.5],
							"pivot": [4.18709, 3, -1.64669],
							"rotation": [-30, 0, -90],
							"uv": {
								"south": {"uv": [77, 72], "uv_size": [0.75, 2]},
								"up": {"uv": [83, 23], "uv_size": [0.75, 0.5]},
								"down": {"uv": [83, 24.5], "uv_size": [0.75, -0.5]}
							}
						},
						{
							"origin": [3.77289, 2, -1.89669],
							"size": [0.8284, 2, 0.5],
							"pivot": [4.18709, 3, -1.64669],
							"rotation": [-22.20765, -20.70481, -130.89339],
							"uv": {
								"south": {"uv": [77, 74], "uv_size": [0.75, 2]},
								"up": {"uv": [83, 25], "uv_size": [0.75, 0.5]},
								"down": {"uv": [83, 26.5], "uv_size": [0.75, -0.5]}
							}
						}
					]
				},
				{
					"name": "mode",
					"parent": "LTLM2",
					"pivot": [-2.15, 2.85, -1.2],
					"cubes": [
						{
							"origin": [-2.25, 2.75, -0.9],
							"size": [0.2, 0.2, 0.1],
							"pivot": [-2.14999, 2.85, -1.1],
							"rotation": [0, 0, 45],
							"uv": {
								"east": {"uv": [86, 6], "uv_size": [0.25, 0.25]},
								"south": {"uv": [86, 7], "uv_size": [0.25, 0.25]},
								"west": {"uv": [86, 8], "uv_size": [0.25, 0.25]},
								"up": {"uv": [86, 9], "uv_size": [0.25, 0.25]},
								"down": {"uv": [86, 10.25], "uv_size": [0.25, -0.25]}
							}
						},
						{
							"origin": [-2.56422, 1.85001, -1.5],
							"size": [0.82845, 1.99998, 0.6],
							"uv": {
								"south": {"uv": [77, 76], "uv_size": [0.75, 2]},
								"up": {"uv": [83, 27], "uv_size": [0.75, 0.5]},
								"down": {"uv": [83, 28.5], "uv_size": [0.75, -0.5]}
							}
						},
						{
							"origin": [-2.5642, 1.85, -1.5],
							"size": [0.8284, 2, 0.6],
							"pivot": [-2.15, 2.85, -1.2],
							"rotation": [0, 0, 45],
							"uv": {
								"south": {"uv": [78, 0], "uv_size": [0.75, 2]},
								"up": {"uv": [83, 29], "uv_size": [0.75, 0.5]},
								"down": {"uv": [83, 30.5], "uv_size": [0.75, -0.5]}
							}
						},
						{
							"origin": [-3.15, 2.4358, -1.5],
							"size": [2, 0.8284, 0.6],
							"uv": {
								"east": {"uv": [83, 31], "uv_size": [0.5, 0.75]},
								"south": {"uv": [78, 2], "uv_size": [2, 0.75]},
								"west": {"uv": [83, 32], "uv_size": [0.5, 0.75]}
							}
						},
						{
							"origin": [-2.5642, 1.85, -1.5],
							"size": [0.8284, 2, 0.6],
							"pivot": [-2.15, 2.85, -1.2],
							"rotation": [0, 0, -45],
							"uv": {
								"south": {"uv": [78, 6], "uv_size": [0.75, 2]},
								"up": {"uv": [83, 33], "uv_size": [0.75, 0.5]},
								"down": {"uv": [83, 34.5], "uv_size": [0.75, -0.5]}
							}
						},
						{
							"origin": [-3.65, 2.7608, -1.9],
							"size": [0.2625, 0.1784, 1],
							"uv": {
								"east": {"uv": [84, 3], "uv_size": [1, 0.25]},
								"south": {"uv": [86, 11], "uv_size": [0.25, 0.25]}
							}
						},
						{
							"origin": [-3.3875, 2.6608, -1.9],
							"size": [0.2375, 0.3784, 1],
							"uv": {
								"south": {"uv": [85, 56], "uv_size": [0.25, 0.5]}
							}
						},
						{
							"origin": [-3.65, 2.8358, -1.9],
							"size": [0.55, 0.1034, 1],
							"pivot": [-3.65, 2.9392, -0.9],
							"rotation": [0, 0, -22.5],
							"uv": {
								"south": {"uv": [85, 57], "uv_size": [0.5, 0.25]},
								"up": {"uv": [75, 82], "uv_size": [0.5, 1]}
							}
						},
						{
							"origin": [-3.65, 2.7608, -1.9],
							"size": [0.55, 0.1034, 1],
							"pivot": [-3.65, 2.7608, -0.9],
							"rotation": [0, 0, 22.5],
							"uv": {
								"south": {"uv": [85, 58], "uv_size": [0.5, 0.25]},
								"down": {"uv": [77, 83], "uv_size": [0.5, -1]}
							}
						}
					]
				},
				{
					"name": "laser_illuminated",
					"parent": "LTLM2",
					"pivot": [0, 4.15, -11.5],
					"rotation": [0, 0, 45],
					"cubes": [
						{
							"origin": [-0.1, 4.05, -12.5],
							"size": [0.2, 0.2, 1],
							"uv": {
								"east": {"uv": [84, 4], "uv_size": [1, 0.25]},
								"west": {"uv": [84, 5], "uv_size": [1, 0.25]},
								"up": {"uv": [84, 6], "uv_size": [0.25, 1]},
								"down": {"uv": [84, 8], "uv_size": [0.25, -1]}
							}
						}
					]
				},
				{
					"name": "screen_illmunated",
					"parent": "LTLM2",
					"pivot": [0, 4.85784, -1.42426],
					"cubes": [
						{
							"origin": [-0.75, 4.80784, -1.72426],
							"size": [1.5, 0.1, 0.6],
							"pivot": [0, 4.85784, -1.42426],
							"rotation": [-45, 0, 0],
							"uv": {
								"up": {"uv": [80, 77], "uv_size": [1.5, 0.5]}
							}
						}
					]
				}
			]
		}
	]
}