{
	"format_version": "1.12.0",
	"minecraft:geometry": [
		{
			"description": {
				"identifier": "geometry.arip_vicissitude",
				"texture_width": 64,
				"texture_height": 64,
				"visible_bounds_width": 3,
				"visible_bounds_height": 1.5,
				"visible_bounds_offset": [0, 0.25, 0]
			},
			"bones": [
				{
					"name": "Vicissitude",
					"pivot": [0, 0, -15.5]
				},
				{
					"name": "core",
					"parent": "Vicissitude",
					"pivot": [0, 0, -15.5],
					"cubes": [
						{
							"origin": [-1.67404, -0.10048, -31.5],
							"size": [0.175, 0.20096, 32],
							"uv": {
								"north": {"uv": [47, 39], "uv_size": [0.5, 0.5]},
								"east": {"uv": [13, 18], "uv_size": [32, 0.5]},
								"south": {"uv": [40, 47], "uv_size": [0.5, 0.5]},
								"west": {"uv": [19, 0], "uv_size": [32, 0.5]}
							}
						},
						{
							"origin": [1.49904, -0.10048, -31.5],
							"size": [0.175, 0.20096, 32],
							"uv": {
								"north": {"uv": [41, 47], "uv_size": [0.5, 0.5]},
								"east": {"uv": [19, 1], "uv_size": [32, 0.5]},
								"south": {"uv": [42, 47], "uv_size": [0.5, 0.5]},
								"west": {"uv": [19, 2], "uv_size": [32, 0.5]}
							}
						},
						{
							"origin": [-0.75, 0.25, -31.5],
							"size": [1.5, 1.25, 32],
							"uv": {
								"north": {"uv": [37, 39], "uv_size": [1.5, 1.5]},
								"south": {"uv": [39, 39], "uv_size": [1.5, 1.5]},
								"up": {"uv": [0, 0], "uv_size": [1.5, 32]},
								"down": {"uv": [2, 32], "uv_size": [1.5, -32]}
							}
						},
						{
							"origin": [-0.10048, 1.40097, -31.5],
							"size": [0.20096, 0.175, 32],
							"pivot": [0.18301, -0.04904, -0.5],
							"rotation": [0, 0, 30],
							"uv": {
								"north": {"uv": [43, 47], "uv_size": [0.5, 0.5]},
								"south": {"uv": [44, 47], "uv_size": [0.5, 0.5]},
								"up": {"uv": [13, 19], "uv_size": [0.5, 32]},
								"down": {"uv": [14, 51], "uv_size": [0.5, -32]}
							}
						},
						{
							"origin": [-0.10048, 1.40097, -31.5],
							"size": [0.20096, 0.175, 32],
							"pivot": [-0.18301, -0.04904, -0.5],
							"rotation": [0, 0, -30],
							"uv": {
								"north": {"uv": [47, 44], "uv_size": [0.5, 0.5]},
								"south": {"uv": [45, 47], "uv_size": [0.5, 0.5]},
								"up": {"uv": [15, 19], "uv_size": [0.5, 32]},
								"down": {"uv": [16, 51], "uv_size": [0.5, -32]}
							}
						},
						{
							"origin": [-0.75, 0.25, -6.5],
							"size": [1.5, 1.25, 7],
							"pivot": [0, 0, -0.5],
							"rotation": [0, 0, 60],
							"uv": {
								"north": {"uv": [6, 40], "uv_size": [1.5, 1.5]},
								"south": {"uv": [22, 40], "uv_size": [1.5, 1.5]},
								"up": {"uv": [19, 3], "uv_size": [1.5, 7]},
								"down": {"uv": [19, 17], "uv_size": [1.5, -7]}
							}
						},
						{
							"origin": [-0.75, 0.25, -31.5],
							"size": [1.5, 1.25, 7],
							"pivot": [0, 0, -0.5],
							"rotation": [0, 0, 60],
							"uv": {
								"north": {"uv": [24, 40], "uv_size": [1.5, 1.5]},
								"south": {"uv": [40, 31], "uv_size": [1.5, 1.5]},
								"up": {"uv": [21, 3], "uv_size": [1.5, 7]},
								"down": {"uv": [21, 17], "uv_size": [1.5, -7]}
							}
						},
						{
							"origin": [-0.5, 0.25, -24.5],
							"size": [1, 1, 18],
							"pivot": [0, 0, -0.5],
							"rotation": [0, 0, 60],
							"uv": {
								"up": {"uv": [8, 0], "uv_size": [1, 18]},
								"down": {"uv": [9, 18], "uv_size": [1, -18]}
							}
						},
						{
							"origin": [0.5, 1.25, -24.5],
							"size": [0.25, 0.25, 18],
							"pivot": [0, 0, -0.5],
							"rotation": [0, 0, 60],
							"uv": {
								"east": {"uv": [19, 17], "uv_size": [18, 0.5]},
								"up": {"uv": [27, 19], "uv_size": [0.5, 18]}
							}
						},
						{
							"origin": [-0.75, 1.25, -24.5],
							"size": [0.25, 0.25, 18],
							"pivot": [0, 0, -0.5],
							"rotation": [0, 0, 60],
							"uv": {
								"west": {"uv": [28, 19], "uv_size": [18, 0.5]},
								"up": {"uv": [28, 20], "uv_size": [0.5, 18]}
							}
						},
						{
							"origin": [-0.75, 0.25, -6.5],
							"size": [1.5, 1.25, 7],
							"pivot": [0, 0, -0.5],
							"rotation": [0, 0, -60],
							"uv": {
								"north": {"uv": [40, 33], "uv_size": [1.5, 1.5]},
								"south": {"uv": [8, 41], "uv_size": [1.5, 1.5]},
								"up": {"uv": [21, 19], "uv_size": [1.5, 7]},
								"down": {"uv": [23, 10], "uv_size": [1.5, -7]}
							}
						},
						{
							"origin": [-0.75, 0.25, -31.5],
							"size": [1.5, 1.25, 7],
							"pivot": [0, 0, -0.5],
							"rotation": [0, 0, -60],
							"uv": {
								"north": {"uv": [10, 41], "uv_size": [1.5, 1.5]},
								"south": {"uv": [32, 41], "uv_size": [1.5, 1.5]},
								"up": {"uv": [23, 10], "uv_size": [1.5, 7]},
								"down": {"uv": [23, 26], "uv_size": [1.5, -7]}
							}
						},
						{
							"origin": [-0.5, 0.25, -24.5],
							"size": [1, 1, 18],
							"pivot": [0, 0, -0.5],
							"rotation": [0, 0, -60],
							"uv": {
								"up": {"uv": [10, 0], "uv_size": [1, 18]},
								"down": {"uv": [11, 18], "uv_size": [1, -18]}
							}
						},
						{
							"origin": [-0.75, 1.25, -24.5],
							"size": [0.25, 0.25, 18],
							"pivot": [0, 0, -0.5],
							"rotation": [0, 0, -60],
							"uv": {
								"west": {"uv": [29, 3], "uv_size": [18, 0.5]},
								"up": {"uv": [29, 20], "uv_size": [0.5, 18]}
							}
						},
						{
							"origin": [0.5, 1.25, -24.5],
							"size": [0.25, 0.25, 18],
							"pivot": [0, 0, -0.5],
							"rotation": [0, 0, -60],
							"uv": {
								"east": {"uv": [29, 4], "uv_size": [18, 0.5]},
								"up": {"uv": [30, 20], "uv_size": [0.5, 18]}
							}
						},
						{
							"origin": [-0.10048, -1.77211, -31.5],
							"size": [0.20096, 0.175, 32],
							"pivot": [0.18301, -0.04904, -0.5],
							"rotation": [0, 0, 30],
							"uv": {
								"north": {"uv": [46, 47], "uv_size": [0.5, 0.5]},
								"south": {"uv": [47, 46], "uv_size": [0.5, 0.5]},
								"up": {"uv": [17, 19], "uv_size": [0.5, 32]},
								"down": {"uv": [18, 51], "uv_size": [0.5, -32]}
							}
						},
						{
							"origin": [-0.10048, -1.77211, -31.5],
							"size": [0.20096, 0.175, 32],
							"pivot": [-0.18301, -0.04904, -0.5],
							"rotation": [0, 0, -30],
							"uv": {
								"north": {"uv": [47, 47], "uv_size": [0.5, 0.5]},
								"south": {"uv": [3, 48], "uv_size": [0.5, 0.5]},
								"up": {"uv": [19, 19], "uv_size": [0.5, 32]},
								"down": {"uv": [20, 51], "uv_size": [0.5, -32]}
							}
						},
						{
							"origin": [-0.75, -1.5, -31.5],
							"size": [1.5, 1.25, 32],
							"uv": {
								"north": {"uv": [34, 41], "uv_size": [1.5, 1.5]},
								"south": {"uv": [41, 35], "uv_size": [1.5, 1.5]},
								"up": {"uv": [4, 0], "uv_size": [1.5, 32]},
								"down": {"uv": [6, 32], "uv_size": [1.5, -32]}
							}
						},
						{
							"origin": [-0.75, -1.5, -6.5],
							"size": [1.5, 1.25, 7],
							"pivot": [0, 0, -0.5],
							"rotation": [0, 0, -60],
							"uv": {
								"north": {"uv": [37, 41], "uv_size": [1.5, 1.5]},
								"south": {"uv": [41, 37], "uv_size": [1.5, 1.5]},
								"up": {"uv": [25, 3], "uv_size": [1.5, 7]},
								"down": {"uv": [25, 17], "uv_size": [1.5, -7]}
							}
						},
						{
							"origin": [-0.75, -1.5, -31.5],
							"size": [1.5, 1.25, 7],
							"pivot": [0, 0, -0.5],
							"rotation": [0, 0, -60],
							"uv": {
								"north": {"uv": [39, 41], "uv_size": [1.5, 1.5]},
								"south": {"uv": [41, 39], "uv_size": [1.5, 1.5]},
								"up": {"uv": [25, 19], "uv_size": [1.5, 7]},
								"down": {"uv": [21, 33], "uv_size": [1.5, -7]}
							}
						},
						{
							"origin": [-0.5, -1.25, -24.5],
							"size": [1, 1, 18],
							"pivot": [0, 0, -0.5],
							"rotation": [0, 0, -60],
							"uv": {
								"up": {"uv": [12, 0], "uv_size": [1, 18]},
								"down": {"uv": [13, 18], "uv_size": [1, -18]}
							}
						},
						{
							"origin": [0.5, -1.5, -24.5],
							"size": [0.25, 0.25, 18],
							"pivot": [0, 0, -0.5],
							"rotation": [0, 0, -60],
							"uv": {
								"east": {"uv": [29, 5], "uv_size": [18, 0.5]},
								"down": {"uv": [31, 38], "uv_size": [0.5, -18]}
							}
						},
						{
							"origin": [-0.75, -1.5, -24.5],
							"size": [0.25, 0.25, 18],
							"pivot": [0, 0, -0.5],
							"rotation": [0, 0, -60],
							"uv": {
								"west": {"uv": [29, 6], "uv_size": [18, 0.5]},
								"down": {"uv": [0, 50], "uv_size": [0.5, -18]}
							}
						},
						{
							"origin": [-0.75, -1.5, -6.5],
							"size": [1.5, 1.25, 7],
							"pivot": [0, 0, -0.5],
							"rotation": [0, 0, 60],
							"uv": {
								"north": {"uv": [41, 41], "uv_size": [1.5, 1.5]},
								"south": {"uv": [6, 42], "uv_size": [1.5, 1.5]},
								"up": {"uv": [23, 26], "uv_size": [1.5, 7]},
								"down": {"uv": [25, 33], "uv_size": [1.5, -7]}
							}
						},
						{
							"origin": [-0.75, -1.5, -31.5],
							"size": [1.5, 1.25, 7],
							"pivot": [0, 0, -0.5],
							"rotation": [0, 0, 60],
							"uv": {
								"north": {"uv": [22, 42], "uv_size": [1.5, 1.5]},
								"south": {"uv": [24, 42], "uv_size": [1.5, 1.5]},
								"up": {"uv": [27, 3], "uv_size": [1.5, 7]},
								"down": {"uv": [27, 17], "uv_size": [1.5, -7]}
							}
						},
						{
							"origin": [-0.5, -1.25, -24.5],
							"size": [1, 1, 18],
							"pivot": [0, 0, -0.5],
							"rotation": [0, 0, 60],
							"uv": {
								"up": {"uv": [14, 0], "uv_size": [1, 18]},
								"down": {"uv": [15, 18], "uv_size": [1, -18]}
							}
						},
						{
							"origin": [-0.75, -1.5, -24.5],
							"size": [0.25, 0.25, 18],
							"pivot": [0, 0, -0.5],
							"rotation": [0, 0, 60],
							"uv": {
								"west": {"uv": [29, 7], "uv_size": [18, 0.5]},
								"down": {"uv": [1, 50], "uv_size": [0.5, -18]}
							}
						},
						{
							"origin": [0.5, -1.5, -24.5],
							"size": [0.25, 0.25, 18],
							"pivot": [0, 0, -0.5],
							"rotation": [0, 0, 60],
							"uv": {
								"east": {"uv": [29, 8], "uv_size": [18, 0.5]},
								"down": {"uv": [2, 50], "uv_size": [0.5, -18]}
							}
						}
					]
				},
				{
					"name": "fix",
					"parent": "Vicissitude",
					"pivot": [0, 0, -15.5],
					"cubes": [
						{
							"origin": [0.79904, 1.18301, -16.5],
							"size": [0.25, 0.25, 2],
							"pivot": [1.04904, 1.18301, -16.5],
							"rotation": [0, 0, 60],
							"uv": {
								"east": {"uv": [44, 22], "uv_size": [2, 0.5]},
								"west": {"uv": [23, 44], "uv_size": [2, 0.5]},
								"up": {"uv": [25, 44], "uv_size": [0.5, 2]}
							}
						},
						{
							"origin": [1.14055, 1.17096, -16.85355],
							"size": [0.25, 0.35356, 0.35355],
							"pivot": [1.14055, 1.52452, -16.5],
							"rotation": [45, 0, 60],
							"uv": {
								"east": {"uv": [4, 48], "uv_size": [0.5, 0.5]},
								"west": {"uv": [5, 48], "uv_size": [0.5, 0.5]},
								"up": {"uv": [6, 48], "uv_size": [0.5, 0.5]}
							}
						},
						{
							"origin": [1.14055, 1.17096, -14.5],
							"size": [0.25, 0.35356, 0.35355],
							"pivot": [1.14055, 1.52452, -14.5],
							"rotation": [-45, 0, 60],
							"uv": {
								"east": {"uv": [7, 48], "uv_size": [0.5, 0.5]},
								"west": {"uv": [8, 48], "uv_size": [0.5, 0.5]},
								"up": {"uv": [9, 48], "uv_size": [0.5, 0.5]}
							}
						},
						{
							"origin": [2.04904, 1.18301, -16.5],
							"size": [0.25, 0.25, 2],
							"pivot": [1.04904, 1.18301, -16.5],
							"rotation": [0, 0, 60],
							"uv": {
								"east": {"uv": [44, 23], "uv_size": [2, 0.5]},
								"west": {"uv": [44, 27], "uv_size": [2, 0.5]},
								"up": {"uv": [26, 44], "uv_size": [0.5, 2]}
							}
						},
						{
							"origin": [2.39055, 1.17096, -16.85355],
							"size": [0.25, 0.35356, 0.35355],
							"pivot": [1.14055, 1.52452, -16.5],
							"rotation": [45, 0, 60],
							"uv": {
								"east": {"uv": [10, 48], "uv_size": [0.5, 0.5]},
								"west": {"uv": [11, 48], "uv_size": [0.5, 0.5]},
								"up": {"uv": [48, 11], "uv_size": [0.5, 0.5]}
							}
						},
						{
							"origin": [2.39055, 1.17096, -14.5],
							"size": [0.25, 0.35356, 0.35355],
							"pivot": [1.14055, 1.52452, -14.5],
							"rotation": [-45, 0, 60],
							"uv": {
								"east": {"uv": [12, 48], "uv_size": [0.5, 0.5]},
								"west": {"uv": [48, 12], "uv_size": [0.5, 0.5]},
								"up": {"uv": [48, 13], "uv_size": [0.5, 0.5]}
							}
						},
						{
							"origin": [2.31555, 1.1214, -22.53328],
							"size": [0.25, 0.35355, 0.35355],
							"pivot": [0.99055, 1.52452, -22.3],
							"rotation": [-45, 0, 60],
							"uv": {
								"east": {"uv": [48, 14], "uv_size": [0.5, 0.5]},
								"west": {"uv": [48, 15], "uv_size": [0.5, 0.5]},
								"up": {"uv": [48, 16], "uv_size": [0.5, 0.5]}
							}
						},
						{
							"origin": [2.04904, 1.18301, -26.5],
							"size": [0.25, 0.25, 4],
							"pivot": [1.04904, 1.18301, -24.5],
							"rotation": [0, 0, 60],
							"uv": {
								"east": {"uv": [39, 28], "uv_size": [4, 0.5]},
								"west": {"uv": [42, 17], "uv_size": [4, 0.5]},
								"up": {"uv": [3, 40], "uv_size": [0.5, 4]}
							}
						},
						{
							"origin": [1.06555, 1.1214, -22.53328],
							"size": [0.25, 0.35355, 0.35355],
							"pivot": [0.99055, 1.52452, -22.3],
							"rotation": [-45, 0, 60],
							"uv": {
								"east": {"uv": [48, 17], "uv_size": [0.5, 0.5]},
								"west": {"uv": [48, 18], "uv_size": [0.5, 0.5]},
								"up": {"uv": [48, 19], "uv_size": [0.5, 0.5]}
							}
						},
						{
							"origin": [0.79904, 1.18301, -26.5],
							"size": [0.25, 0.25, 4],
							"pivot": [1.04904, 1.18301, -24.5],
							"rotation": [0, 0, 60],
							"uv": {
								"east": {"uv": [42, 29], "uv_size": [4, 0.5]},
								"west": {"uv": [42, 30], "uv_size": [4, 0.5]},
								"up": {"uv": [26, 40], "uv_size": [0.5, 4]}
							}
						},
						{
							"origin": [1.14055, 1.17096, -26.85355],
							"size": [1.5, 0.35355, 0.35355],
							"pivot": [1.14055, 1.52452, -26.5],
							"rotation": [45, 0, 60],
							"uv": {
								"east": {"uv": [48, 20], "uv_size": [0.5, 0.5]},
								"west": {"uv": [21, 48], "uv_size": [0.5, 0.5]},
								"up": {"uv": [3, 46], "uv_size": [1.5, 0.5]}
							}
						},
						{
							"origin": [1.26555, 0.84607, -29],
							"size": [1, 0.46194, 1.5],
							"pivot": [1.26555, 1.30801, -27.5],
							"rotation": [10, 0, 60],
							"uv": {
								"east": {"uv": [5, 46], "uv_size": [1.5, 0.5]},
								"west": {"uv": [7, 46], "uv_size": [1.5, 0.5]},
								"up": {"uv": [35, 43], "uv_size": [1, 1.5]}
							}
						},
						{
							"origin": [1.04904, 1.18301, -27.5],
							"size": [1, 0.25, 3],
							"pivot": [1.04904, 1.18301, -23.5],
							"rotation": [0, 0, 60],
							"uv": {
								"east": {"uv": [37, 43], "uv_size": [3, 0.5]},
								"south": {"uv": [39, 46], "uv_size": [1, 0.5]},
								"west": {"uv": [43, 37], "uv_size": [3, 0.5]},
								"up": {"uv": [3, 32], "uv_size": [1, 3]}
							}
						},
						{
							"origin": [0.79904, 1.18301, -6.5],
							"size": [1.5, 0.25, 2],
							"pivot": [1.04904, 1.18301, -6.5],
							"rotation": [0, 0, 60],
							"uv": {
								"north": {"uv": [10, 46], "uv_size": [1.5, 0.5]},
								"east": {"uv": [29, 44], "uv_size": [2, 0.5]},
								"west": {"uv": [31, 44], "uv_size": [2, 0.5]},
								"up": {"uv": [4, 32], "uv_size": [1.5, 2]}
							}
						},
						{
							"origin": [1.14055, 1.17096, -4.5],
							"size": [1.5, 0.35355, 0.35355],
							"pivot": [1.14055, 1.52452, -4.5],
							"rotation": [-45, 0, 60],
							"uv": {
								"east": {"uv": [48, 21], "uv_size": [0.5, 0.5]},
								"west": {"uv": [22, 48], "uv_size": [0.5, 0.5]},
								"up": {"uv": [46, 17], "uv_size": [1.5, 0.5]}
							}
						},
						{
							"origin": [1.26555, 0.84607, -3.5],
							"size": [1, 0.46194, 1.5],
							"pivot": [1.26555, 1.30801, -3.5],
							"rotation": [-10, 0, 60],
							"uv": {
								"east": {"uv": [46, 19], "uv_size": [1.5, 0.5]},
								"west": {"uv": [22, 46], "uv_size": [1.5, 0.5]},
								"up": {"uv": [43, 38], "uv_size": [1, 1.5]}
							}
						},
						{
							"origin": [1.04904, 1.18301, -4.5],
							"size": [1, 0.25, 1],
							"pivot": [1.04904, 1.18301, -7.5],
							"rotation": [0, 0, 60],
							"uv": {
								"east": {"uv": [47, 11], "uv_size": [1, 0.5]},
								"west": {"uv": [47, 12], "uv_size": [1, 0.5]},
								"up": {"uv": [35, 40], "uv_size": [1, 1]}
							}
						},
						{
							"origin": [0.79904, -1.43301, -16.5],
							"size": [0.25, 0.25, 2],
							"pivot": [1.04904, -1.18301, -16.5],
							"rotation": [0, 0, -60],
							"uv": {
								"east": {"uv": [36, 44], "uv_size": [2, 0.5]},
								"west": {"uv": [38, 44], "uv_size": [2, 0.5]},
								"down": {"uv": [44, 40], "uv_size": [0.5, -2]}
							}
						},
						{
							"origin": [1.14055, -1.52452, -16.85355],
							"size": [0.25, 0.35356, 0.35355],
							"pivot": [1.14055, -1.52452, -16.5],
							"rotation": [-45, 0, -60],
							"uv": {
								"east": {"uv": [48, 22], "uv_size": [0.5, 0.5]},
								"west": {"uv": [23, 48], "uv_size": [0.5, 0.5]},
								"down": {"uv": [48, 23.5], "uv_size": [0.5, -0.5]}
							}
						},
						{
							"origin": [1.14055, -1.52452, -14.5],
							"size": [0.25, 0.35356, 0.35355],
							"pivot": [1.14055, -1.52452, -14.5],
							"rotation": [45, 0, -60],
							"uv": {
								"east": {"uv": [24, 48], "uv_size": [0.5, 0.5]},
								"west": {"uv": [48, 24], "uv_size": [0.5, 0.5]},
								"down": {"uv": [25, 48.5], "uv_size": [0.5, -0.5]}
							}
						},
						{
							"origin": [2.04904, -1.43301, -16.5],
							"size": [0.25, 0.25, 2],
							"pivot": [1.04904, -1.18301, -16.5],
							"rotation": [0, 0, -60],
							"uv": {
								"east": {"uv": [41, 44], "uv_size": [2, 0.5]},
								"west": {"uv": [44, 41], "uv_size": [2, 0.5]},
								"down": {"uv": [44, 44], "uv_size": [0.5, -2]}
							}
						},
						{
							"origin": [2.39055, -1.52452, -16.85355],
							"size": [0.25, 0.35356, 0.35355],
							"pivot": [1.14055, -1.52452, -16.5],
							"rotation": [-45, 0, -60],
							"uv": {
								"east": {"uv": [48, 25], "uv_size": [0.5, 0.5]},
								"west": {"uv": [26, 48], "uv_size": [0.5, 0.5]},
								"down": {"uv": [48, 26.5], "uv_size": [0.5, -0.5]}
							}
						},
						{
							"origin": [2.39055, -1.52452, -14.5],
							"size": [0.25, 0.35356, 0.35355],
							"pivot": [1.14055, -1.52452, -14.5],
							"rotation": [45, 0, -60],
							"uv": {
								"east": {"uv": [27, 48], "uv_size": [0.5, 0.5]},
								"west": {"uv": [48, 27], "uv_size": [0.5, 0.5]},
								"down": {"uv": [28, 48.5], "uv_size": [0.5, -0.5]}
							}
						},
						{
							"origin": [2.31555, -1.47495, -22.53328],
							"size": [0.25, 0.35355, 0.35355],
							"pivot": [0.99055, -1.52452, -22.3],
							"rotation": [45, 0, -60],
							"uv": {
								"east": {"uv": [48, 28], "uv_size": [0.5, 0.5]},
								"west": {"uv": [29, 48], "uv_size": [0.5, 0.5]},
								"down": {"uv": [48, 29.5], "uv_size": [0.5, -0.5]}
							}
						},
						{
							"origin": [2.04904, -1.43301, -26.5],
							"size": [0.25, 0.25, 4],
							"pivot": [1.04904, -1.18301, -24.5],
							"rotation": [0, 0, -60],
							"uv": {
								"east": {"uv": [42, 31], "uv_size": [4, 0.5]},
								"west": {"uv": [42, 32], "uv_size": [4, 0.5]},
								"down": {"uv": [12, 45], "uv_size": [0.5, -4]}
							}
						},
						{
							"origin": [1.06555, -1.47495, -22.53328],
							"size": [0.25, 0.35355, 0.35355],
							"pivot": [0.99055, -1.52452, -22.3],
							"rotation": [45, 0, -60],
							"uv": {
								"east": {"uv": [30, 48], "uv_size": [0.5, 0.5]},
								"west": {"uv": [48, 30], "uv_size": [0.5, 0.5]},
								"down": {"uv": [31, 48.5], "uv_size": [0.5, -0.5]}
							}
						},
						{
							"origin": [0.79904, -1.43301, -26.5],
							"size": [0.25, 0.25, 4],
							"pivot": [1.04904, -1.18301, -24.5],
							"rotation": [0, 0, -60],
							"uv": {
								"east": {"uv": [42, 33], "uv_size": [4, 0.5]},
								"west": {"uv": [42, 34], "uv_size": [4, 0.5]},
								"down": {"uv": [27, 46], "uv_size": [0.5, -4]}
							}
						},
						{
							"origin": [1.14055, -1.52451, -26.85355],
							"size": [1.5, 0.35355, 0.35355],
							"pivot": [1.14055, -1.52452, -26.5],
							"rotation": [-45, 0, -60],
							"uv": {
								"east": {"uv": [48, 31], "uv_size": [0.5, 0.5]},
								"west": {"uv": [32, 48], "uv_size": [0.5, 0.5]},
								"down": {"uv": [46, 22.5], "uv_size": [1.5, -0.5]}
							}
						},
						{
							"origin": [1.26555, -1.30801, -29],
							"size": [1, 0.46194, 1.5],
							"pivot": [1.26555, -1.30801, -27.5],
							"rotation": [-10, 0, -60],
							"uv": {
								"east": {"uv": [46, 23], "uv_size": [1.5, 0.5]},
								"west": {"uv": [24, 46], "uv_size": [1.5, 0.5]},
								"down": {"uv": [40, 44.5], "uv_size": [1, -1.5]}
							}
						},
						{
							"origin": [1.04904, -1.43301, -27.5],
							"size": [1, 0.25, 3],
							"pivot": [1.04904, -1.18301, -23.5],
							"rotation": [0, 0, -60],
							"uv": {
								"east": {"uv": [43, 40], "uv_size": [3, 0.5]},
								"south": {"uv": [47, 13], "uv_size": [1, 0.5]},
								"west": {"uv": [41, 43], "uv_size": [3, 0.5]},
								"down": {"uv": [6, 35], "uv_size": [1, -3]}
							}
						},
						{
							"origin": [0.79904, -1.43301, -6.5],
							"size": [1.5, 0.25, 2],
							"pivot": [1.04904, -1.18301, -6.5],
							"rotation": [0, 0, -60],
							"uv": {
								"north": {"uv": [26, 46], "uv_size": [1.5, 0.5]},
								"east": {"uv": [43, 44], "uv_size": [2, 0.5]},
								"west": {"uv": [4, 45], "uv_size": [2, 0.5]},
								"down": {"uv": [32, 22], "uv_size": [1.5, -2]}
							}
						},
						{
							"origin": [1.14055, -1.52451, -4.5],
							"size": [1.5, 0.35355, 0.35355],
							"pivot": [1.14055, -1.52452, -4.5],
							"rotation": [45, 0, -60],
							"uv": {
								"east": {"uv": [48, 32], "uv_size": [0.5, 0.5]},
								"west": {"uv": [33, 48], "uv_size": [0.5, 0.5]},
								"down": {"uv": [46, 27.5], "uv_size": [1.5, -0.5]}
							}
						},
						{
							"origin": [1.26555, -1.30801, -3.5],
							"size": [1, 0.46194, 1.5],
							"pivot": [1.26555, -1.30801, -3.5],
							"rotation": [10, 0, -60],
							"uv": {
								"east": {"uv": [29, 46], "uv_size": [1.5, 0.5]},
								"west": {"uv": [46, 29], "uv_size": [1.5, 0.5]},
								"down": {"uv": [43, 42.5], "uv_size": [1, -1.5]}
							}
						},
						{
							"origin": [1.04904, -1.43301, -4.5],
							"size": [1, 0.25, 1],
							"pivot": [1.04904, -1.18301, -7.5],
							"rotation": [0, 0, -60],
							"uv": {
								"east": {"uv": [47, 14], "uv_size": [1, 0.5]},
								"west": {"uv": [47, 15], "uv_size": [1, 0.5]},
								"down": {"uv": [6, 46], "uv_size": [1, -1]}
							}
						},
						{
							"origin": [-1.04904, 1.18301, -16.5],
							"size": [0.25, 0.25, 2],
							"pivot": [-1.04904, 1.18301, -16.5],
							"rotation": [0, 0, -60],
							"uv": {
								"east": {"uv": [7, 45], "uv_size": [2, 0.5]},
								"west": {"uv": [45, 18], "uv_size": [2, 0.5]},
								"up": {"uv": [9, 45], "uv_size": [0.5, 2]}
							}
						},
						{
							"origin": [-1.39055, 1.17096, -16.85355],
							"size": [0.25, 0.35356, 0.35355],
							"pivot": [-1.14055, 1.52452, -16.5],
							"rotation": [45, 0, -60],
							"uv": {
								"east": {"uv": [48, 33], "uv_size": [0.5, 0.5]},
								"west": {"uv": [34, 48], "uv_size": [0.5, 0.5]},
								"up": {"uv": [48, 34], "uv_size": [0.5, 0.5]}
							}
						},
						{
							"origin": [-1.39055, 1.17096, -14.5],
							"size": [0.25, 0.35356, 0.35355],
							"pivot": [-1.14055, 1.52452, -14.5],
							"rotation": [-45, 0, -60],
							"uv": {
								"east": {"uv": [35, 48], "uv_size": [0.5, 0.5]},
								"west": {"uv": [48, 35], "uv_size": [0.5, 0.5]},
								"up": {"uv": [36, 48], "uv_size": [0.5, 0.5]}
							}
						},
						{
							"origin": [-2.29904, 1.18301, -16.5],
							"size": [0.25, 0.25, 2],
							"pivot": [-1.04904, 1.18301, -16.5],
							"rotation": [0, 0, -60],
							"uv": {
								"east": {"uv": [23, 45], "uv_size": [2, 0.5]},
								"west": {"uv": [29, 45], "uv_size": [2, 0.5]},
								"up": {"uv": [12, 45], "uv_size": [0.5, 2]}
							}
						},
						{
							"origin": [-2.64055, 1.17096, -16.85355],
							"size": [0.25, 0.35356, 0.35355],
							"pivot": [-1.14055, 1.52452, -16.5],
							"rotation": [45, 0, -60],
							"uv": {
								"east": {"uv": [48, 36], "uv_size": [0.5, 0.5]},
								"west": {"uv": [37, 48], "uv_size": [0.5, 0.5]},
								"up": {"uv": [48, 37], "uv_size": [0.5, 0.5]}
							}
						},
						{
							"origin": [-2.64055, 1.17096, -14.5],
							"size": [0.25, 0.35356, 0.35355],
							"pivot": [-1.14055, 1.52452, -14.5],
							"rotation": [-45, 0, -60],
							"uv": {
								"east": {"uv": [38, 48], "uv_size": [0.5, 0.5]},
								"west": {"uv": [48, 38], "uv_size": [0.5, 0.5]},
								"up": {"uv": [39, 48], "uv_size": [0.5, 0.5]}
							}
						},
						{
							"origin": [-2.56555, 1.1214, -22.53328],
							"size": [0.25, 0.35355, 0.35355],
							"pivot": [-0.99055, 1.52452, -22.3],
							"rotation": [-45, 0, -60],
							"uv": {
								"east": {"uv": [48, 39], "uv_size": [0.5, 0.5]},
								"west": {"uv": [40, 48], "uv_size": [0.5, 0.5]},
								"up": {"uv": [48, 40], "uv_size": [0.5, 0.5]}
							}
						},
						{
							"origin": [-2.29904, 1.18301, -26.5],
							"size": [0.25, 0.25, 4],
							"pivot": [-1.04904, 1.18301, -24.5],
							"rotation": [0, 0, -60],
							"uv": {
								"east": {"uv": [8, 43], "uv_size": [4, 0.5]},
								"west": {"uv": [43, 24], "uv_size": [4, 0.5]},
								"up": {"uv": [21, 43], "uv_size": [0.5, 4]}
							}
						},
						{
							"origin": [-1.31555, 1.1214, -22.53328],
							"size": [0.25, 0.35355, 0.35355],
							"pivot": [-0.99055, 1.52452, -22.3],
							"rotation": [-45, 0, -60],
							"uv": {
								"east": {"uv": [41, 48], "uv_size": [0.5, 0.5]},
								"west": {"uv": [48, 41], "uv_size": [0.5, 0.5]},
								"up": {"uv": [42, 48], "uv_size": [0.5, 0.5]}
							}
						},
						{
							"origin": [-1.04904, 1.18301, -26.5],
							"size": [0.25, 0.25, 4],
							"pivot": [-1.04904, 1.18301, -24.5],
							"rotation": [0, 0, -60],
							"uv": {
								"east": {"uv": [43, 25], "uv_size": [4, 0.5]},
								"west": {"uv": [43, 26], "uv_size": [4, 0.5]},
								"up": {"uv": [28, 43], "uv_size": [0.5, 4]}
							}
						},
						{
							"origin": [-2.64055, 1.17096, -26.85355],
							"size": [1.5, 0.35355, 0.35355],
							"pivot": [-1.14055, 1.52452, -26.5],
							"rotation": [45, 0, -60],
							"uv": {
								"east": {"uv": [48, 42], "uv_size": [0.5, 0.5]},
								"west": {"uv": [43, 48], "uv_size": [0.5, 0.5]},
								"up": {"uv": [46, 30], "uv_size": [1.5, 0.5]}
							}
						},
						{
							"origin": [-2.26555, 0.84607, -29],
							"size": [1, 0.46194, 1.5],
							"pivot": [-1.26555, 1.30801, -27.5],
							"rotation": [10, 0, -60],
							"uv": {
								"east": {"uv": [31, 46], "uv_size": [1.5, 0.5]},
								"west": {"uv": [46, 31], "uv_size": [1.5, 0.5]},
								"up": {"uv": [3, 44], "uv_size": [1, 1.5]}
							}
						},
						{
							"origin": [-2.04904, 1.18301, -27.5],
							"size": [1, 0.25, 3],
							"pivot": [-1.04904, 1.18301, -23.5],
							"rotation": [0, 0, -60],
							"uv": {
								"east": {"uv": [4, 44], "uv_size": [3, 0.5]},
								"south": {"uv": [47, 16], "uv_size": [1, 0.5]},
								"west": {"uv": [7, 44], "uv_size": [3, 0.5]},
								"up": {"uv": [7, 32], "uv_size": [1, 3]}
							}
						},
						{
							"origin": [-2.29904, 1.18301, -6.5],
							"size": [1.5, 0.25, 2],
							"pivot": [-1.04904, 1.18301, -6.5],
							"rotation": [0, 0, -60],
							"uv": {
								"north": {"uv": [46, 32], "uv_size": [1.5, 0.5]},
								"east": {"uv": [31, 45], "uv_size": [2, 0.5]},
								"west": {"uv": [35, 45], "uv_size": [2, 0.5]},
								"up": {"uv": [32, 22], "uv_size": [1.5, 2]}
							}
						},
						{
							"origin": [-2.64055, 1.17096, -4.5],
							"size": [1.5, 0.35355, 0.35355],
							"pivot": [-1.14055, 1.52452, -4.5],
							"rotation": [-45, 0, -60],
							"uv": {
								"east": {"uv": [48, 43], "uv_size": [0.5, 0.5]},
								"west": {"uv": [44, 48], "uv_size": [0.5, 0.5]},
								"up": {"uv": [46, 33], "uv_size": [1.5, 0.5]}
							}
						},
						{
							"origin": [-2.26555, 0.84607, -3.5],
							"size": [1, 0.46194, 1.5],
							"pivot": [-1.26555, 1.30801, -3.5],
							"rotation": [-10, 0, -60],
							"uv": {
								"east": {"uv": [46, 34], "uv_size": [1.5, 0.5]},
								"west": {"uv": [35, 46], "uv_size": [1.5, 0.5]},
								"up": {"uv": [10, 44], "uv_size": [1, 1.5]}
							}
						},
						{
							"origin": [-2.04904, 1.18301, -4.5],
							"size": [1, 0.25, 1],
							"pivot": [-1.04904, 1.18301, -7.5],
							"rotation": [0, 0, -60],
							"uv": {
								"east": {"uv": [47, 18], "uv_size": [1, 0.5]},
								"west": {"uv": [47, 20], "uv_size": [1, 0.5]},
								"up": {"uv": [37, 45], "uv_size": [1, 1]}
							}
						},
						{
							"origin": [-1.04904, -1.43301, -16.5],
							"size": [0.25, 0.25, 2],
							"pivot": [-1.04904, -1.18301, -16.5],
							"rotation": [0, 0, 60],
							"uv": {
								"east": {"uv": [38, 45], "uv_size": [2, 0.5]},
								"west": {"uv": [45, 38], "uv_size": [2, 0.5]},
								"down": {"uv": [40, 47], "uv_size": [0.5, -2]}
							}
						},
						{
							"origin": [-1.39055, -1.52452, -16.85355],
							"size": [0.25, 0.35356, 0.35355],
							"pivot": [-1.14055, -1.52452, -16.5],
							"rotation": [-45, 0, 60],
							"uv": {
								"east": {"uv": [48, 44], "uv_size": [0.5, 0.5]},
								"west": {"uv": [45, 48], "uv_size": [0.5, 0.5]},
								"down": {"uv": [48, 45.5], "uv_size": [0.5, -0.5]}
							}
						},
						{
							"origin": [-1.39055, -1.52452, -14.5],
							"size": [0.25, 0.35356, 0.35355],
							"pivot": [-1.14055, -1.52452, -14.5],
							"rotation": [45, 0, 60],
							"uv": {
								"east": {"uv": [46, 48], "uv_size": [0.5, 0.5]},
								"west": {"uv": [48, 46], "uv_size": [0.5, 0.5]},
								"down": {"uv": [47, 48.5], "uv_size": [0.5, -0.5]}
							}
						},
						{
							"origin": [-2.29904, -1.43301, -16.5],
							"size": [0.25, 0.25, 2],
							"pivot": [-1.04904, -1.18301, -16.5],
							"rotation": [0, 0, 60],
							"uv": {
								"east": {"uv": [45, 39], "uv_size": [2, 0.5]},
								"west": {"uv": [41, 45], "uv_size": [2, 0.5]},
								"down": {"uv": [45, 44], "uv_size": [0.5, -2]}
							}
						},
						{
							"origin": [-2.64055, -1.52452, -16.85355],
							"size": [0.25, 0.35356, 0.35355],
							"pivot": [-1.14055, -1.52452, -16.5],
							"rotation": [-45, 0, 60],
							"uv": {
								"east": {"uv": [48, 47], "uv_size": [0.5, 0.5]},
								"west": {"uv": [48, 48], "uv_size": [0.5, 0.5]},
								"down": {"uv": [3, 49.5], "uv_size": [0.5, -0.5]}
							}
						},
						{
							"origin": [-2.64055, -1.52452, -14.5],
							"size": [0.25, 0.35356, 0.35355],
							"pivot": [-1.14055, -1.52452, -14.5],
							"rotation": [45, 0, 60],
							"uv": {
								"east": {"uv": [49, 3], "uv_size": [0.5, 0.5]},
								"west": {"uv": [4, 49], "uv_size": [0.5, 0.5]},
								"down": {"uv": [49, 4.5], "uv_size": [0.5, -0.5]}
							}
						},
						{
							"origin": [-2.56555, -1.47495, -22.53328],
							"size": [0.25, 0.35355, 0.35355],
							"pivot": [-0.99055, -1.52452, -22.3],
							"rotation": [45, 0, 60],
							"uv": {
								"east": {"uv": [5, 49], "uv_size": [0.5, 0.5]},
								"west": {"uv": [49, 5], "uv_size": [0.5, 0.5]},
								"down": {"uv": [6, 49.5], "uv_size": [0.5, -0.5]}
							}
						},
						{
							"origin": [-2.29904, -1.43301, -26.5],
							"size": [0.25, 0.25, 4],
							"pivot": [-1.04904, -1.18301, -24.5],
							"rotation": [0, 0, 60],
							"uv": {
								"east": {"uv": [43, 28], "uv_size": [4, 0.5]},
								"west": {"uv": [29, 43], "uv_size": [4, 0.5]},
								"down": {"uv": [33, 47], "uv_size": [0.5, -4]}
							}
						},
						{
							"origin": [-1.31555, -1.47495, -22.53328],
							"size": [0.25, 0.35355, 0.35355],
							"pivot": [-0.99055, -1.52452, -22.3],
							"rotation": [45, 0, 60],
							"uv": {
								"east": {"uv": [49, 6], "uv_size": [0.5, 0.5]},
								"west": {"uv": [7, 49], "uv_size": [0.5, 0.5]},
								"down": {"uv": [49, 7.5], "uv_size": [0.5, -0.5]}
							}
						},
						{
							"origin": [-1.04904, -1.43301, -26.5],
							"size": [0.25, 0.25, 4],
							"pivot": [-1.04904, -1.18301, -24.5],
							"rotation": [0, 0, 60],
							"uv": {
								"east": {"uv": [43, 35], "uv_size": [4, 0.5]},
								"west": {"uv": [43, 36], "uv_size": [4, 0.5]},
								"down": {"uv": [34, 47], "uv_size": [0.5, -4]}
							}
						},
						{
							"origin": [-2.64055, -1.52451, -26.85355],
							"size": [1.5, 0.35355, 0.35355],
							"pivot": [-1.14055, -1.52452, -26.5],
							"rotation": [-45, 0, 60],
							"uv": {
								"east": {"uv": [8, 49], "uv_size": [0.5, 0.5]},
								"west": {"uv": [49, 8], "uv_size": [0.5, 0.5]},
								"down": {"uv": [37, 46.5], "uv_size": [1.5, -0.5]}
							}
						},
						{
							"origin": [-2.26555, -1.30801, -29],
							"size": [1, 0.46194, 1.5],
							"pivot": [-1.26555, -1.30801, -27.5],
							"rotation": [-10, 0, 60],
							"uv": {
								"east": {"uv": [46, 37], "uv_size": [1.5, 0.5]},
								"west": {"uv": [46, 40], "uv_size": [1.5, 0.5]},
								"down": {"uv": [11, 45.5], "uv_size": [1, -1.5]}
							}
						},
						{
							"origin": [-2.04904, -1.43301, -27.5],
							"size": [1, 0.25, 3],
							"pivot": [-1.04904, -1.18301, -23.5],
							"rotation": [0, 0, 60],
							"uv": {
								"east": {"uv": [44, 20], "uv_size": [3, 0.5]},
								"south": {"uv": [21, 47], "uv_size": [1, 0.5]},
								"west": {"uv": [44, 21], "uv_size": [3, 0.5]},
								"down": {"uv": [32, 27], "uv_size": [1, -3]}
							}
						},
						{
							"origin": [-2.29904, -1.43301, -6.5],
							"size": [1.5, 0.25, 2],
							"pivot": [-1.04904, -1.18301, -6.5],
							"rotation": [0, 0, 60],
							"uv": {
								"north": {"uv": [41, 46], "uv_size": [1.5, 0.5]},
								"east": {"uv": [43, 45], "uv_size": [2, 0.5]},
								"west": {"uv": [45, 44], "uv_size": [2, 0.5]},
								"down": {"uv": [32, 29], "uv_size": [1.5, -2]}
							}
						},
						{
							"origin": [-2.64055, -1.52451, -4.5],
							"size": [1.5, 0.35355, 0.35355],
							"pivot": [-1.14055, -1.52452, -4.5],
							"rotation": [45, 0, 60],
							"uv": {
								"east": {"uv": [9, 49], "uv_size": [0.5, 0.5]},
								"west": {"uv": [49, 9], "uv_size": [0.5, 0.5]},
								"down": {"uv": [46, 41.5], "uv_size": [1.5, -0.5]}
							}
						},
						{
							"origin": [-2.26555, -1.30801, -3.5],
							"size": [1, 0.46194, 1.5],
							"pivot": [-1.26555, -1.30801, -3.5],
							"rotation": [10, 0, 60],
							"uv": {
								"east": {"uv": [46, 42], "uv_size": [1.5, 0.5]},
								"west": {"uv": [43, 46], "uv_size": [1.5, 0.5]},
								"down": {"uv": [22, 45.5], "uv_size": [1, -1.5]}
							}
						},
						{
							"origin": [-2.04904, -1.43301, -4.5],
							"size": [1, 0.25, 1],
							"pivot": [-1.04904, -1.18301, -7.5],
							"rotation": [0, 0, 60],
							"uv": {
								"east": {"uv": [47, 21], "uv_size": [1, 0.5]},
								"west": {"uv": [22, 47], "uv_size": [1, 0.5]},
								"down": {"uv": [45, 46], "uv_size": [1, -1]}
							}
						}
					]
				},
				{
					"name": "rotate_LT",
					"parent": "Vicissitude",
					"pivot": [0.98654, 1.29126, -14.5],
					"rotation": [53, 0, 60],
					"cubes": [
						{
							"origin": [0.86154, 1.29126, -14.5],
							"size": [0.25, 0.25, 5],
							"uv": {
								"east": {"uv": [32, 29], "uv_size": [5, 0.5]},
								"south": {"uv": [10, 49], "uv_size": [0.5, 0.5]},
								"west": {"uv": [32, 30], "uv_size": [5, 0.5]},
								"up": {"uv": [32, 31], "uv_size": [0.5, 5]},
								"down": {"uv": [21, 38], "uv_size": [0.5, -5]}
							}
						},
						{
							"origin": [2.11154, 1.29126, -14.5],
							"size": [0.25, 0.25, 5],
							"uv": {
								"east": {"uv": [22, 33], "uv_size": [5, 0.5]},
								"south": {"uv": [49, 10], "uv_size": [0.5, 0.5]},
								"west": {"uv": [33, 24], "uv_size": [5, 0.5]},
								"up": {"uv": [33, 31], "uv_size": [0.5, 5]},
								"down": {"uv": [4, 39], "uv_size": [0.5, -5]}
							}
						}
					]
				},
				{
					"name": "strench",
					"parent": "rotate_LT",
					"pivot": [0.98654, 1.29126, -9.5],
					"cubes": [
						{
							"origin": [0.89904, 1.32876, -12.25],
							"size": [0.175, 0.175, 5],
							"uv": {
								"east": {"uv": [33, 25], "uv_size": [5, 0.5]},
								"west": {"uv": [33, 26], "uv_size": [5, 0.5]},
								"up": {"uv": [5, 34], "uv_size": [0.5, 5]},
								"down": {"uv": [22, 39], "uv_size": [0.5, -5]}
							}
						},
						{
							"origin": [2.14904, 1.32876, -12.25],
							"size": [0.175, 0.175, 5],
							"uv": {
								"east": {"uv": [34, 20], "uv_size": [5, 0.5]},
								"west": {"uv": [34, 21], "uv_size": [5, 0.5]},
								"up": {"uv": [23, 34], "uv_size": [0.5, 5]},
								"down": {"uv": [24, 39], "uv_size": [0.5, -5]}
							}
						}
					]
				},
				{
					"name": "pannel_LT",
					"parent": "Vicissitude",
					"pivot": [1.04904, 1.18301, -24.5],
					"rotation": [22.5, 0, 60],
					"cubes": [
						{
							"origin": [1.04904, 0.93301, -24.5],
							"size": [1, 0.5, 18],
							"uv": {
								"north": {"uv": [23, 47], "uv_size": [1, 0.5]},
								"east": {"uv": [29, 9], "uv_size": [18, 0.5]},
								"south": {"uv": [24, 47], "uv_size": [1, 0.5]},
								"west": {"uv": [29, 10], "uv_size": [18, 0.5]},
								"up": {"uv": [16, 0], "uv_size": [1, 18]},
								"down": {"uv": [17, 18], "uv_size": [1, -18]}
							}
						},
						{
							"origin": [1.04904, 12.03962, -11.03984],
							"size": [1, 0.35355, 0.35355],
							"pivot": [1.04904, 1.43301, -22],
							"rotation": [-45, 0, 0],
							"uv": {
								"north": {"uv": [47, 24], "uv_size": [1, 0.5]},
								"east": {"uv": [11, 49], "uv_size": [0.5, 0.5]},
								"south": {"uv": [25, 47], "uv_size": [1, 0.5]},
								"west": {"uv": [49, 11], "uv_size": [0.5, 0.5]},
								"up": {"uv": [47, 25], "uv_size": [1, 0.5]},
								"down": {"uv": [26, 47.5], "uv_size": [1, -0.5]}
							}
						},
						{
							"origin": [0.79904, 12.03962, -13.53984],
							"size": [1.5, 0.35355, 0.35355],
							"pivot": [1.04904, 1.43301, -24.5],
							"rotation": [-45, 0, 0],
							"uv": {
								"north": {"uv": [46, 43], "uv_size": [1.5, 0.5]},
								"east": {"uv": [12, 49], "uv_size": [0.5, 0.5]},
								"south": {"uv": [45, 46], "uv_size": [1.5, 0.5]},
								"west": {"uv": [49, 12], "uv_size": [0.5, 0.5]},
								"up": {"uv": [46, 45], "uv_size": [1.5, 0.5]},
								"down": {"uv": [3, 47.5], "uv_size": [1.5, -0.5]}
							}
						}
					]
				},
				{
					"name": "rotate_RT",
					"parent": "Vicissitude",
					"pivot": [-0.98654, 1.29126, -14.5],
					"rotation": [53, 0, -60],
					"cubes": [
						{
							"origin": [-1.11154, 1.29126, -14.5],
							"size": [0.25, 0.25, 5],
							"uv": {
								"east": {"uv": [34, 22], "uv_size": [5, 0.5]},
								"south": {"uv": [49, 13], "uv_size": [0.5, 0.5]},
								"west": {"uv": [34, 23], "uv_size": [5, 0.5]},
								"up": {"uv": [25, 34], "uv_size": [0.5, 5]},
								"down": {"uv": [26, 39], "uv_size": [0.5, -5]}
							}
						},
						{
							"origin": [-2.36154, 1.29126, -14.5],
							"size": [0.25, 0.25, 5],
							"uv": {
								"east": {"uv": [34, 27], "uv_size": [5, 0.5]},
								"south": {"uv": [49, 14], "uv_size": [0.5, 0.5]},
								"west": {"uv": [34, 28], "uv_size": [5, 0.5]},
								"up": {"uv": [34, 31], "uv_size": [0.5, 5]},
								"down": {"uv": [3, 40], "uv_size": [0.5, -5]}
							}
						}
					]
				},
				{
					"name": "strench2",
					"parent": "rotate_RT",
					"pivot": [-0.98654, 1.29126, -9.5],
					"cubes": [
						{
							"origin": [-1.07404, 1.32876, -12.25],
							"size": [0.175, 0.175, 5],
							"uv": {
								"east": {"uv": [35, 31], "uv_size": [5, 0.5]},
								"west": {"uv": [35, 32], "uv_size": [5, 0.5]},
								"up": {"uv": [6, 35], "uv_size": [0.5, 5]},
								"down": {"uv": [7, 40], "uv_size": [0.5, -5]}
							}
						},
						{
							"origin": [-2.32404, 1.32876, -12.25],
							"size": [0.175, 0.175, 5],
							"uv": {
								"east": {"uv": [35, 33], "uv_size": [5, 0.5]},
								"west": {"uv": [35, 34], "uv_size": [5, 0.5]},
								"up": {"uv": [35, 35], "uv_size": [0.5, 5]},
								"down": {"uv": [8, 41], "uv_size": [0.5, -5]}
							}
						}
					]
				},
				{
					"name": "pannel_RT",
					"parent": "Vicissitude",
					"pivot": [-1.04904, 1.18301, -24.5],
					"rotation": [22.5, 0, -60],
					"cubes": [
						{
							"origin": [-2.04904, 0.93301, -24.5],
							"size": [1, 0.5, 18],
							"uv": {
								"north": {"uv": [47, 26], "uv_size": [1, 0.5]},
								"east": {"uv": [29, 11], "uv_size": [18, 0.5]},
								"south": {"uv": [27, 47], "uv_size": [1, 0.5]},
								"west": {"uv": [29, 12], "uv_size": [18, 0.5]},
								"up": {"uv": [18, 0], "uv_size": [1, 18]},
								"down": {"uv": [8, 36], "uv_size": [1, -18]}
							}
						},
						{
							"origin": [-2.04904, 12.03962, -11.03984],
							"size": [1, 0.35355, 0.35355],
							"pivot": [-1.04904, 1.43301, -22],
							"rotation": [-45, 0, 0],
							"uv": {
								"north": {"uv": [28, 47], "uv_size": [1, 0.5]},
								"east": {"uv": [49, 15], "uv_size": [0.5, 0.5]},
								"south": {"uv": [47, 28], "uv_size": [1, 0.5]},
								"west": {"uv": [49, 16], "uv_size": [0.5, 0.5]},
								"up": {"uv": [29, 47], "uv_size": [1, 0.5]},
								"down": {"uv": [30, 47.5], "uv_size": [1, -0.5]}
							}
						},
						{
							"origin": [-2.29904, 12.03962, -13.53984],
							"size": [1.5, 0.35355, 0.35355],
							"pivot": [-1.04904, 1.43301, -24.5],
							"rotation": [-45, 0, 0],
							"uv": {
								"north": {"uv": [47, 3], "uv_size": [1.5, 0.5]},
								"east": {"uv": [49, 17], "uv_size": [0.5, 0.5]},
								"south": {"uv": [47, 4], "uv_size": [1.5, 0.5]},
								"west": {"uv": [49, 18], "uv_size": [0.5, 0.5]},
								"up": {"uv": [5, 47], "uv_size": [1.5, 0.5]},
								"down": {"uv": [47, 5.5], "uv_size": [1.5, -0.5]}
							}
						}
					]
				},
				{
					"name": "rotate_LB",
					"parent": "Vicissitude",
					"pivot": [0.98654, -1.29126, -14.5],
					"rotation": [-53, 0, -60],
					"cubes": [
						{
							"origin": [0.86154, -1.54126, -14.5],
							"size": [0.25, 0.25, 5],
							"uv": {
								"east": {"uv": [36, 35], "uv_size": [5, 0.5]},
								"south": {"uv": [49, 19], "uv_size": [0.5, 0.5]},
								"west": {"uv": [36, 36], "uv_size": [5, 0.5]},
								"up": {"uv": [9, 36], "uv_size": [0.5, 5]},
								"down": {"uv": [10, 41], "uv_size": [0.5, -5]}
							}
						},
						{
							"origin": [2.11154, -1.54126, -14.5],
							"size": [0.25, 0.25, 5],
							"uv": {
								"east": {"uv": [37, 17], "uv_size": [5, 0.5]},
								"south": {"uv": [49, 20], "uv_size": [0.5, 0.5]},
								"west": {"uv": [37, 29], "uv_size": [5, 0.5]},
								"up": {"uv": [11, 36], "uv_size": [0.5, 5]},
								"down": {"uv": [12, 41], "uv_size": [0.5, -5]}
							}
						}
					]
				},
				{
					"name": "strench4",
					"parent": "rotate_LB",
					"pivot": [0.98654, -1.29126, -9.5],
					"cubes": [
						{
							"origin": [0.89904, -1.50376, -12.25],
							"size": [0.175, 0.175, 5],
							"uv": {
								"east": {"uv": [37, 30], "uv_size": [5, 0.5]},
								"west": {"uv": [36, 37], "uv_size": [5, 0.5]},
								"up": {"uv": [32, 36], "uv_size": [0.5, 5]},
								"down": {"uv": [33, 41], "uv_size": [0.5, -5]}
							}
						},
						{
							"origin": [2.14904, -1.50376, -12.25],
							"size": [0.175, 0.175, 5],
							"uv": {
								"east": {"uv": [38, 24], "uv_size": [5, 0.5]},
								"west": {"uv": [38, 25], "uv_size": [5, 0.5]},
								"up": {"uv": [34, 36], "uv_size": [0.5, 5]},
								"down": {"uv": [27, 42], "uv_size": [0.5, -5]}
							}
						}
					]
				},
				{
					"name": "pannel_LB",
					"parent": "Vicissitude",
					"pivot": [1.04904, -1.18301, -24.5],
					"rotation": [-22.5, 0, -60],
					"cubes": [
						{
							"origin": [1.04904, -1.43301, -24.5],
							"size": [1, 0.5, 18],
							"uv": {
								"north": {"uv": [31, 47], "uv_size": [1, 0.5]},
								"east": {"uv": [29, 13], "uv_size": [18, 0.5]},
								"south": {"uv": [32, 47], "uv_size": [1, 0.5]},
								"west": {"uv": [29, 14], "uv_size": [18, 0.5]},
								"up": {"uv": [9, 18], "uv_size": [1, 18]},
								"down": {"uv": [10, 36], "uv_size": [1, -18]}
							}
						},
						{
							"origin": [1.04904, -12.39317, -11.03984],
							"size": [1, 0.35355, 0.35355],
							"pivot": [1.04904, -1.43301, -22],
							"rotation": [45, 0, 0],
							"uv": {
								"north": {"uv": [33, 47], "uv_size": [1, 0.5]},
								"east": {"uv": [21, 49], "uv_size": [0.5, 0.5]},
								"south": {"uv": [34, 47], "uv_size": [1, 0.5]},
								"west": {"uv": [49, 21], "uv_size": [0.5, 0.5]},
								"up": {"uv": [35, 47], "uv_size": [1, 0.5]},
								"down": {"uv": [47, 35.5], "uv_size": [1, -0.5]}
							}
						},
						{
							"origin": [0.79904, -12.39317, -13.53984],
							"size": [1.5, 0.35355, 0.35355],
							"pivot": [1.04904, -1.43301, -24.5],
							"rotation": [45, 0, 0],
							"uv": {
								"north": {"uv": [47, 6], "uv_size": [1.5, 0.5]},
								"east": {"uv": [22, 49], "uv_size": [0.5, 0.5]},
								"south": {"uv": [7, 47], "uv_size": [1.5, 0.5]},
								"west": {"uv": [49, 22], "uv_size": [0.5, 0.5]},
								"up": {"uv": [47, 7], "uv_size": [1.5, 0.5]},
								"down": {"uv": [47, 8.5], "uv_size": [1.5, -0.5]}
							}
						}
					]
				},
				{
					"name": "rotate_RB",
					"parent": "Vicissitude",
					"pivot": [-0.98654, -1.29126, -14.5],
					"rotation": [-53, 0, 60],
					"cubes": [
						{
							"origin": [-1.11154, -1.54126, -14.5],
							"size": [0.25, 0.25, 5],
							"uv": {
								"east": {"uv": [38, 26], "uv_size": [5, 0.5]},
								"south": {"uv": [23, 49], "uv_size": [0.5, 0.5]},
								"west": {"uv": [36, 38], "uv_size": [5, 0.5]},
								"up": {"uv": [21, 38], "uv_size": [0.5, 5]},
								"down": {"uv": [28, 43], "uv_size": [0.5, -5]}
							}
						},
						{
							"origin": [-2.36154, -1.54126, -14.5],
							"size": [0.25, 0.25, 5],
							"uv": {
								"east": {"uv": [39, 20], "uv_size": [5, 0.5]},
								"south": {"uv": [49, 23], "uv_size": [0.5, 0.5]},
								"west": {"uv": [39, 21], "uv_size": [5, 0.5]},
								"up": {"uv": [29, 38], "uv_size": [0.5, 5]},
								"down": {"uv": [30, 43], "uv_size": [0.5, -5]}
							}
						}
					]
				},
				{
					"name": "strench3",
					"parent": "rotate_RB",
					"pivot": [-0.98654, -1.29126, -9.5],
					"cubes": [
						{
							"origin": [-1.07404, -1.50376, -12.25],
							"size": [0.175, 0.175, 5],
							"uv": {
								"east": {"uv": [22, 39], "uv_size": [5, 0.5]},
								"west": {"uv": [39, 22], "uv_size": [5, 0.5]},
								"up": {"uv": [31, 38], "uv_size": [0.5, 5]},
								"down": {"uv": [4, 44], "uv_size": [0.5, -5]}
							}
						},
						{
							"origin": [-2.32404, -1.50376, -12.25],
							"size": [0.175, 0.175, 5],
							"uv": {
								"east": {"uv": [39, 23], "uv_size": [5, 0.5]},
								"west": {"uv": [39, 27], "uv_size": [5, 0.5]},
								"up": {"uv": [5, 39], "uv_size": [0.5, 5]},
								"down": {"uv": [36, 44], "uv_size": [0.5, -5]}
							}
						}
					]
				},
				{
					"name": "pannel_RB",
					"parent": "Vicissitude",
					"pivot": [-1.04904, -1.18301, -24.5],
					"rotation": [-22.5, 0, 60],
					"cubes": [
						{
							"origin": [-2.04904, -1.43301, -24.5],
							"size": [1, 0.5, 18],
							"uv": {
								"north": {"uv": [36, 47], "uv_size": [1, 0.5]},
								"east": {"uv": [29, 15], "uv_size": [18, 0.5]},
								"south": {"uv": [47, 36], "uv_size": [1, 0.5]},
								"west": {"uv": [29, 16], "uv_size": [18, 0.5]},
								"up": {"uv": [11, 18], "uv_size": [1, 18]},
								"down": {"uv": [12, 36], "uv_size": [1, -18]}
							}
						},
						{
							"origin": [-2.04904, -12.39317, -11.03984],
							"size": [1, 0.35355, 0.35355],
							"pivot": [-1.04904, -1.43301, -22],
							"rotation": [45, 0, 0],
							"uv": {
								"north": {"uv": [37, 47], "uv_size": [1, 0.5]},
								"east": {"uv": [24, 49], "uv_size": [0.5, 0.5]},
								"south": {"uv": [38, 47], "uv_size": [1, 0.5]},
								"west": {"uv": [49, 24], "uv_size": [0.5, 0.5]},
								"up": {"uv": [47, 38], "uv_size": [1, 0.5]},
								"down": {"uv": [39, 47.5], "uv_size": [1, -0.5]}
							}
						},
						{
							"origin": [-2.29904, -12.39317, -13.53984],
							"size": [1.5, 0.35355, 0.35355],
							"pivot": [-1.04904, -1.43301, -24.5],
							"rotation": [45, 0, 0],
							"uv": {
								"north": {"uv": [9, 47], "uv_size": [1.5, 0.5]},
								"east": {"uv": [25, 49], "uv_size": [0.5, 0.5]},
								"south": {"uv": [47, 9], "uv_size": [1.5, 0.5]},
								"west": {"uv": [49, 25], "uv_size": [0.5, 0.5]},
								"up": {"uv": [47, 10], "uv_size": [1.5, 0.5]},
								"down": {"uv": [11, 47.5], "uv_size": [1.5, -0.5]}
							}
						}
					]
				}
			]
		}
	]
}