{
	"format_version": "1.12.0",
	"minecraft:geometry": [
		{
			"description": {
				"identifier": "geometry.muzzle_mxm_sc",
				"texture_width": 32,
				"texture_height": 32,
				"visible_bounds_width": 3,
				"visible_bounds_height": 2.5,
				"visible_bounds_offset": [0, 0.75, 0]
			},
			"bones": [
				{
					"name": "MaximDef_SoupCan",
					"pivot": [0, 0, 0.0875],
					"cubes": [
						{
							"origin": [-0.2485, -0.6, -0.75],
							"size": [0.497, 1.2, 0.75],
							"pivot": [0, 0, -0.375],
							"rotation": [0, 0, 90],
							"uv": {
								"south": {"uv": [15, 12], "uv_size": [0.5, 1]},
								"up": {"uv": [13, 15], "uv_size": [0.5, 1]},
								"down": {"uv": [15, 14], "uv_size": [0.5, -1]}
							}
						},
						{
							"origin": [-0.2485, -0.6, -0.75],
							"size": [0.497, 1.2, 0.75],
							"pivot": [0, 0, -0.375],
							"rotation": [0, 0, 45],
							"uv": {
								"south": {"uv": [14, 15], "uv_size": [0.5, 1]},
								"up": {"uv": [15, 14], "uv_size": [0.5, 1]},
								"down": {"uv": [15, 16], "uv_size": [0.5, -1]}
							}
						},
						{
							"origin": [-0.2485, -0.6, -0.75],
							"size": [0.497, 1.2, 0.75],
							"uv": {
								"south": {"uv": [16, 0], "uv_size": [0.5, 1]},
								"up": {"uv": [1, 16], "uv_size": [0.5, 1]},
								"down": {"uv": [16, 2], "uv_size": [0.5, -1]}
							}
						},
						{
							"origin": [-0.2485, -0.6, -0.75],
							"size": [0.497, 1.2, 0.75],
							"pivot": [0, 0, -0.375],
							"rotation": [0, 0, 135],
							"uv": {
								"south": {"uv": [2, 16], "uv_size": [0.5, 1]},
								"up": {"uv": [16, 2], "uv_size": [0.5, 1]},
								"down": {"uv": [3, 17], "uv_size": [0.5, -1]}
							}
						},
						{
							"origin": [-0.1989, -1, -2.25],
							"size": [0.3978, 2, 1.5],
							"uv": {
								"south": {"uv": [1, 14], "uv_size": [0.5, 2]},
								"up": {"uv": [7, 14], "uv_size": [0.5, 1.5]},
								"down": {"uv": [14, 8.5], "uv_size": [0.5, -1.5]}
							}
						},
						{
							"origin": [-0.1989, -1, -2.25],
							"size": [0.3978, 2, 1.5],
							"pivot": [0, 0, -1.5],
							"rotation": [0, 0, 22.5],
							"uv": {
								"south": {"uv": [2, 14], "uv_size": [0.5, 2]},
								"up": {"uv": [14, 9], "uv_size": [0.5, 1.5]},
								"down": {"uv": [14, 12.5], "uv_size": [0.5, -1.5]}
							}
						},
						{
							"origin": [-0.1989, -1, -2.25],
							"size": [0.3978, 2, 1.5],
							"pivot": [0, 0, -1.5],
							"rotation": [0, 0, 45],
							"uv": {
								"south": {"uv": [3, 14], "uv_size": [0.5, 2]},
								"up": {"uv": [14, 13], "uv_size": [0.5, 1.5]},
								"down": {"uv": [15, 1.5], "uv_size": [0.5, -1.5]}
							}
						},
						{
							"origin": [-0.1989, -1, -2.25],
							"size": [0.3978, 2, 1.5],
							"pivot": [0, 0, -1.5],
							"rotation": [0, 0, 67.5],
							"uv": {
								"south": {"uv": [14, 3], "uv_size": [0.5, 2]},
								"up": {"uv": [15, 2], "uv_size": [0.5, 1.5]},
								"down": {"uv": [15, 5.5], "uv_size": [0.5, -1.5]}
							}
						},
						{
							"origin": [-0.1989, -1, -2.25],
							"size": [0.3978, 2, 1.5],
							"pivot": [0, 0, -1.5],
							"rotation": [0, 0, 157.5],
							"uv": {
								"south": {"uv": [4, 14], "uv_size": [0.5, 2]},
								"up": {"uv": [15, 6], "uv_size": [0.5, 1.5]},
								"down": {"uv": [8, 16.5], "uv_size": [0.5, -1.5]}
							}
						},
						{
							"origin": [-0.1989, -1, -2.25],
							"size": [0.3978, 2, 1.5],
							"pivot": [0, 0, -1.5],
							"rotation": [0, 0, 135],
							"uv": {
								"south": {"uv": [5, 14], "uv_size": [0.5, 2]},
								"up": {"uv": [15, 8], "uv_size": [0.5, 1.5]},
								"down": {"uv": [9, 16.5], "uv_size": [0.5, -1.5]}
							}
						},
						{
							"origin": [-0.1989, -1, -2.25],
							"size": [0.3978, 2, 1.5],
							"pivot": [0, 0, -1.5],
							"rotation": [0, 0, 112.5],
							"uv": {
								"south": {"uv": [14, 5], "uv_size": [0.5, 2]},
								"up": {"uv": [10, 15], "uv_size": [0.5, 1.5]},
								"down": {"uv": [15, 11.5], "uv_size": [0.5, -1.5]}
							}
						},
						{
							"origin": [-0.1989, -1, -2.25],
							"size": [0.3978, 2, 1.5],
							"pivot": [0, 0, -1.5],
							"rotation": [0, 0, 90],
							"uv": {
								"south": {"uv": [6, 14], "uv_size": [0.5, 2]},
								"up": {"uv": [11, 15], "uv_size": [0.5, 1.5]},
								"down": {"uv": [12, 16.5], "uv_size": [0.5, -1.5]}
							}
						},
						{
							"origin": [-0.2735, -1.425, -2.75],
							"size": [0.547, 2.85, 0.5],
							"pivot": [0, 0, -5.5],
							"rotation": [0, 0, -22.5],
							"uv": {
								"north": {"uv": [12, 0], "uv_size": [0.5, 3]},
								"east": {"uv": [12, 3], "uv_size": [0.5, 3]},
								"south": {"uv": [12, 6], "uv_size": [0.5, 3]},
								"west": {"uv": [8, 12], "uv_size": [0.5, 3]},
								"up": {"uv": [17, 10], "uv_size": [0.5, 0.5]},
								"down": {"uv": [11, 17.5], "uv_size": [0.5, -0.5]}
							}
						},
						{
							"origin": [-0.2735, -1.425, -2.75],
							"size": [0.547, 2.85, 0.5],
							"pivot": [0, 0, -5.5],
							"rotation": [0, 0, -67.5],
							"uv": {
								"north": {"uv": [9, 12], "uv_size": [0.5, 3]},
								"east": {"uv": [12, 9], "uv_size": [0.5, 3]},
								"south": {"uv": [10, 12], "uv_size": [0.5, 3]},
								"west": {"uv": [11, 12], "uv_size": [0.5, 3]},
								"up": {"uv": [17, 11], "uv_size": [0.5, 0.5]},
								"down": {"uv": [12, 17.5], "uv_size": [0.5, -0.5]}
							}
						},
						{
							"origin": [-0.2735, -1.425, -2.75],
							"size": [0.547, 2.85, 0.5],
							"pivot": [0, 0, -5.5],
							"rotation": [0, 0, -112.5],
							"uv": {
								"north": {"uv": [12, 12], "uv_size": [0.5, 3]},
								"east": {"uv": [13, 0], "uv_size": [0.5, 3]},
								"south": {"uv": [13, 3], "uv_size": [0.5, 3]},
								"west": {"uv": [13, 6], "uv_size": [0.5, 3]},
								"up": {"uv": [17, 12], "uv_size": [0.5, 0.5]},
								"down": {"uv": [13, 17.5], "uv_size": [0.5, -0.5]}
							}
						},
						{
							"origin": [-0.2735, -1.425, -2.75],
							"size": [0.547, 2.85, 0.5],
							"pivot": [0, 0, -5.5],
							"rotation": [0, 0, 22.5],
							"uv": {
								"north": {"uv": [13, 9], "uv_size": [0.5, 3]},
								"east": {"uv": [13, 12], "uv_size": [0.5, 3]},
								"south": {"uv": [0, 14], "uv_size": [0.5, 3]},
								"west": {"uv": [14, 0], "uv_size": [0.5, 3]},
								"up": {"uv": [17, 13], "uv_size": [0.5, 0.5]},
								"down": {"uv": [14, 17.5], "uv_size": [0.5, -0.5]}
							}
						},
						{
							"origin": [-0.2735, 0.2, -8.75],
							"size": [0.547, 1.175, 6.5],
							"uv": {
								"north": {"uv": [16, 3], "uv_size": [0.5, 1]},
								"south": {"uv": [4, 16], "uv_size": [0.5, 1]},
								"up": {"uv": [0, 0], "uv_size": [0.5, 6.5]},
								"down": {"uv": [1, 6.5], "uv_size": [0.5, -6.5]}
							}
						},
						{
							"origin": [-0.2735, 0.2, -8.75],
							"size": [0.547, 1.175, 6],
							"pivot": [0, 0, -5.5],
							"rotation": [0, 0, -22.5],
							"uv": {
								"north": {"uv": [16, 4], "uv_size": [0.5, 1]},
								"up": {"uv": [8, 0], "uv_size": [0.5, 6]}
							}
						},
						{
							"origin": [-0.2735, 0.2, -8.75],
							"size": [0.547, 1.175, 6.5],
							"pivot": [0, 0, -5.5],
							"rotation": [0, 0, -45],
							"uv": {
								"north": {"uv": [5, 16], "uv_size": [0.5, 1]},
								"south": {"uv": [16, 5], "uv_size": [0.5, 1]},
								"up": {"uv": [2, 0], "uv_size": [0.5, 6.5]},
								"down": {"uv": [3, 6.5], "uv_size": [0.5, -6.5]}
							}
						},
						{
							"origin": [-0.2735, 0.2, -8.75],
							"size": [0.547, 1.175, 6],
							"pivot": [0, 0, -5.5],
							"rotation": [0, 0, -67.5],
							"uv": {
								"north": {"uv": [6, 16], "uv_size": [0.5, 1]},
								"up": {"uv": [8, 6], "uv_size": [0.5, 6]}
							}
						},
						{
							"origin": [-0.2735, 0.2, -8.75],
							"size": [0.547, 1.175, 6.5],
							"pivot": [0, 0, -5.5],
							"rotation": [0, 0, -90],
							"uv": {
								"north": {"uv": [16, 6], "uv_size": [0.5, 1]},
								"south": {"uv": [7, 16], "uv_size": [0.5, 1]},
								"up": {"uv": [4, 0], "uv_size": [0.5, 6.5]},
								"down": {"uv": [5, 6.5], "uv_size": [0.5, -6.5]}
							}
						},
						{
							"origin": [-0.2735, 0.2, -8.75],
							"size": [0.547, 1.175, 6],
							"pivot": [0, 0, -5.5],
							"rotation": [0, 0, -112.5],
							"uv": {
								"north": {"uv": [16, 7], "uv_size": [0.5, 1]},
								"up": {"uv": [9, 0], "uv_size": [0.5, 6]}
							}
						},
						{
							"origin": [-0.2735, 0.2, -8.75],
							"size": [0.547, 1.175, 6.5],
							"pivot": [0, 0, -5.5],
							"rotation": [0, 0, -135],
							"uv": {
								"north": {"uv": [16, 8], "uv_size": [0.5, 1]},
								"south": {"uv": [16, 9], "uv_size": [0.5, 1]},
								"up": {"uv": [6, 0], "uv_size": [0.5, 6.5]},
								"down": {"uv": [0, 13.5], "uv_size": [0.5, -6.5]}
							}
						},
						{
							"origin": [-0.2735, 0.2, -8.75],
							"size": [0.547, 1.175, 6],
							"pivot": [0, 0, -5.5],
							"rotation": [0, 0, -157.5],
							"uv": {
								"north": {"uv": [16, 10], "uv_size": [0.5, 1]},
								"up": {"uv": [9, 6], "uv_size": [0.5, 6]}
							}
						},
						{
							"origin": [-0.2735, 0.2, -8.75],
							"size": [0.547, 1.175, 6],
							"pivot": [0, 0, -5.5],
							"rotation": [0, 0, 22.5],
							"uv": {
								"north": {"uv": [16, 11], "uv_size": [0.5, 1]},
								"up": {"uv": [10, 0], "uv_size": [0.5, 6]}
							}
						},
						{
							"origin": [-0.2735, 0.2, -8.75],
							"size": [0.547, 1.175, 6.5],
							"pivot": [0, 0, -5.5],
							"rotation": [0, 0, 45],
							"uv": {
								"north": {"uv": [16, 12], "uv_size": [0.5, 1]},
								"south": {"uv": [13, 16], "uv_size": [0.5, 1]},
								"up": {"uv": [7, 0], "uv_size": [0.5, 6.5]},
								"down": {"uv": [1, 13.5], "uv_size": [0.5, -6.5]}
							}
						},
						{
							"origin": [-0.2735, 0.2, -8.75],
							"size": [0.547, 1.175, 6],
							"pivot": [0, 0, -5.5],
							"rotation": [0, 0, 67.5],
							"uv": {
								"north": {"uv": [16, 13], "uv_size": [0.5, 1]},
								"up": {"uv": [10, 6], "uv_size": [0.5, 6]}
							}
						},
						{
							"origin": [-0.2735, 0.2, -8.75],
							"size": [0.547, 1.175, 6.5],
							"pivot": [0, 0, -5.5],
							"rotation": [0, 0, 90],
							"uv": {
								"north": {"uv": [14, 16], "uv_size": [0.5, 1]},
								"south": {"uv": [16, 14], "uv_size": [0.5, 1]},
								"up": {"uv": [2, 7], "uv_size": [0.5, 6.5]},
								"down": {"uv": [3, 13.5], "uv_size": [0.5, -6.5]}
							}
						},
						{
							"origin": [-0.2735, 0.2, -8.75],
							"size": [0.547, 1.175, 6],
							"pivot": [0, 0, -5.5],
							"rotation": [0, 0, 112.5],
							"uv": {
								"north": {"uv": [15, 16], "uv_size": [0.5, 1]},
								"up": {"uv": [11, 0], "uv_size": [0.5, 6]}
							}
						},
						{
							"origin": [-0.2735, 0.2, -8.75],
							"size": [0.547, 1.175, 6.5],
							"pivot": [0, 0, -5.5],
							"rotation": [0, 0, 135],
							"uv": {
								"north": {"uv": [16, 15], "uv_size": [0.5, 1]},
								"south": {"uv": [16, 16], "uv_size": [0.5, 1]},
								"up": {"uv": [4, 7], "uv_size": [0.5, 6.5]},
								"down": {"uv": [5, 13.5], "uv_size": [0.5, -6.5]}
							}
						},
						{
							"origin": [-0.2735, 0.2, -8.75],
							"size": [0.547, 1.175, 6],
							"pivot": [0, 0, -5.5],
							"rotation": [0, 0, 157.5],
							"uv": {
								"north": {"uv": [0, 17], "uv_size": [0.5, 1]},
								"up": {"uv": [11, 6], "uv_size": [0.5, 6]}
							}
						},
						{
							"origin": [-0.2735, 0.2, -8.75],
							"size": [0.547, 1.175, 6.5],
							"pivot": [0, 0, -5.5],
							"rotation": [0, 0, -180],
							"uv": {
								"north": {"uv": [17, 0], "uv_size": [0.5, 1]},
								"south": {"uv": [1, 17], "uv_size": [0.5, 1]},
								"up": {"uv": [6, 7], "uv_size": [0.5, 6.5]},
								"down": {"uv": [7, 13.5], "uv_size": [0.5, -6.5]}
							}
						},
						{
							"origin": [-0.505, 0.2, -9],
							"size": [1.01, 0.675, 0.25],
							"uv": {
								"north": {"uv": [17, 1], "uv_size": [1, 0.5]},
								"up": {"uv": [2, 17], "uv_size": [1, 0.5]},
								"down": {"uv": [17, 2.5], "uv_size": [1, -0.5]}
							}
						},
						{
							"origin": [-0.505, 0.2, -9],
							"size": [1.01, 0.675, 0.25],
							"pivot": [0, 0, -8.875],
							"rotation": [0, 0, -60],
							"uv": {
								"north": {"uv": [3, 17], "uv_size": [1, 0.5]},
								"up": {"uv": [17, 3], "uv_size": [1, 0.5]},
								"down": {"uv": [4, 17.5], "uv_size": [1, -0.5]}
							}
						},
						{
							"origin": [-0.505, 0.2, -9],
							"size": [1.01, 0.675, 0.25],
							"pivot": [0, 0, -8.875],
							"rotation": [0, 0, 60],
							"uv": {
								"north": {"uv": [17, 4], "uv_size": [1, 0.5]},
								"up": {"uv": [5, 17], "uv_size": [1, 0.5]},
								"down": {"uv": [17, 5.5], "uv_size": [1, -0.5]}
							}
						},
						{
							"origin": [-0.505, 0.2, -9],
							"size": [1.01, 0.675, 0.25],
							"pivot": [0, 0, -8.875],
							"rotation": [0, 0, 120],
							"uv": {
								"north": {"uv": [6, 17], "uv_size": [1, 0.5]},
								"up": {"uv": [17, 6], "uv_size": [1, 0.5]},
								"down": {"uv": [7, 17.5], "uv_size": [1, -0.5]}
							}
						},
						{
							"origin": [-0.505, 0.2, -9],
							"size": [1.01, 0.675, 0.25],
							"pivot": [0, 0, -8.875],
							"rotation": [0, 0, 180],
							"uv": {
								"north": {"uv": [17, 7], "uv_size": [1, 0.5]},
								"up": {"uv": [8, 17], "uv_size": [1, 0.5]},
								"down": {"uv": [17, 8.5], "uv_size": [1, -0.5]}
							}
						},
						{
							"origin": [-0.505, 0.2, -9],
							"size": [1.01, 0.675, 0.25],
							"pivot": [0, 0, -8.875],
							"rotation": [0, 0, -120],
							"uv": {
								"north": {"uv": [9, 17], "uv_size": [1, 0.5]},
								"up": {"uv": [17, 9], "uv_size": [1, 0.5]},
								"down": {"uv": [10, 17.5], "uv_size": [1, -0.5]}
							}
						}
					]
				}
			]
		}
	]
}