{
	"format_version": "1.12.0",
	"minecraft:geometry": [
		{
			"description": {
				"identifier": "geometry.muzzle_massdriver",
				"texture_width": 16,
				"texture_height": 16,
				"visible_bounds_width": 2,
				"visible_bounds_height": 2.5,
				"visible_bounds_offset": [0, 0.75, 0]
			},
			"bones": [
				{
					"name": "StrikeIndus_MassDriver",
					"pivot": [-0.00002, -0.28005, -0.67335],
					"cubes": [
						{
							"origin": [-0.4, 0.25, -0.125],
							"size": [0.8, 0.2, 0.225],
							"uv": {
								"north": {"uv": [0, 0], "uv_size": [1, 0.5]},
								"south": {"uv": [0, 1], "uv_size": [1, 0.5]},
								"up": {"uv": [1, 0], "uv_size": [1, 0.5]},
								"down": {"uv": [1, 1.5], "uv_size": [1, -0.5]}
							}
						},
						{
							"origin": [-0.35, 0.3, -1.05],
							"size": [0.7, 0.15, 0.175],
							"uv": {
								"north": {"uv": [1, 6], "uv_size": [0.5, 0.5]},
								"south": {"uv": [6, 1], "uv_size": [0.5, 0.5]},
								"up": {"uv": [2, 6], "uv_size": [0.5, 0.5]},
								"down": {"uv": [6, 2.5], "uv_size": [0.5, -0.5]}
							}
						},
						{
							"origin": [-0.35, 0.3, -1.4],
							"size": [0.7, 0.15, 0.175],
							"uv": {
								"north": {"uv": [3, 6], "uv_size": [0.5, 0.5]},
								"south": {"uv": [6, 3], "uv_size": [0.5, 0.5]},
								"up": {"uv": [4, 6], "uv_size": [0.5, 0.5]},
								"down": {"uv": [6, 4.5], "uv_size": [0.5, -0.5]}
							}
						},
						{
							"origin": [-0.35, 0.3, -1.775],
							"size": [0.7, 0.15, 0.175],
							"uv": {
								"north": {"uv": [5, 6], "uv_size": [0.5, 0.5]},
								"south": {"uv": [6, 5], "uv_size": [0.5, 0.5]},
								"up": {"uv": [6, 6], "uv_size": [0.5, 0.5]},
								"down": {"uv": [0, 7.5], "uv_size": [0.5, -0.5]}
							}
						},
						{
							"origin": [-0.101, 0.3, -0.875],
							"size": [0.2, 0.15, 0.75],
							"uv": {
								"east": {"uv": [0, 2], "uv_size": [1, 0.5]},
								"west": {"uv": [2, 0], "uv_size": [1, 0.5]},
								"up": {"uv": [1, 2], "uv_size": [0.5, 1]},
								"down": {"uv": [2, 2], "uv_size": [0.5, -1]}
							}
						},
						{
							"origin": [-0.45, -0.35, -0.875],
							"size": [0.15, 0.2, 0.75],
							"uv": {
								"east": {"uv": [2, 2], "uv_size": [1, 0.5]},
								"west": {"uv": [0, 3], "uv_size": [1, 0.5]},
								"down": {"uv": [3, 1], "uv_size": [0.5, -1]}
							}
						},
						{
							"origin": [-0.28143, -1.20177, -1.3],
							"size": [0.56287, 0.40177, 1.2],
							"uv": {
								"south": {"uv": [7, 0], "uv_size": [0.5, 0.5]},
								"down": {"uv": [1, 4], "uv_size": [0.5, -1]}
							}
						},
						{
							"origin": [-0.28143, -0.85179, -1.64367],
							"size": [0.56287, 0.40464, 0.20089],
							"pivot": [0, -0.38549, -0.81875],
							"rotation": [30, 0, 0],
							"uv": {
								"north": {"uv": [1, 7], "uv_size": [0.5, 0.5]},
								"east": {"uv": [7, 1], "uv_size": [0.5, 0.5]},
								"west": {"uv": [2, 7], "uv_size": [0.5, 0.5]}
							}
						},
						{
							"origin": [-0.65187, -0.95169, -0.5],
							"size": [0.1, 0.1, 0.4],
							"pivot": [0, -0.38549, -0.81875],
							"rotation": [0, 0, -30],
							"uv": {
								"north": {"uv": [7, 2], "uv_size": [0.5, 0.5]},
								"east": {"uv": [3, 7], "uv_size": [0.5, 0.5]}
							}
						},
						{
							"origin": [-0.65187, -1.29409, -0.71089],
							"size": [0.16339, 0.07071, 0.14142],
							"pivot": [0, -0.38549, -0.81875],
							"rotation": [45, 0, -30],
							"uv": {
								"east": {"uv": [7, 3], "uv_size": [0.5, 0.5]},
								"west": {"uv": [4, 7], "uv_size": [0.5, 0.5]},
								"down": {"uv": [7, 4.5], "uv_size": [0.5, -0.5]}
							}
						},
						{
							"origin": [-0.60812, -0.99845, -1.3],
							"size": [0.15, 0.39007, 0.8],
							"pivot": [0, -0.38549, -0.81875],
							"rotation": [0, 0, -25.75],
							"uv": {
								"north": {"uv": [5, 7], "uv_size": [0.5, 0.5]},
								"east": {"uv": [3, 1], "uv_size": [1, 0.5]}
							}
						},
						{
							"origin": [-0.45, -0.44714, -1.64164],
							"size": [0.9, 0.54886, 0.19934],
							"pivot": [0, -0.38549, -0.81875],
							"rotation": [30, 0, 0],
							"uv": {
								"north": {"uv": [2, 3], "uv_size": [1, 0.5]},
								"east": {"uv": [7, 5], "uv_size": [0.5, 0.5]},
								"south": {"uv": [3, 2], "uv_size": [1, 0.5]},
								"west": {"uv": [6, 7], "uv_size": [0.5, 0.5]},
								"up": {"uv": [3, 3], "uv_size": [1, 0.5]}
							}
						},
						{
							"origin": [-0.32171, -0.63809, -0.38123],
							"size": [0.1, 0.175, 0.21213],
							"pivot": [0, -0.38549, -0.81875],
							"rotation": [32.45955, -33.06711, -49.37737],
							"uv": {
								"east": {"uv": [7, 6], "uv_size": [0.5, 0.5]}
							}
						},
						{
							"origin": [-0.65187, -0.85169, -0.5],
							"size": [0.16339, 0.53713, 0.5],
							"pivot": [0, -0.38549, -0.81875],
							"rotation": [0, 0, -30],
							"uv": {
								"north": {"uv": [7, 7], "uv_size": [0.5, 0.5]},
								"east": {"uv": [0, 8], "uv_size": [0.5, 0.5]},
								"south": {"uv": [8, 0], "uv_size": [0.5, 0.5]},
								"west": {"uv": [1, 8], "uv_size": [0.5, 0.5]}
							}
						},
						{
							"origin": [-0.6, 0.00642, -0.12348],
							"size": [0.3, 0.14142, 0.07071],
							"pivot": [0, -0.38549, -0.81875],
							"rotation": [-45, 0, 0],
							"uv": {
								"east": {"uv": [8, 1], "uv_size": [0.5, 0.5]},
								"south": {"uv": [2, 8], "uv_size": [0.5, 0.5]},
								"west": {"uv": [8, 2], "uv_size": [0.5, 0.5]}
							}
						},
						{
							"origin": [-0.6, -0.55, 0],
							"size": [0.3, 0.25, 0.1],
							"uv": {
								"east": {"uv": [3, 8], "uv_size": [0.5, 0.5]},
								"south": {"uv": [8, 3], "uv_size": [0.5, 0.5]},
								"west": {"uv": [4, 8], "uv_size": [0.5, 0.5]}
							}
						},
						{
							"origin": [-0.19887, -0.65, -0.38123],
							"size": [0.1, 0.35, 0.21213],
							"pivot": [0, -0.38549, -0.81875],
							"rotation": [0, -45, 0],
							"uv": {
								"east": {"uv": [8, 4], "uv_size": [0.5, 0.5]}
							}
						},
						{
							"origin": [-0.1841, -0.49936, -0.38123],
							"size": [0.1, 0.125, 0.21213],
							"pivot": [0, -0.38549, -0.81875],
							"rotation": [-39.32269, -23.92746, 63.659],
							"uv": {
								"east": {"uv": [5, 8], "uv_size": [0.5, 0.5]}
							}
						},
						{
							"origin": [-0.48471, -0.7493, -0.5],
							"size": [0.1, 0.21213, 0.375],
							"pivot": [0, -0.38549, -0.81875],
							"rotation": [0, 0, 45],
							"uv": {
								"north": {"uv": [8, 5], "uv_size": [0.5, 0.5]},
								"east": {"uv": [6, 8], "uv_size": [0.5, 0.5]}
							}
						},
						{
							"origin": [-0.6, -0.3, -0.125],
							"size": [0.3, 0.55, 0.225],
							"uv": {
								"east": {"uv": [8, 6], "uv_size": [0.5, 0.5]},
								"south": {"uv": [7, 8], "uv_size": [0.5, 0.5]},
								"west": {"uv": [8, 7], "uv_size": [0.5, 0.5]}
							}
						},
						{
							"origin": [0.06629, -0.3, -0.11606],
							"size": [0.1, 0.55, 0.21213],
							"pivot": [0, -0.38549, -0.81875],
							"rotation": [0, -45, 0],
							"uv": {
								"east": {"uv": [8, 8], "uv_size": [0.5, 0.5]},
								"up": {"uv": [0, 9], "uv_size": [0.5, 0.5]}
							}
						},
						{
							"origin": [-0.87362, -0.36039, -0.125],
							"size": [0.14142, 0.28284, 0.225],
							"pivot": [0, -0.38549, -0.81875],
							"rotation": [0, 0, 45],
							"uv": {
								"north": {"uv": [9, 0], "uv_size": [0.5, 0.5]},
								"east": {"uv": [1, 9], "uv_size": [0.5, 0.5]},
								"south": {"uv": [9, 1], "uv_size": [0.5, 0.5]}
							}
						},
						{
							"origin": [-0.4, 0.413, -0.91897],
							"size": [0.1, 0.28284, 0.225],
							"pivot": [0, -0.38549, -0.81875],
							"rotation": [-45, 0, 0],
							"uv": {
								"north": {"uv": [2, 9], "uv_size": [0.5, 0.5]},
								"east": {"uv": [9, 2], "uv_size": [0.5, 0.5]},
								"west": {"uv": [3, 9], "uv_size": [0.5, 0.5]}
							}
						},
						{
							"origin": [-0.45, -0.15, -0.875],
							"size": [0.15, 0.4, 0.75],
							"uv": {
								"east": {"uv": [0, 4], "uv_size": [1, 0.5]},
								"west": {"uv": [4, 0], "uv_size": [1, 0.5]},
								"up": {"uv": [1, 4], "uv_size": [0.5, 1]}
							}
						},
						{
							"origin": [-0.45, -0.3, -1.05],
							"size": [0.15, 0.65, 0.175],
							"uv": {
								"north": {"uv": [9, 3], "uv_size": [0.5, 0.5]},
								"east": {"uv": [4, 9], "uv_size": [0.5, 0.5]},
								"south": {"uv": [9, 4], "uv_size": [0.5, 0.5]},
								"west": {"uv": [5, 9], "uv_size": [0.5, 0.5]}
							}
						},
						{
							"origin": [-0.83826, -0.18362, -1.05],
							"size": [0.2, 0.14142, 0.175],
							"pivot": [0, -0.38549, -0.81875],
							"rotation": [0, 0, 45],
							"uv": {
								"north": {"uv": [9, 5], "uv_size": [0.5, 0.5]},
								"east": {"uv": [6, 9], "uv_size": [0.5, 0.5]},
								"south": {"uv": [9, 6], "uv_size": [0.5, 0.5]},
								"west": {"uv": [7, 9], "uv_size": [0.5, 0.5]}
							}
						},
						{
							"origin": [0.63826, -0.18362, -1.775],
							"size": [0.2, 0.14142, 0.175],
							"pivot": [0, -0.38549, -0.81875],
							"rotation": [0, 0, -45],
							"uv": {
								"north": {"uv": [9, 7], "uv_size": [0.5, 0.5]},
								"east": {"uv": [8, 9], "uv_size": [0.5, 0.5]},
								"south": {"uv": [9, 8], "uv_size": [0.5, 0.5]},
								"west": {"uv": [9, 9], "uv_size": [0.5, 0.5]}
							}
						},
						{
							"origin": [0.63826, -0.18362, -1.4],
							"size": [0.2, 0.14142, 0.175],
							"pivot": [0, -0.38549, -0.81875],
							"rotation": [0, 0, -45],
							"uv": {
								"north": {"uv": [0, 10], "uv_size": [0.5, 0.5]},
								"east": {"uv": [10, 0], "uv_size": [0.5, 0.5]},
								"south": {"uv": [1, 10], "uv_size": [0.5, 0.5]},
								"west": {"uv": [10, 1], "uv_size": [0.5, 0.5]}
							}
						},
						{
							"origin": [0.63826, -0.18362, -1.05],
							"size": [0.2, 0.14142, 0.175],
							"pivot": [0, -0.38549, -0.81875],
							"rotation": [0, 0, -45],
							"uv": {
								"north": {"uv": [2, 10], "uv_size": [0.5, 0.5]},
								"east": {"uv": [10, 2], "uv_size": [0.5, 0.5]},
								"south": {"uv": [3, 10], "uv_size": [0.5, 0.5]},
								"west": {"uv": [10, 3], "uv_size": [0.5, 0.5]}
							}
						},
						{
							"origin": [-0.83826, -0.18362, -1.4],
							"size": [0.2, 0.14142, 0.175],
							"pivot": [0, -0.38549, -0.81875],
							"rotation": [0, 0, 45],
							"uv": {
								"north": {"uv": [4, 10], "uv_size": [0.5, 0.5]},
								"east": {"uv": [10, 4], "uv_size": [0.5, 0.5]},
								"south": {"uv": [5, 10], "uv_size": [0.5, 0.5]},
								"west": {"uv": [10, 5], "uv_size": [0.5, 0.5]}
							}
						},
						{
							"origin": [-0.83826, -0.18362, -1.775],
							"size": [0.2, 0.14142, 0.175],
							"pivot": [0, -0.38549, -0.81875],
							"rotation": [0, 0, 45],
							"uv": {
								"north": {"uv": [6, 10], "uv_size": [0.5, 0.5]},
								"east": {"uv": [10, 6], "uv_size": [0.5, 0.5]},
								"south": {"uv": [7, 10], "uv_size": [0.5, 0.5]},
								"west": {"uv": [10, 7], "uv_size": [0.5, 0.5]}
							}
						},
						{
							"origin": [-0.45, -0.3, -1.4],
							"size": [0.15, 0.65, 0.175],
							"uv": {
								"north": {"uv": [8, 10], "uv_size": [0.5, 0.5]},
								"east": {"uv": [10, 8], "uv_size": [0.5, 0.5]},
								"south": {"uv": [9, 10], "uv_size": [0.5, 0.5]},
								"west": {"uv": [10, 9], "uv_size": [0.5, 0.5]}
							}
						},
						{
							"origin": [-0.45, -0.375, -1.775],
							"size": [0.15, 0.725, 0.175],
							"uv": {
								"north": {"uv": [10, 10], "uv_size": [0.5, 0.5]},
								"east": {"uv": [0, 11], "uv_size": [0.5, 0.5]},
								"south": {"uv": [11, 0], "uv_size": [0.5, 0.5]},
								"west": {"uv": [1, 11], "uv_size": [0.5, 0.5]}
							}
						},
						{
							"origin": [0.3, -0.375, -1.775],
							"size": [0.15, 0.725, 0.175],
							"uv": {
								"north": {"uv": [11, 1], "uv_size": [0.5, 0.5]},
								"east": {"uv": [2, 11], "uv_size": [0.5, 0.5]},
								"south": {"uv": [11, 2], "uv_size": [0.5, 0.5]},
								"west": {"uv": [3, 11], "uv_size": [0.5, 0.5]}
							}
						},
						{
							"origin": [0.3, -0.3, -1.4],
							"size": [0.15, 0.65, 0.175],
							"uv": {
								"north": {"uv": [11, 3], "uv_size": [0.5, 0.5]},
								"east": {"uv": [4, 11], "uv_size": [0.5, 0.5]},
								"south": {"uv": [11, 4], "uv_size": [0.5, 0.5]},
								"west": {"uv": [5, 11], "uv_size": [0.5, 0.5]}
							}
						},
						{
							"origin": [0.3, -0.3, -1.05],
							"size": [0.15, 0.65, 0.175],
							"uv": {
								"north": {"uv": [11, 5], "uv_size": [0.5, 0.5]},
								"east": {"uv": [6, 11], "uv_size": [0.5, 0.5]},
								"south": {"uv": [11, 6], "uv_size": [0.5, 0.5]},
								"west": {"uv": [7, 11], "uv_size": [0.5, 0.5]}
							}
						},
						{
							"origin": [0.3, -0.15, -0.875],
							"size": [0.15, 0.4, 0.75],
							"uv": {
								"east": {"uv": [4, 1], "uv_size": [1, 0.5]},
								"west": {"uv": [2, 4], "uv_size": [1, 0.5]},
								"up": {"uv": [4, 2], "uv_size": [0.5, 1]}
							}
						},
						{
							"origin": [0.3, 0.413, -0.91897],
							"size": [0.1, 0.28284, 0.225],
							"pivot": [0, -0.38549, -0.81875],
							"rotation": [-45, 0, 0],
							"uv": {
								"north": {"uv": [11, 7], "uv_size": [0.5, 0.5]},
								"east": {"uv": [8, 11], "uv_size": [0.5, 0.5]},
								"west": {"uv": [11, 8], "uv_size": [0.5, 0.5]}
							}
						},
						{
							"origin": [0.7322, -0.36039, -0.125],
							"size": [0.14142, 0.28284, 0.225],
							"pivot": [0, -0.38549, -0.81875],
							"rotation": [0, 0, -45],
							"uv": {
								"north": {"uv": [9, 11], "uv_size": [0.5, 0.5]},
								"south": {"uv": [11, 9], "uv_size": [0.5, 0.5]},
								"west": {"uv": [10, 11], "uv_size": [0.5, 0.5]}
							}
						},
						{
							"origin": [-0.16629, -0.3, -0.11606],
							"size": [0.1, 0.55, 0.21213],
							"pivot": [0, -0.38549, -0.81875],
							"rotation": [0, 45, 0],
							"uv": {
								"west": {"uv": [11, 10], "uv_size": [0.5, 0.5]},
								"up": {"uv": [11, 11], "uv_size": [0.5, 0.5]}
							}
						},
						{
							"origin": [0.3, -0.3, -0.125],
							"size": [0.3, 0.55, 0.225],
							"uv": {
								"east": {"uv": [0, 12], "uv_size": [0.5, 0.5]},
								"south": {"uv": [12, 0], "uv_size": [0.5, 0.5]},
								"west": {"uv": [1, 12], "uv_size": [0.5, 0.5]}
							}
						},
						{
							"origin": [0.38471, -0.7493, -0.5],
							"size": [0.1, 0.21213, 0.375],
							"pivot": [0, -0.38549, -0.81875],
							"rotation": [0, 0, -45],
							"uv": {
								"north": {"uv": [12, 1], "uv_size": [0.5, 0.5]},
								"west": {"uv": [2, 12], "uv_size": [0.5, 0.5]}
							}
						},
						{
							"origin": [0.0841, -0.49936, -0.38123],
							"size": [0.1, 0.125, 0.21213],
							"pivot": [0, -0.38549, -0.81875],
							"rotation": [-39.32269, 23.92746, -63.659],
							"uv": {
								"west": {"uv": [12, 2], "uv_size": [0.5, 0.5]}
							}
						},
						{
							"origin": [0.09887, -0.65, -0.38123],
							"size": [0.1, 0.35, 0.21213],
							"pivot": [0, -0.38549, -0.81875],
							"rotation": [0, 45, 0],
							"uv": {
								"west": {"uv": [3, 12], "uv_size": [0.5, 0.5]}
							}
						},
						{
							"origin": [-0.6, -0.65, -0.5],
							"size": [1.2, 0.35, 0.5],
							"uv": {
								"north": {"uv": [3, 4], "uv_size": [1, 0.5]},
								"east": {"uv": [12, 3], "uv_size": [0.5, 0.5]},
								"south": {"uv": [4, 3], "uv_size": [1, 0.5]},
								"west": {"uv": [4, 12], "uv_size": [0.5, 0.5]},
								"up": {"uv": [4, 4], "uv_size": [1, 0.5]}
							}
						},
						{
							"origin": [-0.45, -0.6, -0.65],
							"size": [0.9, 0.25, 0.15],
							"uv": {
								"north": {"uv": [0, 5], "uv_size": [1, 0.5]},
								"up": {"uv": [5, 0], "uv_size": [1, 0.5]}
							}
						},
						{
							"origin": [-0.425, -0.925, -0.1],
							"size": [0.85, 0.275, 0.1],
							"uv": {
								"south": {"uv": [1, 5], "uv_size": [1, 0.5]},
								"down": {"uv": [5, 1.5], "uv_size": [1, -0.5]}
							}
						},
						{
							"origin": [0.3, -0.55, 0],
							"size": [0.3, 0.25, 0.1],
							"uv": {
								"east": {"uv": [12, 4], "uv_size": [0.5, 0.5]},
								"south": {"uv": [5, 12], "uv_size": [0.5, 0.5]},
								"west": {"uv": [12, 5], "uv_size": [0.5, 0.5]}
							}
						},
						{
							"origin": [0.3, 0.00642, -0.12348],
							"size": [0.3, 0.14142, 0.07071],
							"pivot": [0, -0.38549, -0.81875],
							"rotation": [-45, 0, 0],
							"uv": {
								"east": {"uv": [6, 12], "uv_size": [0.5, 0.5]},
								"south": {"uv": [12, 6], "uv_size": [0.5, 0.5]},
								"west": {"uv": [7, 12], "uv_size": [0.5, 0.5]}
							}
						},
						{
							"origin": [0.48848, -0.85169, -0.5],
							"size": [0.16339, 0.53713, 0.5],
							"pivot": [0, -0.38549, -0.81875],
							"rotation": [0, 0, 30],
							"uv": {
								"north": {"uv": [12, 7], "uv_size": [0.5, 0.5]},
								"east": {"uv": [8, 12], "uv_size": [0.5, 0.5]},
								"south": {"uv": [12, 8], "uv_size": [0.5, 0.5]},
								"west": {"uv": [9, 12], "uv_size": [0.5, 0.5]}
							}
						},
						{
							"origin": [0.22171, -0.63809, -0.38123],
							"size": [0.1, 0.175, 0.21213],
							"pivot": [0, -0.38549, -0.81875],
							"rotation": [32.45955, 33.06711, 49.37737],
							"uv": {
								"west": {"uv": [12, 9], "uv_size": [0.5, 0.5]}
							}
						},
						{
							"origin": [-0.45, -0.85, -0.875],
							"size": [0.9, 0.25, 0.375],
							"uv": {
								"east": {"uv": [10, 12], "uv_size": [0.5, 0.5]},
								"west": {"uv": [12, 10], "uv_size": [0.5, 0.5]},
								"up": {"uv": [2, 5], "uv_size": [1, 0.5]}
							}
						},
						{
							"origin": [-0.45, -0.85, -1.5],
							"size": [0.9, 0.55, 0.625],
							"uv": {
								"east": {"uv": [11, 12], "uv_size": [0.5, 0.5]},
								"south": {"uv": [5, 2], "uv_size": [1, 0.5]},
								"west": {"uv": [12, 11], "uv_size": [0.5, 0.5]},
								"up": {"uv": [3, 5], "uv_size": [1, 0.5]},
								"down": {"uv": [5, 3.5], "uv_size": [1, -0.5]}
							}
						},
						{
							"origin": [-0.45, -0.45, -1.6],
							"size": [0.9, 0.15, 0.1],
							"uv": {
								"east": {"uv": [12, 12], "uv_size": [0.5, 0.5]},
								"west": {"uv": [0, 13], "uv_size": [0.5, 0.5]},
								"up": {"uv": [4, 5], "uv_size": [1, 0.5]}
							}
						},
						{
							"origin": [0.45812, -0.99845, -1.3],
							"size": [0.15, 0.39007, 0.8],
							"pivot": [0, -0.38549, -0.81875],
							"rotation": [0, 0, 25.75],
							"uv": {
								"north": {"uv": [13, 0], "uv_size": [0.5, 0.5]},
								"west": {"uv": [5, 4], "uv_size": [1, 0.5]}
							}
						},
						{
							"origin": [0.48848, -1.29409, -0.71089],
							"size": [0.16339, 0.07071, 0.14142],
							"pivot": [0, -0.38549, -0.81875],
							"rotation": [45, 0, 30],
							"uv": {
								"east": {"uv": [1, 13], "uv_size": [0.5, 0.5]},
								"west": {"uv": [13, 1], "uv_size": [0.5, 0.5]},
								"down": {"uv": [2, 13.5], "uv_size": [0.5, -0.5]}
							}
						},
						{
							"origin": [0.55187, -0.95169, -0.5],
							"size": [0.1, 0.1, 0.4],
							"pivot": [0, -0.38549, -0.81875],
							"rotation": [0, 0, 30],
							"uv": {
								"north": {"uv": [13, 2], "uv_size": [0.5, 0.5]},
								"west": {"uv": [3, 13], "uv_size": [0.5, 0.5]}
							}
						},
						{
							"origin": [0.3, -0.35, -0.875],
							"size": [0.15, 0.2, 0.75],
							"uv": {
								"east": {"uv": [5, 5], "uv_size": [1, 0.5]},
								"west": {"uv": [0, 6], "uv_size": [1, 0.5]},
								"down": {"uv": [6, 1], "uv_size": [0.5, -1]}
							}
						},
						{
							"origin": [-0.0645, -0.912, -1.658],
							"size": [0.129, 0.312, 0.25],
							"uv": {
								"north": {"uv": [13, 3], "uv_size": [0.5, 0.5]},
								"up": {"uv": [4, 13], "uv_size": [0.5, 0.5]},
								"down": {"uv": [13, 4.5], "uv_size": [0.5, -0.5]}
							}
						},
						{
							"origin": [0.10602, -0.712, -1.658],
							"size": [0.312, 0.129, 0.25],
							"pivot": [0, -0.38549, -0.81875],
							"rotation": [0, 0, 45],
							"uv": {
								"north": {"uv": [5, 13], "uv_size": [0.5, 0.5]},
								"east": {"uv": [13, 5], "uv_size": [0.5, 0.5]},
								"west": {"uv": [6, 13], "uv_size": [0.5, 0.5]}
							}
						},
						{
							"origin": [-0.156, -0.82, -1.658],
							"size": [0.312, 0.129, 0.25],
							"uv": {
								"north": {"uv": [13, 6], "uv_size": [0.5, 0.5]},
								"east": {"uv": [7, 13], "uv_size": [0.5, 0.5]},
								"west": {"uv": [13, 7], "uv_size": [0.5, 0.5]}
							}
						},
						{
							"origin": [0.19702, -0.803, -1.658],
							"size": [0.129, 0.312, 0.25],
							"pivot": [0, -0.38549, -0.81875],
							"rotation": [0, 0, 45],
							"uv": {
								"north": {"uv": [8, 13], "uv_size": [0.5, 0.5]},
								"up": {"uv": [13, 8], "uv_size": [0.5, 0.5]},
								"down": {"uv": [9, 13.5], "uv_size": [0.5, -0.5]}
							}
						}
					]
				}
			]
		}
	]
}