{
  "materials": [
    {
      "item": {
        "tag": "forge:ingots/copper"
      },
      "count": 8
    },
    {
      "item": {
        "tag": "forge:ingots/iron"
      },
      "count": 4
    },
    {
      "item": {
        "item": "minecraft:blaze_powder"
      },
      "count": 8
    },
    {
      "item": {
        "item": "minecraft:gunpowder"
      },
      "count": 6
    }
  ],
  "result": {
    "type": "attachment",
    "id": "immersive_armorer:muzzle_refit_pressure_wave"
  }
}