{
    "model": "bf1:gun/gew98_geo",
    "texture": "bf1:gun/uv/gew98",
    "slot": "bf1:gun/slot/gew98",
    "hud": "bf1:gun/hud/gew98",
    "animation": "bf1:gew98",
    "use_default_animation": "rifle",

    "sounds": {
        "shoot": "bf1:gew98/gew98_shoot",
        "shoot_3p": "bf1:gew98/gew98_shoot_3p",
        "silence": "bf1:gew98/gew98_silence",
        "silence_3p": "bf1:gew98/gew98_silence_3p",
        "draw": "bf1:gew98/gew98_draw",
        "put_away": "bf1:gew98/gew98_put_away",
        "reload_empty": "bf1:gew98/gew98_reload_empty",
        "reload_tactical": "bf1:gew98/gew98_reload_tactical",
        "bolt": "bf1:gew98/gew98_bolt",
        "inspect_empty": "bf1:gew98/gew98_inspect_empty",
        "inspect": "bf1:gew98/gew98_inspect"
       
    
    },
       
    "muzzle_flash": {
       
        "texture": "tacz:flash/common_muzzle_flash",
        
        "scale": 1.5
      },

    "iron_zoom": 1.2,

        "text_show": {
           
            "ammo_count_text_pos": {
             
              "scale": 0.35,
            
              "align": "right",
              
              "shadow": false,
            
              "color": "#53f9af",
            
              "light": 15,
             
              "text": "%gew98%"
            }
            
          },

    "transform": {
        "scale": {
           
            "thirdperson": [
                0.5,
                0.5,
                0.5
            ],
           
            "ground": [
                0.5,
                0.5,
                0.5
            ],
           
            "fixed": [
                1.0,
                1.0,
                1.0
            ]
        }
    },
    "third_person_animation": "default"
}