{
  "materials": [
    {
      "item": {
        "tag": "forge:ingots/iron"
      },
      "count": 35
    },
    {
      "item": {
        "tag": "forge:ingots/gold"
      },
      "count": 10
    },
    {
      "item": {
        "tag": "forge:gems/lapis"
      },
      "count": 5
    }
  ],
  "result": {
    // 类型，枪械的类型固定为 gun
    "type": "gun",
    // 输出的枪械的 id
    "id": "cake:hk45",
    // 以下内容为选填参数，仅对枪械起效
    // 配件，可以使合成出的枪械自带配件，填入配件 id
    "attachments": {
       // 配件类型：配件 id
       "muzzle": "cake:muzzle_hk45"
    }
  }
}