{
  "materials": [
    {
      "item": {
        "tag": "forge:ingots/iron"
      },
      "count": 140
    },
    {
      "item": {
        "tag": "forge:ingots/gold"
      },
      "count": 15
    },
    {
      "item": {
        "tag": "forge:gems/quartz"
      },
      "count": 12
    },
    {
      "item": {
        "tag": "forge:gems/diamond"
      },
      "count": 5
    },
    {
      "item": {
        "tag": "forge:ingots/netherite"
      },
      "count": 2
    },
    {
      "item": {
        "tag": "forge:rods/blaze"
      },
      "count": 5
    }
  ],
  "result": {
    "type": "gun",
    "id": "cake:mg42"
  }
}