{
  "materials": [
    {
      "item": {
        "tag": "forge:gems/diamond"
      },
      "count": 20
    },
    {
      "item": {
        "tag": "forge:ingots/gold"
      },
      "count": 60
    },
    {
      "item": {
        "tag": "forge:ingots/netherite"
      },
      "count": 5
    },
    {
      "item": {
        "tag": "forge:ingots/iron"
      },
      "count": 320
    },
    {
      "item": {
        "tag": "forge:rods/blaze"
      },
      "count": 10
    }
  ],
  // 输出结果
  "result": {
    // 类型，枪械的类型固定为 gun
    "type": "gun",
    // 输出的枪械的 id
    "id": "cake:ntw20",
    // 以下内容为选填参数，仅对枪械起效
    // 配件，可以使合成出的枪械自带配件，填入配件 id
    "attachments": {
       // 配件类型：配件 id
       "scope": "cake:scope_ntw20"
    }
  }
}