{
  "materials": [
    {
      "item": {
        "tag": "forge:ingots/iron"
      },
      "count": 50
    },
    {
      "item": {
        "tag": "forge:gems/lapis"
      },
      "count": 20
    },
    {
      "item": {
        "tag": "minecraft:logs"
      },
      "count": 10
    }
  ],
  "result": {
    // 类型，枪械的类型固定为 gun
    "type": "gun",
    // 输出的枪械的 id
    "id": "cake:sig556",
    // 以下内容为选填参数，仅对枪械起效
    // 配件，可以使合成出的枪械自带配件，填入配件 id
    "attachments": {
       // 配件类型：配件 id
       "grip": "cake:grip_sig556",
       "muzzle": "cake:muzzle_sig556",
       "scope": "cake:scope_sig556"
    }
  }
}