{
	"format_version": "1.8.0",
	"animations": {
		"static_idle": {
			"animation_length": 0.1,
			"bones": {
				"lefthand": {
					"rotation": [100.21875, -11.815, -177.88617],
					"position": [16.4, -14.2, 3.2],
					"scale": [1, 1.5, 1]
				},
				"righthand": {
					"rotation": [100.21875, 11.81504, -177.88617],
					"position": [-5.6, -14.2, 3.2],
					"scale": [1, 1.5, 1]
				},
				"constraint": {
					"rotation": [0.05, 0.2, 0.1],
					"position": [0.15, 0.2, 0.35]
				},
				"bullet": {
					"rotation": [0, -2.5, 15],
					"position": [2, 0, 0]
				},
				"magazine": {
					"rotation": [0, -2.5, 15],
					"position": [0, 0, 1]
				},
				"gun_and_righthand": {
					"rotation": [0, 0, 0],
					"position": [-4, 0, 0]
				},
				"uzi": {
					"rotation": [0, -2.5, 15],
					"position": [1, 0, 1]
				},
				"magazine2": {
					"rotation": [0, 2.5, -15],
					"position": [13, 0, 1]
				},
				"uzi2": {
					"rotation": [0, 2.5, -15],
					"position": [12, 0, 1]
				},
				"bullet2": {
					"rotation": [0, 2.5, -15],
					"position": [9, 0, 0]
				},
				"root": {
					"rotation": [0, 0, 0],
					"position": [0, 0, 0]
				},
				"mag_and_lefthand": {
					"rotation": [0, 0, 0],
					"position": [0, 0, 0]
				}
			}
		},
		"static_bolt_caught": {
			"animation_length": 0.1,
			"bones": {
				"lefthand": {
					"rotation": [100.21875, -11.815, -177.88617],
					"position": [16.4, -14.2, 3.2],
					"scale": [1, 1.5, 1]
				},
				"bullet": {
					"rotation": [0, -2.5, 15],
					"position": [2, 0, 0],
					"scale": 0
				},
				"righthand": {
					"rotation": [100.21875, 11.81504, -177.88617],
					"position": [-5.6, -14.2, 3.2],
					"scale": [1, 1.5, 1]
				},
				"bolt": {
					"position": [0, 0, -3]
				},
				"magazine": {
					"rotation": [0, -2.5, 15],
					"position": [0, 0, 1]
				},
				"gun_and_righthand": {
					"position": [-4, 0, 0]
				},
				"uzi": {
					"rotation": [0, -2.5, 15],
					"position": [1, 0, 1]
				},
				"magazine2": {
					"rotation": [0, 2.5, -15],
					"position": [13, 0, 1]
				},
				"uzi2": {
					"rotation": [0, 2.5, -15],
					"position": [12, 0, 1]
				},
				"bullet2": {
					"rotation": [0, 2.5, -15],
					"position": [9, 0, 0]
				},
				"root": {
					"rotation": [0, 0, 0],
					"position": [0, 0, 0]
				}
			}
		},
		"draw": {
			"animation_length": 0.6,
			"bones": {
				"root": {
					"rotation": {
						"0.0": [-45, 0, 0],
						"0.2667": [0, 0, 0],
						"0.3": [0.16, -0.37, 0.67],
						"0.3333": [0.11, -0.62, -0.98],
						"0.3667": [0.05, -0.14, -0.96],
						"0.4": [-0.01, 0.27, 0.27],
						"0.4333": [-0.02, 0.27, 0.3],
						"0.4667": [-0.01, 0.19, 0.21],
						"0.5": [0, 0.07, 0.08],
						"0.6": [0, 0, 0]
					},
					"position": {
						"0.0": [0, 12, 18],
						"0.2667": [0, 0, 0],
						"0.3": [-0.02, -0.14, -0.04],
						"0.3333": [-0.03, -0.19, 0.17],
						"0.3667": [-0.02, -0.13, 0.02],
						"0.4": [-0.01, -0.05, -0.18],
						"0.4333": [-0.01, -0.02, -0.16],
						"0.4667": [0, -0.01, -0.07],
						"0.5": [0, 0, 0],
						"0.6": [0, 0, 0]
					}
				},
				"lefthand": {
					"rotation": [100.21875, -11.815, -177.88617],
					"position": [16.4, -14.2, 3.2],
					"scale": [1, 1.5, 1]
				},
				"righthand": {
					"rotation": [100.21875, 11.81504, -177.88617],
					"position": [-5.6, -14.2, 3.2],
					"scale": [1, 1.5, 1]
				},
				"camera": {
					"rotation": {
						"0.0": [0, 0, 0],
						"0.0333": [0.01, 0.01, 0.02],
						"0.0667": [0.03, 0.03, 0.06],
						"0.1": [0.11, 0.06, 0.13],
						"0.1333": [0.43, 0.14, 0.35],
						"0.1667": [0.76, 0.22, 0.53],
						"0.2": [0.91, 0.23, 0.52],
						"0.2333": [1.01, 0.22, 0.45],
						"0.2667": [1.02, 0.19, 0.35],
						"0.3": [0.79, 0.09, 0.05],
						"0.3333": [0.48, 0, -0.17],
						"0.3667": [0.31, -0.02, -0.02],
						"0.4": [0.17, -0.01, 0.19],
						"0.4333": [-0.17, -0.01, 0.09],
						"0.4667": [-0.11, 0, 0.01],
						"0.5": [0, 0, -0.05],
						"0.5333": [0.01, 0, -0.05],
						"0.5667": [0.01, 0, -0.02],
						"0.6": [0, 0, 0]
					}
				},
				"bullet": {
					"rotation": [0, -2.5, 15],
					"position": [2, 0, 0]
				},
				"magazine": {
					"rotation": {
						"0.0": [0, -2.5, 15],
						"0.2667": [0, -2.5, 15]
					},
					"position": {
						"0.0": [0, 0, 0],
						"0.2667": [0, 0, 1]
					}
				},
				"gun_and_righthand": {
					"position": [-4, 0, 0]
				},
				"uzi": {
					"rotation": [0, -2.5, 15],
					"position": [1, 0, 1]
				},
				"magazine2": {
					"rotation": {
						"0.0": [0, 2.5, -15],
						"0.2667": [0, 2.5, -15]
					},
					"position": {
						"0.0": [13, 0, 0],
						"0.2667": [13, 0, 1]
					}
				},
				"uzi2": {
					"rotation": [0, 2.5, -15],
					"position": [12, 0, 1]
				},
				"bullet2": {
					"rotation": [0, 2.5, -15],
					"position": [9, 0, 0]
				}
			},
			"sound_effects": {
				"0.0": {
					"effect": "wfoly_plr_sm_uzulu_raise_up"
				}
			}
		},
		"put_away": {
			"animation_length": 0.4333,
			"bones": {
				"root": {
					"rotation": {
						"0.0": [0, 0, 0],
						"0.0333": [0.16, -0.37, 0.67],
						"0.0667": [0.11, -0.62, -0.98],
						"0.1": [0.05, -0.14, -0.96],
						"0.1333": [-0.01, 0.27, 0.27],
						"0.1667": [-0.02, 0.27, 0.3],
						"0.2": [-0.01, 0.19, 0.21],
						"0.2333": [0, 0.07, 0.08]
					},
					"position": {
						"0.0": [0, 0, 0],
						"0.0333": [-0.02, -0.14, -0.04],
						"0.0667": [-0.03, -0.19, 0.17],
						"0.1": [-0.02, -0.13, 0.02],
						"0.1333": [-0.01, -0.05, -0.18],
						"0.1667": [-0.01, -0.02, -0.16],
						"0.2": [0, -0.01, -0.07],
						"0.2333": [0, 0, 0]
					}
				},
				"lefthand": {
					"rotation": [100.21875, -11.815, -177.88617],
					"position": [16.4, -14.2, 3.2],
					"scale": [1, 1.5, 1]
				},
				"righthand": {
					"rotation": [100.21875, 11.81504, -177.88617],
					"position": [-5.6, -14.2, 3.2],
					"scale": [1, 1.5, 1]
				},
				"camera": {
					"rotation": {
						"0.0": [0, 0, 0],
						"0.0333": [0.05, 0, -0.02],
						"0.0667": [0.12, 0, -0.04],
						"0.1": [0.18, 0, -0.07],
						"0.1333": [0.18, 0, -0.1],
						"0.1667": [0.07, 0, -0.14],
						"0.2": [-0.1, 0, -0.2],
						"0.2333": [-0.26, 0, -0.24],
						"0.2667": [-0.35, 0, -0.25],
						"0.3": [-0.32, 0, -0.21],
						"0.3333": [-0.21, 0, -0.13],
						"0.3667": [-0.08, 0, -0.05],
						"0.4": [0, 0, 0]
					}
				},
				"mag_and_lefthand": {
					"rotation": {
						"0.0": [0, 0, 0],
						"0.3": [0, 0, -20]
					},
					"position": {
						"0.0": [0, 0, 0],
						"0.3": [-3, -24, -7]
					}
				},
				"magazine2": {
					"rotation": [0, 2.5, -15],
					"position": [13, 0, 1]
				},
				"uzi2": {
					"rotation": [0, 2.5, -15],
					"position": [12, 0, 1]
				},
				"bullet2": {
					"rotation": [0, 2.5, -15],
					"position": [9, 0, 0]
				},
				"gun_and_righthand": {
					"rotation": {
						"0.0": [0, 0, 0],
						"0.3": [0, 0, 2.5]
					},
					"position": {
						"0.0": [-4, 0, 0],
						"0.3": [-3, -21, -7]
					}
				},
				"uzi": {
					"rotation": [0, -2.5, 15],
					"position": [1, 0, 1]
				},
				"magazine": {
					"rotation": [0, -2.5, 15],
					"position": [0, 0, 1]
				},
				"bullet": {
					"rotation": [0, -2.5, 15],
					"position": [2, 0, 0]
				}
			},
			"sound_effects": {
				"0.0": {
					"effect": "wfoly_plr_sm_uzulu_drop_quick_down"
				}
			}
		},
		"reload_tactical": {
			"animation_length": 2.4,
			"bones": {
				"9mm2": {
					"position": {
						"0.0": [0, 1, 0],
						"1.9": [0, 1, 0]
					}
				},
				"root": {
					"rotation": {
						"0.0": [0, 0, 0],
						"0.6333": [0, 0, 0],
						"0.7": [5, 0, 0],
						"0.7667": [10, 0, 0],
						"0.8333": [15, 0, 0],
						"0.9": [20, 0, 0],
						"0.9667": [30, 0, 0],
						"1.0333": [35, 0, 0],
						"1.1": [40, 0, 0],
						"1.7667": [40, 0, 0],
						"2.1333": [0, 0, 0],
						"2.1667": [0.16, -0.37, 0.67],
						"2.2": [0.11, -0.62, -0.98],
						"2.2333": [0.05, -0.14, -0.96],
						"2.2667": [-0.01, 0.27, 0.27],
						"2.3": [-0.02, 0.27, 0.3],
						"2.3333": [-0.01, 0.19, 0.21],
						"2.3667": [0, 0.07, 0.08]
					},
					"position": {
						"0.0": [0, 0, 0],
						"0.6333": [0, 0, 0],
						"0.7": [0, -1, 0],
						"0.7667": [0, -2, 1],
						"0.8333": [0, -3, 2],
						"0.9": [0, -4, 3],
						"0.9667": [0, -6, 5],
						"1.0333": [0, -7, 6],
						"1.1": [0, -8, 7],
						"1.7667": [0, -8, 7],
						"2.1333": [0, 0, 0],
						"2.1667": [-0.02, -0.14, -0.04],
						"2.2": [-0.03, -0.19, 0.17],
						"2.2333": [-0.02, -0.13, 0.02],
						"2.2667": [-0.01, -0.05, -0.18],
						"2.3": [-0.01, -0.02, -0.16],
						"2.3333": [0, -0.01, -0.07],
						"2.3667": [0, 0, 0]
					}
				},
				"mag_and_lefthand": {
					"rotation": {
						"0.0": [0, 0, 0],
						"0.1": [0, 0, 10],
						"0.2667": [-25, 0, 10],
						"0.4333": [0, 0, 10],
						"0.4667": [7.5, 0, 10],
						"0.5": [10, 0, 10],
						"0.5333": [5, 0, 10],
						"0.5667": [5, 0, 10],
						"2.1333": [0, 0, 0]
					},
					"position": {
						"0.0": [0, 0, 0],
						"0.1": [-1, 2, 0],
						"0.2667": [-1, 5, -2],
						"0.4333": [-1, 2, 0],
						"0.4667": [-1, 2, 0],
						"0.5": [-1, 2, 0],
						"0.5333": [-1, 2, 0],
						"0.5667": [-1, 2, 0],
						"2.1333": [0, 0, 0]
					}
				},
				"lefthand": {
					"rotation": {
						"0.0": [100.21875, -11.815, -177.88617],
						"2.1333": [100.21875, -11.815, -177.88617]
					},
					"position": {
						"0.0": [16.4, -14.2, 3.2],
						"2.1333": [16.4, -14.2, 3.2]
					},
					"scale": {
						"0.0": [1, 1.5, 1],
						"2.1333": [1, 1.5, 1]
					}
				},
				"mag_and_bullet": {
					"rotation": {
						"0.0": [0, 0, 0],
						"0.5667": [-2.50238, 2.49762, -0.10912],
						"2.1333": [0, 0, 0]
					}
				},
				"bullet": {
					"rotation": {
						"0.0": [0, -2.5, 15],
						"2.1333": [0, -2.5, 15]
					},
					"position": {
						"0.0": [2, 0, 0],
						"2.1333": [2, 0, 0]
					},
					"scale": {
						"0.0": [0, 0, 0],
						"2.1333": [0, 0, 0]
					}
				},
				"righthand": {
					"rotation": {
						"0.0": [100.21875, 11.81504, -177.88617],
						"2.1333": [100.21875, 11.81504, -177.88617]
					},
					"position": {
						"0.0": [-5.6, -14.2, 3.2],
						"2.1333": [-5.6, -14.2, 3.2]
					},
					"scale": {
						"0.0": [1, 1.5, 1],
						"2.1333": [1, 1.5, 1]
					}
				},
				"constraint": {
					"rotation": {
						"1.7": [0.05, 0.05, 0.08],
						"1.8667": [0.05, 0.2, 0.1]
					},
					"position": {
						"1.7": [0.06, 0.06, 0.06],
						"1.8667": [0.15, 0.2, 0.35]
					}
				},
				"additional_magazine": {
					"rotation": {
						"0.6": [0, 0, 0],
						"0.6333": [0.19, 0.25, 0.02],
						"0.6667": [0.52, 0.67, 0.05],
						"0.7": [0.58, 0.75, 0.05],
						"0.7333": [0, 0, 0],
						"0.7667": [-0.99, -1.36, -0.15],
						"0.8": [-2.45, -3.41, -0.42],
						"0.8333": [-4.13, -5.75, -0.71],
						"0.8667": [-5.81, -8, -0.93],
						"0.9": [-7.26, -9.79, -0.98],
						"0.9333": [-8.25, -10.71, -0.76],
						"1.1": [-8.20196, -4.47988, 4.51548],
						"1.1667": [13.91882, -6.63254, 11.33053],
						"1.2333": [12.00046, -14.65229, 8.58624],
						"1.3": [12.24504, -15.44694, 9.9186],
						"1.6": [-95.60794, -26.88896, 2.54272]
					},
					"position": {
						"0.3667": [0, 0, 0],
						"0.4": [0, 0, 0],
						"0.4333": [0, 0, 0],
						"0.4667": [0, 0, 0],
						"0.5": [0, 0, 0],
						"0.5333": [0, 0, 0],
						"0.5667": [0, 0, 0],
						"0.6": [0, 0, 0],
						"0.6333": [0, -1.53, 0],
						"0.6667": [0, -3.05, 0],
						"0.7": [0, -4.58, 0],
						"0.7333": [0, -6.1, 0],
						"0.7667": [0.55, -6.5, 0],
						"0.8": [1.09, -6.9, 0],
						"0.8333": [1.64, -7.3, 0],
						"0.8667": [2.19, -7.17, 0.13],
						"0.9": [2.73, -7.05, 0.27],
						"0.9333": [3.28, -6.92, 0.4],
						"1.1": [2.575, -6.925, 0.325],
						"1.1667": [2.35, -0.5, 0],
						"1.3": [2.35, -0.5, 0],
						"1.4333": [5.26609, -6.16381, 1.35757],
						"1.5667": [6.54181, -11.93369, 7.00118]
					},
					"scale": {
						"0.0": [1, 1, 1],
						"1.5": {
							"pre": [1, 1, 1],
							"post": [0, 0, 0]
						}
					}
				},
				"camera": {
					"rotation": {
						"0.0": [0, 0, 0],
						"0.0333": [-0.01, 0, -0.02],
						"0.0667": [-0.01, 0.01, -0.06],
						"0.1": [0.19, 0.04, -0.2],
						"0.1333": [0.58, 0.07, -0.43],
						"0.1667": [1.13, 0.12, -0.75],
						"0.2": [1.68, 0.17, -1.06],
						"0.2333": [2.09, 0.21, -1.27],
						"0.2667": [2.31, 0.23, -1.35],
						"0.3": [2.43, 0.24, -1.35],
						"0.3333": [2.47, 0.25, -1.31],
						"0.3667": [2.46, 0.25, -1.28],
						"0.4": [2.4, 0.23, -1.27],
						"0.4333": [2.3, 0.21, -1.24],
						"0.4667": [2.17, 0.19, -1.21],
						"0.5": [2.03, 0.16, -1.18],
						"0.5333": [1.92, 0.14, -1.17],
						"0.5667": [1.84, 0.12, -1.17],
						"0.6": [1.83, 0.1, -1.2],
						"0.6333": [2.31, 0.08, -1.6],
						"0.6667": [2.8, 0.08, -1.91],
						"0.7": [2.73, 0.05, -1.71],
						"0.7333": [2.49, 0.01, -1.34],
						"0.7667": [2.21, -0.02, -1.13],
						"0.8": [1.89, -0.07, -1.29],
						"0.8333": [1.52, -0.11, -1.61],
						"0.8667": [1.26, -0.15, -1.8],
						"0.9": [1.16, -0.17, -1.75],
						"0.9333": [1.12, -0.19, -1.61],
						"0.9667": [1.14, -0.2, -1.45],
						"1.0": [1.2, -0.2, -1.33],
						"1.0333": [1.28, -0.19, -1.29],
						"1.0667": [1.4, -0.18, -1.3],
						"1.1": [1.55, -0.16, -1.31],
						"1.1333": [1.72, -0.14, -1.28],
						"1.1667": [1.93, -0.12, -1.2],
						"1.2": [2.74, -0.1, -0.52],
						"1.2333": [3.33, -0.07, -0.07],
						"1.2667": [2.87, -0.04, -0.9],
						"1.3": [2.23, 0, -1.8],
						"1.3333": [2.15, 0.01, -1.76],
						"1.3667": [2.18, 0.01, -1.48],
						"1.4": [2.15, 0.02, -1.25],
						"1.4333": [2, 0.03, -1.21],
						"1.4667": [1.79, 0.05, -1.23],
						"1.5": [1.53, 0.05, -1.2],
						"1.5333": [0.96, 0.03, -0.99],
						"1.5667": [0.41, 0.01, -0.72],
						"1.6": [0.23, 0, -0.59],
						"1.6333": [0.09, 0, -0.45],
						"1.6667": [-0.02, 0, -0.31],
						"1.7": [-0.07, 0, -0.17],
						"1.7333": [0.01, 0.01, 0.18],
						"1.7667": [0.12, 0.03, 0.35],
						"1.8": [0.02, 0.03, 0.11],
						"1.8333": [-0.12, 0.03, -0.29],
						"1.8667": [-0.2, 0.03, -0.52],
						"1.9": [-0.16, 0.01, -0.47],
						"1.9333": [-0.06, 0, -0.3],
						"1.9667": [0.04, -0.02, -0.11],
						"2.0": [0.1, -0.02, 0.03],
						"2.0333": [0.1, -0.02, 0.06],
						"2.0667": [0.07, -0.02, 0.05],
						"2.1": [0.03, -0.01, 0.02],
						"2.1333": [0, 0, 0]
					}
				},
				"magazine2": {
					"rotation": {
						"0.0": [0, 2.5, -15],
						"0.3667": [0, -2.5, 15],
						"0.4": [0, -2.5, 15],
						"0.4333": [0, -2.5, 15],
						"0.4667": [0, -2.5, 15],
						"0.5": [0, -2.5, 15],
						"0.5333": [0, -2.5, 15],
						"0.5667": [0, -2.5, 15],
						"0.6": [0, -2.5, 15],
						"0.6333": [0, -2.5, 15],
						"1.1": [1.2506, -2.16489, -15.02363],
						"1.7667": [1.2506, -2.16489, -15.02363],
						"2.1333": [0, 2.5, -15]
					},
					"position": {
						"0.0": [13, 0, 1],
						"0.4": [14, -3.57, 0],
						"0.4667": [13, -3, 0],
						"0.5": [14, -5, 1],
						"0.5333": [14, -6, 1],
						"0.5667": [15, -8, 1],
						"0.6": [15, -10, 1],
						"0.6333": [16, -12, 1],
						"1.1": [14, -3, 1],
						"1.7667": [14, -3, 1],
						"2.1333": [13, 0, 1]
					}
				},
				"uzi2": {
					"rotation": {
						"0.0": [0, 2.5, -15],
						"2.1333": [0, 2.5, -15]
					},
					"position": {
						"0.0": [12, 0, 1],
						"2.1333": [12, 0, 1]
					}
				},
				"bullet2": {
					"rotation": {
						"0.0": [0, 2.5, -15],
						"2.1333": [0, 2.5, -15]
					},
					"position": {
						"0.0": [9, 0, 0],
						"2.1333": [9, 0, 0]
					}
				},
				"gun_and_righthand": {
					"rotation": {
						"0.0": [0, 0, 0],
						"0.1": [0, 0, -10],
						"0.2667": [-25, 0, -10],
						"0.4333": [0, 0, -10],
						"0.4667": [7.5, 0, -10],
						"0.5": [10, 0, -10],
						"0.5333": [5, 0, -10],
						"0.5667": [2.50238, 2.49762, -9.89088],
						"2.1333": [0, 0, 0]
					},
					"position": {
						"0.0": [-4, 0, 0],
						"0.1": [-4, 0, 0],
						"0.2667": [-4, 2, -1],
						"0.4333": [-4, 0, 0],
						"0.4667": [-4, 0, 0],
						"0.5": [-4, 0, 0],
						"0.5333": [-4, 0, 0],
						"1.3333": [-4, 0, 0],
						"2.1333": [-4, 0, 0]
					}
				},
				"uzi": {
					"rotation": {
						"0.0": [0, -2.5, 15],
						"2.1333": [0, -2.5, 15]
					},
					"position": {
						"0.0": [1, 0, 1],
						"2.1333": [1, 0, 1]
					}
				},
				"magazine": {
					"rotation": {
						"0.0": [0, -2.5, 15],
						"0.3667": [0, -2.5, 15],
						"0.4": [0, -2.5, 15],
						"0.4333": [0, -2.5, 15],
						"0.4667": [0, -2.5, 15],
						"0.5": [0, -2.5, 15],
						"0.5333": [0, -2.5, 15],
						"0.5667": [0, -2.5, 15],
						"0.6": [0, -2.5, 15],
						"0.6333": [0, -2.5, 15],
						"2.1333": [0, -2.5, 15]
					},
					"position": {
						"0.0": [0, 0, 1],
						"0.3667": [0, 0, 0],
						"0.4": [-1, -3.57, 0],
						"0.4667": [0, -3, 0],
						"0.5": [-1, -5, 1],
						"0.5333": [-1, -6, 1],
						"0.5667": [-2, -8, 1],
						"0.6": [-2, -10, 1],
						"0.6333": [-3, -12, 1],
						"1.1": [-1, -3, 1],
						"1.7667": [-1, -3, 1],
						"2.1333": [0, 0, 1]
					}
				}
			},
			"sound_effects": {
				"0.0333": {
					"effect": "wfoly_plr_sm_uzulu_raise_quick_up"
				},
				"0.2333": {
					"effect": "wfoly_plr_sm_uzulu_reload_empty_fast_tilt"
				},
				"0.5": {
					"effect": "wfoly_plr_sm_uzulu_reload_magout_01"
				},
				"0.9333": {
					"effect": "wfoly_plr_sm_uzulu_reload_magin_01"
				},
				"1.3333": {
					"effect": "wfoly_plr_sm_uzulu_reload_end"
				}
			}
		},
		"reload_empty": {
			"animation_length": 3.0667,
			"bones": {
				"root": {
					"rotation": {
						"0.0": [0, 0, 0],
						"0.6333": [0, 0, 0],
						"0.7": [5, 0, 0],
						"0.7667": [10, 0, 0],
						"0.8333": [15, 0, 0],
						"0.9": [20, 0, 0],
						"0.9667": [30, 0, 0],
						"1.0333": [35, 0, 0],
						"1.1": [40, 0, 0],
						"2.4": [40, 0, 0],
						"2.7667": [0, 0, 0],
						"2.8": [0.16, -0.37, 0.67],
						"2.8333": [0.11, -0.62, -0.98],
						"2.8667": [0.05, -0.14, -0.96],
						"2.9": [-0.01, 0.27, 0.27],
						"2.9333": [-0.02, 0.27, 0.3],
						"2.9667": [-0.01, 0.19, 0.21],
						"3.0": [0, 0.07, 0.08]
					},
					"position": {
						"0.0": [0, 0, 0],
						"0.6333": [0, 0, 0],
						"0.7": [0, -1, 0],
						"0.7667": [0, -2, 1],
						"0.8333": [0, -3, 2],
						"0.9": [0, -4, 3],
						"0.9667": [0, -6, 5],
						"1.0333": [0, -7, 6],
						"1.1": [0, -8, 7],
						"2.4": [0, -8, 7],
						"2.7667": [0, 0, 0],
						"2.8": [-0.02, -0.14, -0.04],
						"2.8333": [-0.03, -0.19, 0.17],
						"2.8667": [-0.02, -0.13, 0.02],
						"2.9": [-0.01, -0.05, -0.18],
						"2.9333": [-0.01, -0.02, -0.16],
						"2.9667": [0, -0.01, -0.07],
						"3.0": [0, 0, 0]
					}
				},
				"mag_and_lefthand": {
					"rotation": {
						"0.0": [0, 0, 0],
						"0.1": [0, 0, 10],
						"0.2667": [-25, 0, 10],
						"0.4333": [0, 0, 10],
						"0.4667": [7.5, 0, 10],
						"0.5": [10, 0, 10],
						"0.5333": [5, 0, 10],
						"0.5667": [5, 0, 10],
						"2.7667": [0, 0, 0]
					},
					"position": {
						"0.0": [0, 0, 0],
						"0.1": [-1, 2, 0],
						"0.2667": [-1, 5, -2],
						"0.4333": [-1, 2, 0],
						"0.4667": [-1, 2, 0],
						"0.5": [-1, 2, 0],
						"0.5333": [-1, 2, 0],
						"0.5667": [-1, 2, 0],
						"2.7667": [0, 0, 0]
					}
				},
				"lefthand": {
					"rotation": {
						"0.0": [100.21875, -11.815, -177.88617],
						"2.7667": [100.21875, -11.815, -177.88617]
					},
					"position": {
						"0.0": [16.4, -14.2, 3.2],
						"2.7667": [16.4, -14.2, 3.2]
					},
					"scale": {
						"0.0": [1, 1.5, 1],
						"2.7667": [1, 1.5, 1]
					}
				},
				"mag_and_bullet": {
					"rotation": {
						"0.0": [0, 0, 0],
						"0.5667": [-2.50238, 2.49762, -0.10912],
						"2.7667": [0, 0, 0]
					}
				},
				"bullet": {
					"rotation": {
						"0.0": [0, -2.5, 15],
						"2.7667": [0, -2.5, 15]
					},
					"position": {
						"0.0": [2, 0, 0],
						"2.7667": [2, 0, 0]
					},
					"scale": {
						"0.0": [0, 0, 0],
						"2.7667": [0, 0, 0]
					}
				},
				"righthand": {
					"rotation": {
						"0.0": [100.21875, 11.81504, -177.88617],
						"2.7667": [100.21875, 11.81504, -177.88617]
					},
					"position": {
						"0.0": [-5.6, -14.2, 3.2],
						"2.7667": [-5.6, -14.2, 3.2]
					},
					"scale": {
						"0.0": [1, 1.5, 1],
						"2.7667": [1, 1.5, 1]
					}
				},
				"constraint": {
					"rotation": {
						"0.7": [0.05, 0.05, 0.08],
						"1.7": [0.05, 0.05, 0.08],
						"1.9": [0.1, 0.9, 0.8],
						"2.4": [0.1, 0.9, 0.8],
						"2.6667": [0.05, 0.05, 0.1],
						"2.8667": [0.05, 0.2, 0.1]
					},
					"position": {
						"0.7": [0.06, 0.06, 0.06],
						"1.7": [0.06, 0.06, 0.06],
						"1.9": [0.4, 0.6, 0.05],
						"2.4": [0.4, 0.6, 0.05],
						"2.6667": [0.15, 0.2, 0.2],
						"2.8667": [0.15, 0.2, 0.35]
					}
				},
				"bolt": {
					"position": {
						"1.9": [0, 0, -2.8],
						"1.9667": [0, 0, 0]
					}
				},
				"additional_magazine": {
					"rotation": {
						"0.3667": [0, 0, 0],
						"0.4": [2.5, 0.09, -6.98],
						"0.4333": [6, 0.6, -18.09],
						"0.4667": [9.03, 3.75, -37.08],
						"0.5": [11.28, 13.54, -65.52],
						"0.5333": [13.06, 25.96, -101.85],
						"0.5667": [13.81, 31.21, -145.19],
						"0.6": [13.55, 28.33, -172.06],
						"0.6333": [12.83, 22.25, -203.93],
						"0.6667": [11.86, 14.38, -237.56],
						"0.7": [10.82, 6.12, -269.68],
						"0.7333": [9.91, -1.1, -297.05],
						"0.7667": [9.31, -5.88, -316.41]
					},
					"position": {
						"0.3": [0, 0, 0],
						"0.3333": [0, -2.06, 0],
						"0.3667": [0, -4.13, 0],
						"0.4": [0.5, -5.06, 0.13],
						"0.4333": [1.27, -5.88, 0.31],
						"0.4667": [2.51, -7.33, 0.35],
						"0.5": [4.55, -9.59, 0.04],
						"0.5333": [7.06, -12.48, -0.41],
						"0.5667": [9.19, -16.13, -0.46],
						"0.6": [10.86, -20.58, -0.03],
						"0.6333": [12.15, -25.79, 0.8],
						"0.6667": [12.47, -31.74, 2.32],
						"0.7": [11.07, -39.5, 5.17],
						"0.7333": [8.68, -48, 8.71],
						"0.7667": [6.92, -54.03, 11.26]
					},
					"scale": {
						"0.0": [1, 1, 1],
						"0.7333": {
							"pre": [1, 1, 1],
							"post": [0, 0, 0]
						}
					}
				},
				"camera": {
					"rotation": {
						"0.0": [0, 0, 0],
						"0.0333": [0.01, -0.05, -0.04],
						"0.0667": [0.04, -0.11, -0.11],
						"0.1": [0.08, -0.07, -0.22],
						"0.1333": [0.16, 0.12, -0.39],
						"0.1667": [0.25, 0.41, -0.6],
						"0.2": [0.33, 0.65, -0.8],
						"0.2333": [0.31, 0.78, -1.01],
						"0.2667": [0.27, 0.86, -1.21],
						"0.3": [0.4, 0.9, -1.3],
						"0.3333": [1.29, 0.93, -1.02],
						"0.3667": [2.02, 0.84, -0.84],
						"0.4": [1.78, 0.67, -1.22],
						"0.4333": [1.23, 0.43, -1.79],
						"0.4667": [0.88, 0.2, -2.15],
						"0.5": [0.94, -0.03, -2.06],
						"0.5333": [1.19, -0.26, -1.75],
						"0.5667": [1.42, -0.44, -1.53],
						"0.6": [1.53, -0.54, -1.53],
						"0.6333": [1.62, -0.62, -1.59],
						"0.6667": [1.7, -0.66, -1.67],
						"0.7": [1.77, -0.65, -1.72],
						"0.7333": [1.81, -0.6, -1.74],
						"0.7667": [1.84, -0.5, -1.76],
						"0.8": [1.86, -0.38, -1.76],
						"0.8333": [1.88, -0.27, -1.76],
						"0.8667": [1.91, -0.18, -1.75],
						"0.9": [1.94, -0.13, -1.73],
						"0.9333": [1.97, -0.09, -1.71],
						"0.9667": [2, -0.06, -1.68],
						"1.0": [2.04, -0.04, -1.64],
						"1.0333": [2.1, -0.02, -1.6],
						"1.0667": [2.22, -0.03, -1.51],
						"1.1": [2.37, -0.06, -1.4],
						"1.1333": [2.51, -0.08, -1.3],
						"1.1667": [2.6, -0.1, -1.27],
						"1.2": [2.51, -0.08, -1.48],
						"1.2333": [2.4, -0.05, -1.75],
						"1.2667": [2.48, -0.04, -1.87],
						"1.3": [2.6, -0.04, -1.95],
						"1.3333": [2.63, -0.02, -1.97],
						"1.3667": [2.31, 0.02, -1.84],
						"1.4": [1.94, 0.07, -1.6],
						"1.4333": [1.73, 0.12, -1.19],
						"1.4667": [1.72, 0.18, -0.95],
						"1.5": [2.24, 0.25, -1.42],
						"1.5333": [2.68, 0.33, -1.92],
						"1.5667": [2.45, 0.36, -1.89],
						"1.6": [2.01, 0.38, -1.7],
						"1.6333": [1.72, 0.38, -1.54],
						"1.6667": [1.75, 0.33, -1.46],
						"1.7": [1.94, 0.25, -1.4],
						"1.7333": [2.12, 0.16, -1.38],
						"1.7667": [2.22, 0.04, -1.4],
						"1.8": [2.31, -0.1, -1.45],
						"1.8333": [2.35, -0.2, -1.5],
						"1.8667": [2.21, -0.27, -1.55],
						"1.9": [2.18, -0.29, -1.58],
						"1.9333": [2.81, -0.33, -1.62],
						"1.9667": [3.33, -0.35, -1.6],
						"2.0": [2.82, -0.37, -1.33],
						"2.0333": [2.21, -0.38, -1.15],
						"2.0667": [2.25, -0.39, -1.49],
						"2.1": [2.4, -0.37, -1.85],
						"2.1333": [2.3, -0.34, -1.85],
						"2.1667": [2.16, -0.29, -1.75],
						"2.2": [2.15, -0.25, -1.6],
						"2.2333": [2.72, -0.19, -1.24],
						"2.2667": [3.17, -0.14, -0.95],
						"2.3": [2.89, -0.12, -1.04],
						"2.3333": [2.37, -0.1, -1.23],
						"2.3667": [2, -0.1, -1.3],
						"2.4": [1.97, -0.11, -1.17],
						"2.4333": [2.07, -0.14, -0.93],
						"2.4667": [2.17, -0.16, -0.68],
						"2.5": [2.13, -0.18, -0.48],
						"2.5333": [1.81, -0.2, -0.33],
						"2.5667": [1.33, -0.21, -0.23],
						"2.6": [0.9, -0.2, -0.17],
						"2.6333": [0.65, -0.16, -0.18],
						"2.6667": [0.42, -0.1, -0.22],
						"2.7": [0.24, -0.04, -0.25],
						"2.7333": [0.13, 0, -0.22],
						"2.7667": [0.24, 0.02, 0.13],
						"2.8": [0.38, 0.01, 0.41],
						"2.8333": [0.12, 0.01, 0.12],
						"2.8667": [-0.15, 0, -0.22],
						"2.9": [-0.16, 0, -0.22],
						"2.9333": [-0.11, 0, -0.15],
						"2.9667": [-0.04, 0, -0.06],
						"3.0": [0, 0, 0]
					}
				},
				"magazine2": {
					"rotation": {
						"0.0": [0, 2.5, -15],
						"0.3667": [0, -2.5, 15],
						"0.4": [0, -2.5, 15],
						"0.4333": [0, -2.5, 15],
						"0.4667": [0, -2.5, 15],
						"0.5": [0, -2.5, 15],
						"0.5333": [0, -2.5, 15],
						"0.5667": [0, -2.5, 15],
						"0.6": [0, -2.5, 15],
						"0.6333": [0, -2.5, 15],
						"1.1": [1.2506, -2.16489, -15.02363],
						"2.4": [1.2506, -2.16489, -15.02363],
						"2.7667": [0, 2.5, -15]
					},
					"position": {
						"0.0": [13, 0, 1],
						"0.4": [14, -3.57, 0],
						"0.4667": [13, -3, 0],
						"0.5": [14, -5, 1],
						"0.5333": [14, -6, 1],
						"0.5667": [15, -8, 1],
						"0.6": [15, -10, 1],
						"0.6333": [16, -12, 1],
						"1.1": [14, -3, 1],
						"2.4": [14, -3, 1],
						"2.7667": [13, 0, 1]
					}
				},
				"uzi2": {
					"rotation": {
						"0.0": [0, 2.5, -15],
						"2.7667": [0, 2.5, -15]
					},
					"position": {
						"0.0": [12, 0, 1],
						"2.7667": [12, 0, 1]
					}
				},
				"bullet2": {
					"rotation": {
						"0.0": [0, 2.5, -15],
						"2.7667": [0, 2.5, -15]
					},
					"position": {
						"0.0": [9, 0, 0],
						"2.7667": [9, 0, 0]
					}
				},
				"gun_and_righthand": {
					"rotation": {
						"0.0": [0, 0, 0],
						"0.1": [0, 0, -10],
						"0.2667": [-25, 0, -10],
						"0.4333": [0, 0, -10],
						"0.4667": [7.5, 0, -10],
						"0.5": [10, 0, -10],
						"0.5333": [5, 0, -10],
						"0.5667": [2.50238, 2.49762, -9.89088],
						"2.7667": [0, 0, 0]
					},
					"position": {
						"0.0": [-4, 0, 0],
						"0.1": [-4, 0, 0],
						"0.2667": [-4, 2, -1],
						"0.4333": [-4, 0, 0],
						"0.4667": [-4, 0, 0],
						"0.5": [-4, 0, 0],
						"0.5333": [-4, 0, 0],
						"1.3333": [-4, 0, 0],
						"2.7667": [-4, 0, 0]
					}
				},
				"uzi": {
					"rotation": {
						"0.0": [0, -2.5, 15],
						"2.7667": [0, -2.5, 15]
					},
					"position": {
						"0.0": [1, 0, 1],
						"2.7667": [1, 0, 1]
					}
				},
				"magazine": {
					"rotation": {
						"0.0": [0, -2.5, 15],
						"0.3667": [0, -2.5, 15],
						"0.4": [0, -2.5, 15],
						"0.4333": [0, -2.5, 15],
						"0.4667": [0, -2.5, 15],
						"0.5": [0, -2.5, 15],
						"0.5333": [0, -2.5, 15],
						"0.5667": [0, -2.5, 15],
						"0.6": [0, -2.5, 15],
						"0.6333": [0, -2.5, 15],
						"2.7667": [0, -2.5, 15]
					},
					"position": {
						"0.0": [0, 0, 1],
						"0.3667": [0, 0, 0],
						"0.4": [-1, -3.57, 0],
						"0.4667": [0, -3, 0],
						"0.5": [-1, -5, 1],
						"0.5333": [-1, -6, 1],
						"0.5667": [-2, -8, 1],
						"0.6": [-2, -10, 1],
						"0.6333": [-3, -12, 1],
						"1.1": [-1, -3, 1],
						"2.4": [-1, -3, 1],
						"2.7667": [0, 0, 1]
					}
				}
			},
			"sound_effects": {
				"0.0": {
					"effect": "wfoly_plr_sm_uzulu_raise_up"
				},
				"0.2333": {
					"effect": "wfoly_plr_sm_uzulu_reload_empty_magout_01"
				},
				"0.9333": {
					"effect": "wfoly_plr_sm_uzulu_reload_empty_rattle"
				},
				"0.9667": {
					"effect": "iw8_phys_mag_drop_smg_metal_dirt_04"
				},
				"1.3": {
					"effect": "wfoly_plr_sm_uzulu_reload_empty_tilt"
				},
				"1.8333": {
					"effect": "wfoly_plr_sm_uzulu_reload_empty_fast_charge_01"
				},
				"2.3333": {
					"effect": "wfoly_plr_sm_uzulu_reload_empty_end"
				}
			}
		},
		"inspect": {
			"animation_length": 5.1,
			"bones": {
				"root": {
					"rotation": {
						"0.0": [0, 0, 0],
						"4.6": [0, 0, 0],
						"4.7": [0.16, -0.37, 0.67],
						"4.7333": [0.11, -0.62, -0.98],
						"4.7667": [0.05, -0.14, -0.96],
						"4.8": [-0.01, 0.27, 0.27],
						"4.8333": [-0.02, 0.27, 0.3],
						"4.8667": [-0.01, 0.19, 0.21],
						"4.9": [0, 0.07, 0.08]
					},
					"position": {
						"0.0": [0, 0, 0],
						"4.6": [0, 0, 0],
						"4.7": [-0.02, -0.14, -0.04],
						"4.7333": [-0.03, -0.19, 0.17],
						"4.7667": [-0.02, -0.13, 0.02],
						"4.8": [-0.01, -0.05, -0.18],
						"4.8333": [-0.01, -0.02, -0.16],
						"4.8667": [0, -0.01, -0.07],
						"4.9": [0, 0, 0]
					}
				},
				"mag_and_lefthand": {
					"rotation": {
						"0.0": [0, 0, 0],
						"0.1667": [0, 0, 25],
						"0.6": [0, 0, 25],
						"0.9333": [0, 0, 45],
						"1.6": [0, 0, 45],
						"2.0333": [0, -15, -42.5],
						"2.4667": [0, -15, -42.5],
						"2.5667": [0, -15, -42.5],
						"3.0667": [0, 0, 40],
						"3.6333": [0, 0, 40],
						"4.6": [0, 0, 0]
					},
					"position": {
						"0.0": [0, 0, 0],
						"0.1667": [0, 4, 0],
						"0.2667": [0.15, 4.15, 0],
						"0.4": [0, 4, 0],
						"0.5": [0.1, 4.05, 0.1],
						"0.6": [0, 4, 0],
						"0.9333": [0, 15, 0],
						"1.1": [0.1, 15.19, -0.1],
						"1.3": [0.1, 15.16, 0.29],
						"1.4667": [0.1, 15.19, -0.1],
						"1.6": [0, 15, 0],
						"2.0333": [0, -4, -1],
						"2.2667": [0.01, -4.17, -0.94],
						"2.3667": [0, -4, -1],
						"2.4667": [0, -4, -1],
						"2.5667": [0, -4, -1],
						"3.0667": [0, 11, -1],
						"3.2667": [-0.14, 11.12, -1.05],
						"3.4333": [0.05, 11.19, -1],
						"3.6": [0, 11.075, -0.85],
						"3.6333": [0, 11, -1],
						"4.6": [0, 0, 0]
					}
				},
				"lefthand": {
					"rotation": {
						"0.0": [100.21875, -11.815, -177.88617],
						"3.6333": [100.21875, -11.815, -177.88617],
						"4.6": [100.21875, -11.815, -177.88617]
					},
					"position": {
						"0.0": [16.4, -14.2, 3.2],
						"3.6333": [16.4, -14.2, 3.2],
						"4.0333": [17.4, -14.2, 3.2],
						"4.6": [16.4, -14.2, 3.2]
					}
				},
				"mag_and_bullet": {
					"scale": 1
				},
				"gun_and_righthand": {
					"rotation": {
						"0.0": [0, 0, 0],
						"0.1667": [0, 0, -25],
						"0.5667": [0, 0, -25],
						"0.9333": [0, 0, -45],
						"1.6": [0, 0, -45],
						"1.9333": [0, 0, -7.5],
						"2.4667": [0, 0, -7.5],
						"2.9667": [-12.5, 0, 107.5],
						"3.6333": [-12.5, 0, 107.5],
						"4.0333": [-12.5, 0, 75],
						"4.6": [0, 0, 0]
					},
					"position": {
						"0.0": [-4, 0, 0],
						"0.1667": [-4, -1, 0],
						"0.2667": [-4.111, -1.11, 0.1],
						"0.3667": [-4, -1, 0],
						"0.4667": [-4.01, -1, 0.01],
						"0.5667": [-3.86, -0.85, 0.12],
						"0.9333": [-4.86, 7.15, 0.12],
						"1.1667": [-4.9, 7.26, 0],
						"1.4": [-4.9, 7.26, 0],
						"1.6": [-4.86, 7.15, 0.12],
						"1.9333": [-4.86, 4.15, 0.12],
						"2.2": [-4.68, 4.24, 0],
						"2.4667": [-4.86, 4.15, 0.12],
						"2.9667": [-2.86, 5.15, 0.12],
						"3.1333": [-2.65, 5, 0],
						"3.3": [-2.59, 4.95, 0.05],
						"3.4667": [-2.86, 5.15, 0.12],
						"3.6333": [-2.65, 5, 0],
						"4.0333": [-2.65, 5, 0],
						"4.6": [-4, 0, 0]
					}
				},
				"righthand": {
					"rotation": {
						"0.0": [100.21875, 11.81504, -177.88617],
						"3.6333": [100.22, 11.82, -177.89]
					},
					"position": {
						"0.0": [-5.6, -14.2, 3.2],
						"3.6333": [-5.6, -14.2, 3.2],
						"4.0333": [-6.6, -14.2, 3.2],
						"4.6": [-5.6, -14.2, 3.2]
					},
					"scale": [1, 1.5, 1]
				},
				"constraint": {
					"rotation": [0.05, 0.2, 0.1],
					"position": [0.15, 0.2, 0.35]
				},
				"additional_magazine": {
					"scale": {
						"0.0": [0, 0, 0],
						"3.0": {
							"pre": [0, 0, 0],
							"post": [1, 1, 1]
						}
					}
				},
				"camera": {
					"rotation": {
						"0.0": {
							"post": [0, 0, 0],
							"lerp_mode": "catmullrom"
						},
						"0.4333": {
							"post": [3.275, 0.65, -0.225],
							"lerp_mode": "catmullrom"
						},
						"1.0667": {
							"post": [3.745, 0.65, -0.3],
							"lerp_mode": "catmullrom"
						},
						"1.3667": {
							"post": [1.415, 0.85, -0.8],
							"lerp_mode": "catmullrom"
						},
						"1.6333": {
							"post": [1.58, 0.82, -0.15],
							"lerp_mode": "catmullrom"
						},
						"1.7333": {
							"post": [2.86, 0.5, 0.525],
							"lerp_mode": "catmullrom"
						},
						"1.9": {
							"post": [2.24, -0.76, -0.895],
							"lerp_mode": "catmullrom"
						},
						"2.0667": {
							"post": [3.215, -2.375, -0.425],
							"lerp_mode": "catmullrom"
						},
						"2.2667": {
							"post": [3.695, -2.62, -1.12],
							"lerp_mode": "catmullrom"
						},
						"2.5": {
							"post": [3.465, -2.375, -0.925],
							"lerp_mode": "catmullrom"
						},
						"2.8": {
							"post": [0.985, 0, -0.575],
							"lerp_mode": "catmullrom"
						},
						"2.9": {
							"post": [1.78, 0.17, 0.54],
							"lerp_mode": "catmullrom"
						},
						"3.0333": {
							"post": [0.13, 0.13, -1.215],
							"lerp_mode": "catmullrom"
						},
						"3.2333": {
							"post": [0.605, 0, 0.175],
							"lerp_mode": "catmullrom"
						},
						"3.4": {
							"post": [-1.695, -0.13, -0.085],
							"lerp_mode": "catmullrom"
						},
						"3.6333": {
							"post": [-2.19, -0.2, 0.225],
							"lerp_mode": "catmullrom"
						},
						"4.0": {
							"post": [-1.49, -0.2, 0.225],
							"lerp_mode": "catmullrom"
						},
						"4.3333": {
							"post": [-0.905, -0.06, 0.18],
							"lerp_mode": "catmullrom"
						},
						"4.4667": {
							"post": [0.6, 0, 0.15],
							"lerp_mode": "catmullrom"
						},
						"4.6": {
							"post": [0.915, 0, 0.52],
							"lerp_mode": "catmullrom"
						},
						"4.7": {
							"post": [-0.3, 0, -0.275],
							"lerp_mode": "catmullrom"
						},
						"4.8333": {
							"post": [0.25, 0, 0.05],
							"lerp_mode": "catmullrom"
						},
						"5.0333": {
							"post": [0, 0, 0],
							"lerp_mode": "catmullrom"
						}
					}
				},
				"magazine2": {
					"rotation": {
						"0.0": [0, 2.5, -15],
						"3.7": [0, 2.5, -15],
						"3.8333": [0.54143, 2.4407, -2.48847],
						"3.8667": [0.54143, 2.4407, -2.48847],
						"3.9": [20, -2.5, 15],
						"3.9333": [30, -2.5, 15],
						"4.0": [45, -2.5, 15],
						"4.0667": [75, -2.5, 15],
						"4.1333": [90, -2.5, 15],
						"4.6": [-360, 2.5, -15]
					},
					"position": [12, 0, 1]
				},
				"uzi2": {
					"rotation": {
						"0.0": [0, 2.5, -15],
						"3.6333": [0, 2.5, -15],
						"3.8667": [0, 0, 0],
						"3.9": [20, -2.5, 15],
						"3.9333": [30, -2.5, 15],
						"4.0": [45, -2.5, 15],
						"4.0667": [75, -2.5, 15],
						"4.1333": [90, -2.5, 15],
						"4.6": [-360, 2.5, -15]
					},
					"position": {
						"0.0": [12, 0, 1],
						"3.6333": [12, 0, 1],
						"3.8667": [12, 0, 1]
					}
				},
				"bullet2": {
					"rotation": [0, 2.5, -15],
					"position": [9, 0, 0],
					"scale": {
						"0.0": [1, 1, 1],
						"3.6333": [0, 0, 0],
						"4.1333": [0, 0, 0],
						"4.5333": [0, 0, 0],
						"4.6": [1, 1, 1]
					}
				},
				"uzi": {
					"rotation": {
						"0.0": [0, -2.5, 15],
						"3.6333": [0, -2.5, 15],
						"3.8667": [15, -2.5, 15],
						"3.9": [20, -2.5, 15],
						"3.9333": [30, -2.5, 15],
						"4.0": [45, -2.5, 15],
						"4.0667": [75, -2.5, 15],
						"4.1333": [90, -2.5, 15],
						"4.6": [-360, -2.5, 15]
					},
					"position": {
						"0.0": [1, 0, 1],
						"3.6333": [1, 0, 1],
						"4.0333": [1, 0, 1]
					}
				},
				"magazine": {
					"rotation": {
						"0.0": [0, -2.5, 15],
						"3.6333": [0, -2.5, 15],
						"3.8333": [0.54143, 2.4407, -2.48847],
						"3.8667": [0.54143, 2.4407, -2.48847],
						"3.9": [20, -2.5, 15],
						"3.9333": [30, -2.5, 15],
						"4.0": [45, -2.5, 15],
						"4.0667": [75, -2.5, 15],
						"4.1333": [90, -2.5, 15],
						"4.6": [-360, -2.5, 15]
					},
					"position": [1, 0, 1]
				},
				"bullet": {
					"rotation": [0, -2.5, 15],
					"position": [2, 0, 0]
				}
			},
			"sound_effects": {
				"0.0": {
					"effect": "wfoly_plr_sm_uzulu_raise_first_start"
				},
				"1.1667": {
					"effect": "wfoly_plr_sm_uzulu_reload_shake"
				},
				"1.5667": {
					"effect": "wfoly_plr_sm_uzulu_reload_fast_magout_01"
				},
				"2.6333": {
					"effect": "wfoly_plr_sm_uzulu_reload_fast_magin_01"
				},
				"3.3": {
					"effect": "wfoly_plr_sm_uzulu_reload_rattle"
				},
				"4.1667": {
					"effect": "wfoly_plr_sm_uzulu_reload_end"
				}
			}
		},
		"inspect_empty": {
			"animation_length": 6.3,
			"bones": {
				"root": {
					"rotation": {
						"0.0": [0, 0, 0],
						"4.6": [0, 0, 0],
						"4.7": [0.16, -0.37, 0.67],
						"4.7333": [0.11, -0.62, -0.98],
						"4.7667": [0.05, -0.14, -0.96],
						"4.8": [-0.01, 0.27, 0.27],
						"4.8333": [-0.02, 0.27, 0.3],
						"4.8667": [-0.01, 0.19, 0.21],
						"4.9": [0, 0.07, 0.08]
					},
					"position": {
						"0.0": [0, 0, 0],
						"4.6": [0, 0, 0],
						"4.7": [-0.02, -0.14, -0.04],
						"4.7333": [-0.03, -0.19, 0.17],
						"4.7667": [-0.02, -0.13, 0.02],
						"4.8": [-0.01, -0.05, -0.18],
						"4.8333": [-0.01, -0.02, -0.16],
						"4.8667": [0, -0.01, -0.07],
						"4.9": [0, 0, 0]
					}
				},
				"mag_and_lefthand": {
					"rotation": {
						"0.0": [0, 0, 0],
						"0.1667": [0, 0, 25],
						"0.6": [0, 0, 25],
						"0.9333": [0, 0, 45],
						"1.6": [0, 0, 45],
						"2.0333": [0, -15, -42.5],
						"2.4667": [0, -15, -42.5],
						"2.5667": [0, -15, -42.5],
						"3.0667": [0, 0, 40],
						"3.6333": [0, 0, 40],
						"4.6": [0, 0, 0]
					},
					"position": {
						"0.0": [0, 0, 0],
						"0.1667": [0, 4, 0],
						"0.2667": [0.15, 4.15, 0],
						"0.4": [0, 4, 0],
						"0.5": [0.1, 4.05, 0.1],
						"0.6": [0, 4, 0],
						"0.9333": [0, 15, 0],
						"1.1": [0.1, 15.19, -0.1],
						"1.3": [0.1, 15.16, 0.29],
						"1.4667": [0.1, 15.19, -0.1],
						"1.6": [0, 15, 0],
						"2.0333": [0, -4, -1],
						"2.2667": [0.01, -4.17, -0.94],
						"2.3667": [0, -4, -1],
						"2.4667": [0, -4, -1],
						"2.5667": [0, -4, -1],
						"3.0667": [0, 11, -1],
						"3.2667": [-0.14, 11.12, -1.05],
						"3.4333": [0.05, 11.19, -1],
						"3.6": [0, 11.075, -0.85],
						"3.6333": [0, 11, -1],
						"4.6": [0, 0, 0]
					}
				},
				"lefthand": {
					"rotation": {
						"0.0": [100.21875, -11.815, -177.88617],
						"3.6333": [100.21875, -11.815, -177.88617],
						"4.6": [100.21875, -11.815, -177.88617]
					},
					"position": {
						"0.0": [16.4, -14.2, 3.2],
						"3.6333": [16.4, -14.2, 3.2],
						"4.0333": [17.4, -14.2, 3.2],
						"4.5667": [17.4, -14.2, 3.2],
						"4.6": [16.4, -14.2, 3.2]
					}
				},
				"mag_and_bullet": {
					"scale": 1
				},
				"gun_and_righthand": {
					"rotation": {
						"0.0": [0, 0, 0],
						"0.1667": [0, 0, -25],
						"0.5667": [0, 0, -25],
						"0.9333": [0, 0, -45],
						"1.6": [0, 0, -45],
						"1.9333": [0, 0, -7.5],
						"2.4667": [0, 0, -7.5],
						"2.9667": [-12.5, 0, 107.5],
						"3.6333": [-12.5, 0, 107.5],
						"4.0333": [-12.5, 0, 75],
						"4.6": [0, 0, 0]
					},
					"position": {
						"0.0": [-4, 0, 0],
						"0.1667": [-4, -1, 0],
						"0.2667": [-4.111, -1.11, 0.1],
						"0.3667": [-4, -1, 0],
						"0.4667": [-4.01, -1, 0.01],
						"0.5667": [-3.86, -0.85, 0.12],
						"0.9333": [-4.86, 7.15, 0.12],
						"1.1667": [-4.9, 7.26, 0],
						"1.4": [-4.9, 7.26, 0],
						"1.6": [-4.86, 7.15, 0.12],
						"1.9333": [-4.86, 4.15, 0.12],
						"2.2": [-4.68, 4.24, 0],
						"2.4667": [-4.86, 4.15, 0.12],
						"2.9667": [-2.86, 5.15, 0.12],
						"3.1333": [-2.65, 5, 0],
						"3.3": [-2.59, 4.95, 0.05],
						"3.4667": [-2.86, 5.15, 0.12],
						"3.6333": [-2.65, 5, 0],
						"4.0333": [-2.65, 5, 0],
						"4.6": [-4, 0, 0]
					}
				},
				"righthand": {
					"rotation": {
						"0.0": [100.21875, 11.81504, -177.88617],
						"3.6333": [100.22, 11.82, -177.89]
					},
					"position": {
						"0.0": [-5.6, -14.2, 3.2],
						"3.6333": [-5.6, -14.2, 3.2],
						"4.0333": [-6.6, -14.2, 3.2],
						"4.6": [-5.6, -14.2, 3.2]
					},
					"scale": [1, 1.5, 1]
				},
				"constraint": {
					"rotation": [0.05, 0.2, 0.1],
					"position": [0.15, 0.2, 0.35]
				},
				"pull": {
					"position": {
						"3.9333": [0, 0, 0],
						"4.0": [0, 0, 3],
						"4.6": [0, 0, 3],
						"4.6333": [0, 0, 0]
					}
				},
				"bolt": {
					"position": {
						"0.0": [0, 0, -3],
						"3.9333": [0, 0, -3],
						"4.0": [0, 0, 0],
						"4.6": [0, 0, 0],
						"4.6333": [0, 0, -3]
					}
				},
				"additional_magazine": {
					"scale": {
						"0.0": [0, 0, 0],
						"6.3": {
							"pre": [0, 0, 0],
							"post": [1, 1, 1]
						}
					}
				},
				"camera": {
					"rotation": {
						"0.0": {
							"post": [0, 0, 0],
							"lerp_mode": "catmullrom"
						},
						"0.4333": {
							"post": [3.275, 0.65, -0.225],
							"lerp_mode": "catmullrom"
						},
						"1.0667": {
							"post": [3.745, 0.65, -0.3],
							"lerp_mode": "catmullrom"
						},
						"1.3667": {
							"post": [1.415, 0.85, -0.8],
							"lerp_mode": "catmullrom"
						},
						"1.6333": {
							"post": [1.58, 0.82, -0.15],
							"lerp_mode": "catmullrom"
						},
						"1.7333": {
							"post": [2.86, 0.5, 0.525],
							"lerp_mode": "catmullrom"
						},
						"1.9": {
							"post": [2.24, -0.76, -0.895],
							"lerp_mode": "catmullrom"
						},
						"2.0667": {
							"post": [3.215, -2.375, -0.425],
							"lerp_mode": "catmullrom"
						},
						"2.2667": {
							"post": [3.695, -2.62, -1.12],
							"lerp_mode": "catmullrom"
						},
						"2.5": {
							"post": [3.465, -2.375, -0.925],
							"lerp_mode": "catmullrom"
						},
						"2.8": {
							"post": [0.985, 0, -0.575],
							"lerp_mode": "catmullrom"
						},
						"2.9": {
							"post": [1.78, 0.17, 0.54],
							"lerp_mode": "catmullrom"
						},
						"3.0333": {
							"post": [0.13, 0.13, -1.215],
							"lerp_mode": "catmullrom"
						},
						"3.2333": {
							"post": [0.605, 0, 0.175],
							"lerp_mode": "catmullrom"
						},
						"3.4": {
							"post": [-1.695, -0.13, -0.085],
							"lerp_mode": "catmullrom"
						},
						"3.6333": {
							"post": [-2.19, -0.2, 0.225],
							"lerp_mode": "catmullrom"
						},
						"4.0": {
							"post": [-1.49, -0.2, 0.225],
							"lerp_mode": "catmullrom"
						},
						"4.3333": {
							"post": [-0.905, -0.06, 0.18],
							"lerp_mode": "catmullrom"
						},
						"4.4667": {
							"post": [0.6, 0, 0.15],
							"lerp_mode": "catmullrom"
						},
						"4.6": {
							"post": [0.915, 0, 0.52],
							"lerp_mode": "catmullrom"
						},
						"4.7": {
							"post": [-0.3, 0, -0.275],
							"lerp_mode": "catmullrom"
						},
						"4.8333": {
							"post": [0.25, 0, 0.05],
							"lerp_mode": "catmullrom"
						},
						"5.0333": {
							"post": [0, 0, 0],
							"lerp_mode": "catmullrom"
						}
					}
				},
				"uzi2": {
					"rotation": {
						"0.0": [0, 2.5, -15],
						"3.6333": [0, 2.5, -15],
						"3.8667": [0, 0, 0],
						"3.9": [20, -2.5, 15],
						"3.9333": [30, -2.5, 15],
						"4.0": [45, -2.5, 15],
						"4.0667": [75, -2.5, 15],
						"4.1333": [90, -2.5, 15],
						"4.6": [-360, 2.5, -15]
					},
					"position": {
						"0.0": [12, 0, 1],
						"3.6333": [12, 0, 1],
						"3.8667": [12, 0, 1]
					}
				},
				"bullet2": {
					"rotation": [0, 2.5, -15],
					"position": [9, 0, 0],
					"scale": {
						"0.0": [1, 1, 1],
						"3.6333": [0, 0, 0],
						"4.1333": [0, 0, 0],
						"4.5333": [0, 0, 0],
						"4.6": [1, 1, 1]
					}
				},
				"magazine2": {
					"rotation": {
						"0.0": [0, 2.5, -15],
						"3.7": [0, 2.5, -15],
						"3.8333": [0.54143, 2.4407, -2.48847],
						"3.8667": [0.54143, 2.4407, -2.48847],
						"3.9": [20, -2.5, 15],
						"3.9333": [30, -2.5, 15],
						"4.0": [45, -2.5, 15],
						"4.0667": [75, -2.5, 15],
						"4.1333": [90, -2.5, 15],
						"4.6": [-360, 2.5, -15]
					},
					"position": [12, 0, 1]
				},
				"uzi": {
					"rotation": {
						"0.0": [0, -2.5, 15],
						"3.6333": [0, -2.5, 15],
						"3.8667": [15, -2.5, 15],
						"3.9": [20, -2.5, 15],
						"3.9333": [30, -2.5, 15],
						"4.0": [45, -2.5, 15],
						"4.0667": [75, -2.5, 15],
						"4.1333": [90, -2.5, 15],
						"4.6": [-360, -2.5, 15]
					},
					"position": {
						"0.0": [1, 0, 1],
						"3.6333": [1, 0, 1],
						"4.0333": [1, 0, 1]
					}
				},
				"magazine": {
					"rotation": {
						"0.0": [0, -2.5, 15],
						"3.6333": [0, -2.5, 15],
						"3.8333": [0.54143, 2.4407, -2.48847],
						"3.8667": [0.54143, 2.4407, -2.48847],
						"3.9": [20, -2.5, 15],
						"3.9333": [30, -2.5, 15],
						"4.0": [45, -2.5, 15],
						"4.0667": [75, -2.5, 15],
						"4.1333": [90, -2.5, 15],
						"4.6": [-360, -2.5, 15]
					},
					"position": [1, 0, 1]
				},
				"bullet": {
					"rotation": [0, -2.5, 15],
					"position": [2, 0, 0]
				}
			},
			"sound_effects": {
				"0.0": {
					"effect": "wfoly_plr_sm_uzulu_raise_first_start"
				},
				"1.1667": {
					"effect": "wfoly_plr_sm_uzulu_reload_shake"
				},
				"1.5667": {
					"effect": "wfoly_plr_sm_uzulu_reload_fast_magout_01"
				},
				"2.3333": {
					"effect": "wfoly_plr_sm_uzulu_reload_empty_arm"
				},
				"3.1333": {
					"effect": "weap_sm_uzulu_ads_down"
				},
				"3.8667": {
					"effect": "wfoly_plr_sm_uzulu_reload_empty_fast_charge_01"
				},
				"4.6": {
					"effect": "wfoly_plr_sm_uzulu_reload_empty_fast_charge_01"
				},
				"5.0333": {
					"effect": "wfoly_plr_sm_uzulu_reload_rattle"
				},
				"5.4667": {
					"effect": "wfoly_plr_sm_uzulu_reload_fast_magin_01"
				},
				"5.7": {
					"effect": "wfoly_plr_sm_uzulu_reload_end"
				}
			}
		},
		"shoot": {
			"animation_length": 0.36667,
			"bones": {
				"root": {
					"rotation": {
						"0.0": [0, 0, 0],
						"0.0333": [1.94, -0.59, 3.43],
						"0.0667": [-0.83, 0.24, -0.52],
						"0.1": [-0.54, 0.16, -1.35],
						"0.1333": [0.08, -0.01, -1.75],
						"0.1667": [0.1, -0.02, -2.22],
						"0.2": [0, 0, -2.25],
						"0.2333": [-0.01, 0, -1.62],
						"0.2667": [0, 0, -0.69],
						"0.3": [0, 0, 0]
					},
					"position": {
						"0.0": [0, 0, 0],
						"0.0333": [0, -0.12, 1.13],
						"0.0667": [0, -0.25, 0.9],
						"0.1": [0, -0.01, -0.04],
						"0.1333": [0, -0.04, -0.29],
						"0.1667": [0, -0.1, -0.37],
						"0.2": [0, -0.1, -0.27],
						"0.2333": [0, -0.08, -0.08],
						"0.2667": [0, -0.06, 0.05],
						"0.3": [0, -0.04, 0.07],
						"0.3333": [0, -0.02, 0.03],
						"0.3667": [0, 0, 0]
					}
				},
				"pull": {
					"position": {
						"0.0": [0, 0, 0],
						"0.0333": [0, 0, 0.25],
						"0.0667": [0, 0, 0],
						"0.1": [0, 0, 0.15],
						"0.1333": [0, 0, 0]
					}
				},
				"bolt": {
					"position": {
						"0.0": [0, 0, 0],
						"0.0333": [0, 0, -3],
						"0.0667": [0, 0, 0]
					}
				},
				"camera": {
					"rotation": {
						"0.0": [0, 0, 0],
						"0.0333": [0, 0, 0.625],
						"0.0667": [0, 0, -0.37],
						"0.1": [0, 0, 0.4],
						"0.1333": [0, 0, -0.12],
						"0.1667": [0, 0, 0.185],
						"0.2": [0, 0, 0]
					},
					"scale": 1
				}
			}
		}
	}
}