{
  "materials": [
    {
      "item": {
        "tag": "forge:ingots/iron"
      },
      "count": 24
    },
    {
      "item": {
        "tag": "forge:gems/amethyst"
      },
      "count": 10
    },
    {
      "item": {
        "tag": "forge:dusts/glowstone"
      },
      "count": 10
    },
    {
      "item": {
        "tag": "forge:dusts/redstone"
      },
      "count": 8
    }
  ],
  "result": {
    "type": "attachment",
    "id": "cake:scope_ntw20"
  }
}