{
	"format_version": "1.8.0",
	"animations": {
		"static_idle": {
			"loop": true,
			"animation_length": 0.1,
			"bones": {
				"righthand": {
					"rotation": [64.43855, -27.51235, 12.45891],
					"position": [-6, -10.5, 1]
				},
				"lefthand": {
					"rotation": [121.01004, -26.32776, -194.92735],
					"position": [7, -9, -8]
				},
				"bolt": {
					"position": [4, 0, 0]
				},
				"root": {
					"rotation": [0, 0, 0],
					"position": [0, 0, 0]
				},
				"constraint": {
					"rotation": [0.5, 0.5, 0.5],
					"position": [0.4, 0.4, 0.4]
				}
			}
		},
		"reload_tactical": {
			"loop": "hold_on_last_frame",
			"animation_length": 5.4,
			"bones": {
				"0": {
					"scale": {
						"1.3667": {
							"pre": [1, 1, 1],
							"post": [0, 0, 0]
						},
						"3.3667": {
							"pre": [0, 0, 0],
							"post": [1, 1, 1]
						}
					}
				},
				"1": {
					"scale": {
						"1.3667": {
							"pre": [1, 1, 1],
							"post": [0, 0, 0]
						},
						"3.3667": {
							"pre": [0, 0, 0],
							"post": [1, 1, 1]
						}
					}
				},
				"2": {
					"scale": {
						"1.3667": {
							"pre": [1, 1, 1],
							"post": [0, 0, 0]
						},
						"3.3667": {
							"pre": [0, 0, 0],
							"post": [1, 1, 1]
						}
					}
				},
				"3": {
					"scale": {
						"1.3667": {
							"pre": [1, 1, 1],
							"post": [0, 0, 0]
						},
						"3.3667": {
							"pre": [0, 0, 0],
							"post": [1, 1, 1]
						}
					}
				},
				"8": {
					"scale": {
						"1.3667": {
							"pre": [1, 1, 1],
							"post": [0, 0, 0]
						},
						"3.3667": {
							"pre": [0, 0, 0],
							"post": [1, 1, 1]
						}
					}
				},
				"9": {
					"scale": {
						"1.3667": {
							"pre": [1, 1, 1],
							"post": [0, 0, 0]
						},
						"3.3667": {
							"pre": [0, 0, 0],
							"post": [1, 1, 1]
						}
					}
				},
				"10": {
					"scale": {
						"1.3667": {
							"pre": [1, 1, 1],
							"post": [0, 0, 0]
						},
						"3.3667": {
							"pre": [0, 0, 0],
							"post": [1, 1, 1]
						}
					}
				},
				"11": {
					"scale": {
						"1.3667": {
							"pre": [1, 1, 1],
							"post": [0, 0, 0]
						},
						"3.3667": {
							"pre": [0, 0, 0],
							"post": [1, 1, 1]
						}
					}
				},
				"16": {
					"scale": {
						"1.3667": {
							"pre": [1, 1, 1],
							"post": [0, 0, 0]
						}
					}
				},
				"17": {
					"scale": {
						"1.3667": {
							"pre": [1, 1, 1],
							"post": [0, 0, 0]
						}
					}
				},
				"18": {
					"scale": {
						"1.3667": {
							"pre": [1, 1, 1],
							"post": [0, 0, 0]
						}
					}
				},
				"19": {
					"scale": {
						"1.3667": {
							"pre": [1, 1, 1],
							"post": [0, 0, 0]
						}
					}
				},
				"24": {
					"scale": {
						"1.3667": {
							"pre": [1, 1, 1],
							"post": [0, 0, 0]
						},
						"3.3667": {
							"pre": [0, 0, 0],
							"post": [1, 1, 1]
						}
					}
				},
				"25": {
					"scale": {
						"1.3667": {
							"pre": [1, 1, 1],
							"post": [0, 0, 0]
						},
						"3.3667": {
							"pre": [0, 0, 0],
							"post": [1, 1, 1]
						}
					}
				},
				"26": {
					"scale": {
						"1.3667": {
							"pre": [1, 1, 1],
							"post": [0, 0, 0]
						},
						"3.3667": {
							"pre": [0, 0, 0],
							"post": [1, 1, 1]
						}
					}
				},
				"27": {
					"scale": {
						"1.3667": {
							"pre": [1, 1, 1],
							"post": [0, 0, 0]
						},
						"3.3667": {
							"pre": [0, 0, 0],
							"post": [1, 1, 1]
						}
					}
				},
				"40": {
					"scale": {
						"1.3667": {
							"pre": [1, 1, 1],
							"post": [0, 0, 0]
						},
						"3.3667": {
							"pre": [0, 0, 0],
							"post": [1, 1, 1]
						}
					}
				},
				"41": {
					"scale": {
						"1.3667": {
							"pre": [1, 1, 1],
							"post": [0, 0, 0]
						},
						"3.3667": {
							"pre": [0, 0, 0],
							"post": [1, 1, 1]
						}
					}
				},
				"42": {
					"scale": {
						"1.3667": {
							"pre": [1, 1, 1],
							"post": [0, 0, 0]
						},
						"3.3667": {
							"pre": [0, 0, 0],
							"post": [1, 1, 1]
						}
					}
				},
				"43": {
					"scale": {
						"1.3667": {
							"pre": [1, 1, 1],
							"post": [0, 0, 0]
						},
						"3.3667": {
							"pre": [0, 0, 0],
							"post": [1, 1, 1]
						}
					}
				},
				"righthand": {
					"rotation": [64.43855, -27.51235, 12.45891],
					"position": [-6, -10.5, 1]
				},
				"lefthand": {
					"rotation": {
						"0.0": [121.01004, -26.32776, -194.92735],
						"0.1667": [121.01, -26.33, -194.93],
						"0.7667": {
							"pre": [129.75386, 2.33707, -234.15962],
							"post": [129.75386, 2.33707, -234.15962],
							"lerp_mode": "catmullrom"
						},
						"0.9333": {
							"post": [124.99257, 6.1754, -230.9459],
							"lerp_mode": "catmullrom"
						},
						"1.0": {
							"post": [132.90913, 10.26197, -228.03438],
							"lerp_mode": "catmullrom"
						},
						"1.1667": {
							"post": [130.40913, 10.26197, -228.03438],
							"lerp_mode": "catmullrom"
						},
						"1.3333": {
							"post": [115.76998, 47.82351, -315.40093],
							"lerp_mode": "catmullrom"
						},
						"1.4667": {
							"post": [113.25288, 45.31001, -305.11195],
							"lerp_mode": "catmullrom"
						},
						"1.6667": [120.19815, 14.31535, -266.3189],
						"1.7667": [121.93954, 22.88761, -260.87864],
						"3.4333": {
							"pre": [115.76998, 47.82351, -315.40093],
							"post": [115.76998, 47.82351, -315.40093],
							"lerp_mode": "catmullrom"
						},
						"3.5667": {
							"post": [130.40913, 10.26197, -228.03438],
							"lerp_mode": "catmullrom"
						},
						"3.7667": {
							"post": [132.90913, 10.26197, -228.03438],
							"lerp_mode": "catmullrom"
						},
						"3.8": {
							"post": [124.99257, 6.1754, -230.9459],
							"lerp_mode": "catmullrom"
						},
						"3.9667": {
							"post": [129.75386, 2.33707, -234.15962],
							"lerp_mode": "catmullrom"
						},
						"4.6333": [121.01, -26.33, -194.93],
						"4.7667": [121.01004, -26.32776, -194.92735]
					},
					"position": {
						"0.0": [7, -9, -8],
						"0.1667": [7, -9, -8],
						"0.5667": {
							"pre": [9, -5, -8],
							"post": [9, -5, -8],
							"lerp_mode": "catmullrom"
						},
						"0.7667": {
							"post": [7, -4, -4],
							"lerp_mode": "catmullrom"
						},
						"0.9333": {
							"post": [7, 1, -6],
							"lerp_mode": "catmullrom"
						},
						"1.0": {
							"post": [8, 3, -9],
							"lerp_mode": "catmullrom"
						},
						"1.1667": {
							"post": [7, 3, -16],
							"lerp_mode": "catmullrom"
						},
						"1.3333": {
							"post": [8, -4, -10],
							"lerp_mode": "catmullrom"
						},
						"1.3667": {
							"post": [9, -4, -10],
							"lerp_mode": "catmullrom"
						},
						"1.4667": {
							"post": [10, -5, -10],
							"lerp_mode": "catmullrom"
						},
						"1.6667": {
							"post": [11, -7.5, -10],
							"lerp_mode": "catmullrom"
						},
						"3.0": {
							"post": [11, -7.5, -10],
							"lerp_mode": "catmullrom"
						},
						"3.4333": {
							"post": [8, -4, -10],
							"lerp_mode": "catmullrom"
						},
						"3.5667": {
							"post": [7, 3, -16],
							"lerp_mode": "catmullrom"
						},
						"3.7667": {
							"post": [8, 3, -9],
							"lerp_mode": "catmullrom"
						},
						"3.8": {
							"post": [7, 1, -6],
							"lerp_mode": "catmullrom"
						},
						"3.9667": {
							"post": [7, -4, -4],
							"lerp_mode": "catmullrom"
						},
						"4.1667": {
							"post": [9, -5, -8],
							"lerp_mode": "catmullrom"
						},
						"4.6333": [7, -9, -8],
						"4.7667": [7, -9, -8]
					}
				},
				"root": {
					"rotation": {
						"0.0": {
							"post": [0, 0, 0],
							"lerp_mode": "catmullrom"
						},
						"0.7333": {
							"post": [-29.88733, 1.29876, 9.91615],
							"lerp_mode": "catmullrom"
						},
						"1.3333": {
							"post": [-29.88733, 1.29876, 9.91615],
							"lerp_mode": "catmullrom"
						},
						"1.3667": {
							"post": [-29.76378, 2.58842, 12.14744],
							"lerp_mode": "catmullrom"
						},
						"1.4667": {
							"post": [-29.60009, 3.61332, 13.9229],
							"lerp_mode": "catmullrom"
						},
						"1.6667": {
							"post": [-29.88733, 1.29876, 9.91615],
							"lerp_mode": "catmullrom"
						},
						"1.7667": {
							"post": [-29.4791, -0.7082, 7.32791],
							"lerp_mode": "catmullrom"
						},
						"1.9333": {
							"post": [-31.81764, -3.26975, 3.21716],
							"lerp_mode": "catmullrom"
						},
						"2.5667": {
							"post": [-36.81764, -3.26975, 3.21716],
							"lerp_mode": "catmullrom"
						},
						"3.0": {
							"post": [-31.51, -2.2, 4.89],
							"lerp_mode": "catmullrom"
						},
						"3.9": {
							"post": [-31.2, -2.4, 4.6],
							"lerp_mode": "catmullrom"
						},
						"3.9667": {
							"post": [-36.20334, -2.41104, 4.5842],
							"lerp_mode": "catmullrom"
						},
						"4.2333": {
							"post": [-31.2, -2.4, 4.6],
							"lerp_mode": "catmullrom"
						},
						"4.6333": {
							"post": [-31.51, -2.2, 4.89],
							"lerp_mode": "catmullrom"
						},
						"4.8333": {
							"post": [-39.88733, 1.29876, 9.91615],
							"lerp_mode": "catmullrom"
						},
						"5.4": {
							"post": [0, 0, 0],
							"lerp_mode": "catmullrom"
						}
					},
					"position": {
						"0.0": {
							"post": [0, 0, 0],
							"lerp_mode": "catmullrom"
						},
						"0.1667": {
							"post": [0, 1, -1],
							"lerp_mode": "catmullrom"
						},
						"0.7333": {
							"post": [0, -2, 4],
							"lerp_mode": "catmullrom"
						},
						"1.3333": {
							"post": [0, -2, 4],
							"lerp_mode": "catmullrom"
						},
						"1.6667": {
							"post": [0, -1.5, 3.75],
							"lerp_mode": "catmullrom"
						},
						"1.7667": {
							"post": [0, -1.26, 3.76],
							"lerp_mode": "catmullrom"
						},
						"2.5667": [0, -2.74, 4.93],
						"3.0": [0, -2, 4],
						"3.0667": [0, -2.25, 3.9],
						"3.1667": [0, -2, 4],
						"3.9": {
							"pre": [0, -2, 4],
							"post": [0, -2, 4],
							"lerp_mode": "catmullrom"
						},
						"3.9667": {
							"post": [0, -3, 4],
							"lerp_mode": "catmullrom"
						},
						"4.2333": {
							"post": [0, -2, 4],
							"lerp_mode": "catmullrom"
						},
						"4.6333": [0, -2, 4],
						"4.8333": {
							"pre": [0, -2.5, 4.25],
							"post": [0, -2.5, 4.25],
							"lerp_mode": "catmullrom"
						},
						"5.2667": {
							"post": [0, 1, -1],
							"lerp_mode": "catmullrom"
						},
						"5.4": {
							"post": [0, 0, 0],
							"lerp_mode": "catmullrom"
						}
					}
				},
				"belthousing": {
					"rotation": {
						"1.6667": [0, 0, 0],
						"1.7": [0, 0, -7.5],
						"1.7667": [0, 0, -12.5],
						"1.8667": [0, 0, 0],
						"1.9333": [0, 0, -2.5],
						"1.9667": [0, 0, 0]
					}
				},
				"mag_and_lefthand": {
					"rotation": {
						"1.7667": [0, 0, 0],
						"1.9333": {
							"pre": [0, 0, 5],
							"post": [0, 0, 5],
							"lerp_mode": "catmullrom"
						},
						"2.0667": {
							"post": [17.5, 0, -12.5],
							"lerp_mode": "catmullrom"
						},
						"2.3333": {
							"post": [17.43745, 1.50179, -17.26968],
							"lerp_mode": "catmullrom"
						},
						"2.5": {
							"post": [29.68246, 52.77553, 6.67018],
							"lerp_mode": "catmullrom"
						},
						"2.6333": {
							"post": [19.34457, 25.26534, -9.21953],
							"lerp_mode": "catmullrom"
						},
						"2.8": {
							"post": [17.47275, 3.88671, -16.51901],
							"lerp_mode": "catmullrom"
						},
						"2.9": [0, 0, 0]
					},
					"position": {
						"1.6667": [0, 0, 0],
						"1.7667": [0, 3, 0],
						"1.9333": {
							"pre": [0.25, 4, 0],
							"post": [0.25, 4, 0],
							"lerp_mode": "catmullrom"
						},
						"2.0667": {
							"post": [3.25, -1, 0],
							"lerp_mode": "catmullrom"
						},
						"2.2333": {
							"post": [7.25, -8, 0],
							"lerp_mode": "catmullrom"
						},
						"2.3333": {
							"post": [10.25, -14, 0],
							"lerp_mode": "catmullrom"
						},
						"2.5": {
							"post": [8.25, -14, 13],
							"lerp_mode": "catmullrom"
						},
						"2.6333": {
							"post": [5.25, -7, 3],
							"lerp_mode": "catmullrom"
						},
						"2.8": {
							"post": [3.25, 4, 2],
							"lerp_mode": "catmullrom"
						},
						"2.9": [0, 3, 0],
						"3.0": [0, 0, 0]
					}
				},
				"ammobeltcover": {
					"rotation": {
						"0.7667": {
							"pre": [0, 0, 0],
							"post": [0, 0, 0],
							"lerp_mode": "catmullrom"
						},
						"1.1667": [112.5, 0, 0],
						"3.5667": [112.5, 0, 0],
						"3.9667": {
							"pre": [0, 0, 0],
							"post": [0, 0, 0],
							"lerp_mode": "catmullrom"
						}
					}
				},
				"bulletchain": {
					"rotation": {
						"1.3333": {
							"pre": [0, 0, 0],
							"post": [0, 0, 0],
							"lerp_mode": "catmullrom"
						},
						"1.3667": {
							"post": [22.5, 0, 0],
							"lerp_mode": "catmullrom"
						},
						"1.4667": {
							"post": [70, 0, 0],
							"lerp_mode": "catmullrom"
						},
						"1.5667": {
							"post": [85, 0, 0],
							"lerp_mode": "catmullrom"
						},
						"2.4333": {
							"post": [85, 0, 0],
							"lerp_mode": "catmullrom"
						},
						"2.5667": {
							"post": [17.57, 0, 0],
							"lerp_mode": "catmullrom"
						},
						"2.6333": {
							"post": [65.91, 0, 0],
							"lerp_mode": "catmullrom"
						},
						"3.0": [65.91, 0, 0],
						"3.1667": {
							"pre": [65.91, 0, 0],
							"post": [65.91, 0, 0],
							"lerp_mode": "catmullrom"
						},
						"3.3667": {
							"post": [0, 0, 0],
							"lerp_mode": "catmullrom"
						}
					},
					"position": {
						"1.3333": {
							"pre": [0, 0, 0],
							"post": [0, 0, 0],
							"lerp_mode": "catmullrom"
						},
						"1.3667": {
							"post": [0, 0, -1],
							"lerp_mode": "catmullrom"
						},
						"1.4667": {
							"post": [0, 0, -2],
							"lerp_mode": "catmullrom"
						},
						"1.5667": {
							"post": [0, -1, -2.75],
							"lerp_mode": "catmullrom"
						},
						"1.6667": {
							"post": [0, -2, -2.75],
							"lerp_mode": "catmullrom"
						},
						"2.4333": {
							"post": [0, -2, -2.75],
							"lerp_mode": "catmullrom"
						},
						"2.5667": {
							"post": [0, -0.39, -0.88],
							"lerp_mode": "catmullrom"
						},
						"2.6333": {
							"post": [0, 0, -1.78],
							"lerp_mode": "catmullrom"
						},
						"3.0": [0, 0, -1.78],
						"3.1667": {
							"pre": [0, 0, -1.78],
							"post": [0, 0, -1.78],
							"lerp_mode": "catmullrom"
						},
						"3.3667": {
							"post": [0, 0, 0],
							"lerp_mode": "catmullrom"
						}
					}
				},
				"extbelt": {
					"scale": {
						"1.3667": {
							"pre": [1, 1, 1],
							"post": [0, 0, 0]
						},
						"3.3667": {
							"pre": [0, 0, 0],
							"post": [1, 1, 1]
						}
					}
				},
				"additional_magazine": {
					"scale": {
						"2.4333": {
							"pre": [1, 1, 1],
							"post": [0, 0, 0]
						}
					}
				},
				"bolt": {
					"position": [4, 0, 0]
				},
				"camera": {
					"rotation": {
						"0.0": {
							"post": [0, 0, 0],
							"lerp_mode": "catmullrom"
						},
						"1.3667": {
							"post": [0, 0, 0],
							"lerp_mode": "catmullrom"
						},
						"1.6333": {
							"post": [0.5, 0, 0],
							"lerp_mode": "catmullrom"
						},
						"2.2": {
							"post": [-0.5, 0, 0],
							"lerp_mode": "catmullrom"
						},
						"3.1667": {
							"post": [0, 0, 0],
							"lerp_mode": "catmullrom"
						},
						"3.4333": {
							"post": [0.5, 0, 0],
							"lerp_mode": "catmullrom"
						},
						"3.6333": {
							"post": [0.22, 0, 0],
							"lerp_mode": "catmullrom"
						},
						"3.8": {
							"post": [-0.27, 0, 0],
							"lerp_mode": "catmullrom"
						},
						"4.0": {
							"post": [1, 0, 0],
							"lerp_mode": "catmullrom"
						},
						"4.3": {
							"post": [0, 0, 0],
							"lerp_mode": "catmullrom"
						},
						"5.4": {
							"post": [0, 0, 0],
							"lerp_mode": "catmullrom"
						}
					},
					"position": {
						"0.0": {
							"post": [0, 0, 0],
							"lerp_mode": "catmullrom"
						},
						"0.3667": {
							"post": [0, 0, 4],
							"lerp_mode": "catmullrom"
						},
						"0.5": [0, 0, 4],
						"4.4667": [0, 0, 4],
						"4.7333": {
							"pre": [0, 0, 4],
							"post": [0, 0, 4],
							"lerp_mode": "catmullrom"
						},
						"5.1667": {
							"post": [0, 0, 0],
							"lerp_mode": "catmullrom"
						}
					}
				},
				"bulletchain5": {
					"rotation": {
						"1.3333": {
							"pre": [0, 0, 0],
							"post": [0, 0, 0],
							"lerp_mode": "catmullrom"
						},
						"1.3667": {
							"post": [22.5, 0, 0],
							"lerp_mode": "catmullrom"
						},
						"1.4667": {
							"post": [70, 0, 0],
							"lerp_mode": "catmullrom"
						},
						"1.5667": {
							"post": [85, 0, 0],
							"lerp_mode": "catmullrom"
						},
						"2.4333": {
							"post": [85, 0, 0],
							"lerp_mode": "catmullrom"
						},
						"2.5667": {
							"post": [17.57, 0, 0],
							"lerp_mode": "catmullrom"
						},
						"2.6333": {
							"post": [65.91, 0, 0],
							"lerp_mode": "catmullrom"
						},
						"3.0": [65.91, 0, 0],
						"3.1667": {
							"pre": [65.91, 0, 0],
							"post": [65.91, 0, 0],
							"lerp_mode": "catmullrom"
						},
						"3.3667": {
							"post": [0, 0, 0],
							"lerp_mode": "catmullrom"
						}
					},
					"position": {
						"1.3333": {
							"pre": [0, 0, 0],
							"post": [0, 0, 0],
							"lerp_mode": "catmullrom"
						},
						"1.3667": {
							"post": [0, 0, -1],
							"lerp_mode": "catmullrom"
						},
						"1.4667": {
							"post": [0, 0, -2],
							"lerp_mode": "catmullrom"
						},
						"1.5667": {
							"post": [0, -1, -2.75],
							"lerp_mode": "catmullrom"
						},
						"1.6667": {
							"post": [0, -2, -2.75],
							"lerp_mode": "catmullrom"
						},
						"2.4333": {
							"post": [0, -2, -2.75],
							"lerp_mode": "catmullrom"
						},
						"2.5667": {
							"post": [0, -0.39, -0.88],
							"lerp_mode": "catmullrom"
						},
						"2.6333": {
							"post": [0, 0, -1.78],
							"lerp_mode": "catmullrom"
						},
						"3.0": [0, 0, -1.78],
						"3.1667": {
							"pre": [0, 0, -1.78],
							"post": [0, 0, -1.78],
							"lerp_mode": "catmullrom"
						},
						"3.3667": {
							"post": [0, 0, 0],
							"lerp_mode": "catmullrom"
						}
					}
				},
				"bulletchain3": {
					"rotation": {
						"1.3333": {
							"pre": [0, 0, 0],
							"post": [0, 0, 0],
							"lerp_mode": "catmullrom"
						},
						"1.3667": {
							"post": [22.5, 0, 0],
							"lerp_mode": "catmullrom"
						},
						"1.4667": {
							"post": [70, 0, 0],
							"lerp_mode": "catmullrom"
						},
						"1.5667": {
							"post": [85, 0, 0],
							"lerp_mode": "catmullrom"
						},
						"2.4333": {
							"post": [85, 0, 0],
							"lerp_mode": "catmullrom"
						},
						"2.5667": {
							"post": [17.57, 0, 0],
							"lerp_mode": "catmullrom"
						},
						"2.6333": {
							"post": [65.91, 0, 0],
							"lerp_mode": "catmullrom"
						},
						"3.0": [65.91, 0, 0],
						"3.1667": {
							"pre": [65.91, 0, 0],
							"post": [65.91, 0, 0],
							"lerp_mode": "catmullrom"
						},
						"3.3667": {
							"post": [0, 0, 0],
							"lerp_mode": "catmullrom"
						}
					},
					"position": {
						"1.3333": {
							"pre": [0, 0, 0],
							"post": [0, 0, 0],
							"lerp_mode": "catmullrom"
						},
						"1.3667": {
							"post": [0, 0, -1],
							"lerp_mode": "catmullrom"
						},
						"1.4667": {
							"post": [0, 0, -2],
							"lerp_mode": "catmullrom"
						},
						"1.5667": {
							"post": [0, -1, -2.75],
							"lerp_mode": "catmullrom"
						},
						"1.6667": {
							"post": [0, -2, -2.75],
							"lerp_mode": "catmullrom"
						},
						"2.4333": {
							"post": [0, -2, -2.75],
							"lerp_mode": "catmullrom"
						},
						"2.5667": {
							"post": [0, -0.39, -0.88],
							"lerp_mode": "catmullrom"
						},
						"2.6333": {
							"post": [0, 0, -1.78],
							"lerp_mode": "catmullrom"
						},
						"3.0": [0, 0, -1.78],
						"3.1667": {
							"pre": [0, 0, -1.78],
							"post": [0, 0, -1.78],
							"lerp_mode": "catmullrom"
						},
						"3.3667": {
							"post": [0, 0, 0],
							"lerp_mode": "catmullrom"
						}
					}
				},
				"extbelt3": {
					"scale": {
						"1.3667": {
							"pre": [1, 1, 1],
							"post": [0, 0, 0]
						},
						"3.3667": {
							"pre": [0, 0, 0],
							"post": [1, 1, 1]
						}
					}
				},
				"bulletchain4": {
					"rotation": {
						"1.3333": {
							"pre": [0, 0, 0],
							"post": [0, 0, 0],
							"lerp_mode": "catmullrom"
						},
						"1.3667": {
							"post": [22.5, 0, 0],
							"lerp_mode": "catmullrom"
						},
						"1.4667": {
							"post": [70, 0, 0],
							"lerp_mode": "catmullrom"
						},
						"1.5667": {
							"post": [85, 0, 0],
							"lerp_mode": "catmullrom"
						},
						"2.4333": {
							"post": [85, 0, 0],
							"lerp_mode": "catmullrom"
						},
						"2.5667": {
							"post": [17.57, 0, 0],
							"lerp_mode": "catmullrom"
						},
						"2.6333": {
							"post": [65.91, 0, 0],
							"lerp_mode": "catmullrom"
						},
						"3.0": [65.91, 0, 0],
						"3.1667": {
							"pre": [65.91, 0, 0],
							"post": [65.91, 0, 0],
							"lerp_mode": "catmullrom"
						},
						"3.3667": {
							"post": [0, 0, 0],
							"lerp_mode": "catmullrom"
						}
					},
					"position": {
						"1.3333": {
							"pre": [0, 0, 0],
							"post": [0, 0, 0],
							"lerp_mode": "catmullrom"
						},
						"1.3667": {
							"post": [0, 0, -1],
							"lerp_mode": "catmullrom"
						},
						"1.4667": {
							"post": [0, 0, -2],
							"lerp_mode": "catmullrom"
						},
						"1.5667": {
							"post": [0, -1, -2.75],
							"lerp_mode": "catmullrom"
						},
						"1.6667": {
							"post": [0, -2, -2.75],
							"lerp_mode": "catmullrom"
						},
						"2.4333": {
							"post": [0, -2, -2.75],
							"lerp_mode": "catmullrom"
						},
						"2.5667": {
							"post": [0, -0.39, -0.88],
							"lerp_mode": "catmullrom"
						},
						"2.6333": {
							"post": [0, 0, -1.78],
							"lerp_mode": "catmullrom"
						},
						"3.0": [0, 0, -1.78],
						"3.1667": {
							"pre": [0, 0, -1.78],
							"post": [0, 0, -1.78],
							"lerp_mode": "catmullrom"
						},
						"3.3667": {
							"post": [0, 0, 0],
							"lerp_mode": "catmullrom"
						}
					}
				},
				"extbelt4": {
					"scale": {
						"1.3667": {
							"pre": [1, 1, 1],
							"post": [0, 0, 0]
						},
						"3.3667": {
							"pre": [0, 0, 0],
							"post": [1, 1, 1]
						}
					}
				},
				"extbelt5": {
					"scale": {
						"1.3667": {
							"pre": [1, 1, 1],
							"post": [0, 0, 0]
						},
						"3.3667": {
							"pre": [0, 0, 0],
							"post": [1, 1, 1]
						}
					}
				},
				"bulletchain2": {
					"rotation": {
						"1.3333": {
							"pre": [0, 0, 0],
							"post": [0, 0, 0],
							"lerp_mode": "catmullrom"
						},
						"1.3667": {
							"post": [22.5, 0, 0],
							"lerp_mode": "catmullrom"
						},
						"1.4667": {
							"post": [70, 0, 0],
							"lerp_mode": "catmullrom"
						},
						"1.5667": {
							"post": [85, 0, 0],
							"lerp_mode": "catmullrom"
						}
					},
					"position": {
						"1.3333": {
							"pre": [0, 0, 0],
							"post": [0, 0, 0],
							"lerp_mode": "catmullrom"
						},
						"1.3667": {
							"post": [0, 0, -1],
							"lerp_mode": "catmullrom"
						},
						"1.4667": {
							"post": [0, 0, -2],
							"lerp_mode": "catmullrom"
						},
						"1.5667": {
							"post": [0, -1, -2.75],
							"lerp_mode": "catmullrom"
						},
						"1.6667": {
							"post": [0, -2, -2.75],
							"lerp_mode": "catmullrom"
						}
					}
				},
				"extbelt2": {
					"scale": {
						"1.3667": {
							"pre": [1, 1, 1],
							"post": [0, 0, 0]
						}
					}
				}
			}
		},
		"draw": {
			"loop": "hold_on_last_frame",
			"animation_length": 1.2,
			"bones": {
				"righthand": {
					"rotation": [64.43855, -27.51235, 12.45891],
					"position": [-6, -10.5, 1]
				},
				"lefthand": {
					"rotation": {
						"0.0": [130.57936, -7.05445, -269.47575],
						"0.7": [138.24374, 18.473, -261.79649],
						"0.9667": [143.43883, 11.34799, -208.46951],
						"1.2": [121.01004, -26.32776, -194.92735]
					},
					"position": {
						"0.0": [4, -1, -13.5],
						"0.7": [4, -1, -13.5],
						"0.9667": [11.5, -5, -6.75],
						"1.2": [7, -9, -8]
					}
				},
				"bolt": {
					"position": [4, 0, 0]
				},
				"root": {
					"rotation": {
						"0.0": {
							"post": [77.88262, 30.74697, -6.58436],
							"lerp_mode": "catmullrom"
						},
						"0.4333": {
							"post": [11.39187, 15.4447, -26.26868],
							"lerp_mode": "catmullrom"
						},
						"0.6667": {
							"post": [-14.08, 5.53, -8.7],
							"lerp_mode": "catmullrom"
						},
						"0.8667": {
							"post": [-12.5, 0, 0],
							"lerp_mode": "catmullrom"
						},
						"1.0333": {
							"post": [-3.65444, -2.84492, 0.6993],
							"lerp_mode": "catmullrom"
						},
						"1.2": {
							"post": [0, 0, 0],
							"lerp_mode": "catmullrom"
						}
					},
					"position": {
						"0.0": {
							"post": [0.82, -0.58, 16.525],
							"lerp_mode": "catmullrom"
						},
						"0.4333": {
							"post": [0.82, 0.42, 3.53],
							"lerp_mode": "catmullrom"
						},
						"0.6667": {
							"post": [0.41, 1.15, 0.95],
							"lerp_mode": "catmullrom"
						},
						"0.8667": {
							"post": [0, -2, 0],
							"lerp_mode": "catmullrom"
						},
						"1.0333": {
							"post": [-0.03, -1.7, -0.06],
							"lerp_mode": "catmullrom"
						},
						"1.2": {
							"post": [0, 0, 0],
							"lerp_mode": "catmullrom"
						}
					}
				},
				"camera": {
					"rotation": {
						"0.0": [2.5, 2.5, 0],
						"0.5333": [1, 0, 0],
						"0.8667": [0, -2.5, 0],
						"1.2": [0, 0, 0]
					}
				}
			}
		},
		"shoot": {
			"animation_length": 0.6667,
			"bones": {
				"root": {
					"rotation": {
						"0.0": {
							"post": [0, 0, 0],
							"lerp_mode": "catmullrom"
						},
						"0.0333": {
							"post": [0.203, -0.00709, 0.42499],
							"lerp_mode": "catmullrom"
						},
						"0.0667": {
							"post": [-1.03676, -0.22272, -1.1938],
							"lerp_mode": "catmullrom"
						},
						"0.1": {
							"post": [-0.49333, 0.0345, -0.46515],
							"lerp_mode": "catmullrom"
						},
						"0.2": {
							"post": [0.26625, 0.0093, 0.5883],
							"lerp_mode": "catmullrom"
						},
						"0.2333": {
							"post": [0.05, 0.15, -0.175],
							"lerp_mode": "catmullrom"
						},
						"0.3": {
							"post": [-0.175, 0.13, -0.265],
							"lerp_mode": "catmullrom"
						},
						"0.3667": {
							"post": [0, -0.075, 0.35],
							"lerp_mode": "catmullrom"
						},
						"0.4333": {
							"post": [0.05, -0.075, 0.24],
							"lerp_mode": "catmullrom"
						},
						"0.5": {
							"post": [0.15, -0.05, -0.3],
							"lerp_mode": "catmullrom"
						},
						"0.5667": {
							"post": [0.03, 0, -0.065],
							"lerp_mode": "catmullrom"
						},
						"0.6667": {
							"post": [0, 0, 0],
							"lerp_mode": "catmullrom"
						}
					},
					"position": {
						"0.0": {
							"post": [0, 0, 0],
							"lerp_mode": "catmullrom"
						},
						"0.0333": {
							"post": [0, -0.16875, 1.42734],
							"lerp_mode": "catmullrom"
						},
						"0.0667": {
							"post": [0, -0.015, 1.14],
							"lerp_mode": "catmullrom"
						},
						"0.1667": {
							"post": [0, -0.00156, -0.09609],
							"lerp_mode": "catmullrom"
						},
						"0.2333": {
							"post": [0, -0.075, 0.05703],
							"lerp_mode": "catmullrom"
						},
						"0.3333": {
							"post": [0, 0.005, 0.04],
							"lerp_mode": "catmullrom"
						},
						"0.3667": {
							"post": [0, 0.05, 0],
							"lerp_mode": "catmullrom"
						},
						"0.4667": {
							"post": [0, 0.03, 0],
							"lerp_mode": "catmullrom"
						},
						"0.5333": {
							"post": [0, 0, 0],
							"lerp_mode": "catmullrom"
						},
						"0.6333": {
							"post": [0, 0, 0],
							"lerp_mode": "catmullrom"
						}
					}
				},
				"bulletchain": {
					"rotation": {
						"0.0": [0, 0, 0],
						"0.0667": {
							"pre": [-10, 0, 0],
							"post": [0, 0, 0]
						}
					},
					"position": {
						"0.0": [0, 0, 0],
						"0.0667": {
							"pre": [0, 0.15, 0.7],
							"post": [0, 0, 0]
						}
					}
				},
				"bulletchain3": {
					"rotation": {
						"0.0": [0, 0, 0],
						"0.0667": {
							"pre": [-10, 0, 0],
							"post": [0, 0, 0]
						}
					},
					"position": {
						"0.0": [0, 0, 0],
						"0.0667": {
							"pre": [0, 0.15, 0.7],
							"post": [0, 0, 0]
						}
					}
				},
				"bulletchain4": {
					"rotation": {
						"0.0": [0, 0, 0],
						"0.0667": {
							"pre": [-10, 0, 0],
							"post": [0, 0, 0]
						}
					},
					"position": {
						"0.0": [0, 0, 0],
						"0.0667": {
							"pre": [0, 0.15, 0.7],
							"post": [0, 0, 0]
						}
					}
				},
				"bulletchain5": {
					"rotation": {
						"0.0": [0, 0, 0],
						"0.0667": {
							"pre": [-10, 0, 0],
							"post": [0, 0, 0]
						}
					},
					"position": {
						"0.0": [0, 0, 0],
						"0.0667": {
							"pre": [0, 0.15, 0.7],
							"post": [0, 0, 0]
						}
					}
				},
				"bolt": {
					"position": {
						"0.0": [0, 0, 0],
						"0.0667": [4, 0, 0],
						"0.1333": [0, 0, 0]
					}
				},
				"camera": {
					"rotation": {
						"0.0": {
							"post": [0, 0, 0],
							"lerp_mode": "catmullrom"
						},
						"0.0333": {
							"post": [0, 0, 0.6],
							"lerp_mode": "catmullrom"
						},
						"0.0667": {
							"post": [0, 0, -0.4],
							"lerp_mode": "catmullrom"
						},
						"0.1333": {
							"post": [0, 0, 0.325],
							"lerp_mode": "catmullrom"
						},
						"0.2": {
							"post": [0, 0, -0.225],
							"lerp_mode": "catmullrom"
						},
						"0.2667": {
							"post": [0, 0, 0],
							"lerp_mode": "catmullrom"
						},
						"0.3667": {
							"post": [0, 0, 0],
							"lerp_mode": "catmullrom"
						}
					}
				},
				"barrelgroup": {
					"position": {
						"0.0": {
							"post": [0, 0, 0],
							"lerp_mode": "catmullrom"
						},
						"0.0667": {
							"post": [0, 0, 1],
							"lerp_mode": "catmullrom"
						},
						"0.1333": {
							"post": [0, 0, 1],
							"lerp_mode": "catmullrom"
						},
						"0.1667": {
							"post": [0, 0, 0],
							"lerp_mode": "catmullrom"
						}
					}
				},
				"iron_view": {
					"position": [0, 0, 0]
				},
				"constraint": {
					"rotation": {
						"0.1667": [0.03, 0.05, 0.05],
						"0.3667": [0, 0, 0]
					},
					"position": {
						"0.1667": [0.15, 0.15, 0.1],
						"0.3667": [0, 0, 0]
					}
				}
			}
		},
		"reload_empty": {
			"loop": "hold_on_last_frame",
			"animation_length": 7,
			"bones": {
				"0": {
					"scale": {
						"4.3667": {
							"pre": [0, 0, 0],
							"post": [1, 1, 1]
						}
					}
				},
				"1": {
					"scale": {
						"4.3667": {
							"pre": [0, 0, 0],
							"post": [1, 1, 1]
						}
					}
				},
				"2": {
					"scale": {
						"4.3667": {
							"pre": [0, 0, 0],
							"post": [1, 1, 1]
						}
					}
				},
				"3": {
					"scale": {
						"4.3667": {
							"pre": [0, 0, 0],
							"post": [1, 1, 1]
						}
					}
				},
				"7": {
					"scale": {
						"5.9": {
							"pre": [1, 1, 1],
							"post": [0, 0, 0]
						}
					}
				},
				"8": {
					"scale": {
						"4.3667": {
							"pre": [0, 0, 0],
							"post": [1, 1, 1]
						}
					}
				},
				"9": {
					"scale": {
						"4.3667": {
							"pre": [0, 0, 0],
							"post": [1, 1, 1]
						}
					}
				},
				"10": {
					"scale": {
						"4.3667": {
							"pre": [0, 0, 0],
							"post": [1, 1, 1]
						}
					}
				},
				"11": {
					"scale": {
						"4.3667": {
							"pre": [0, 0, 0],
							"post": [1, 1, 1]
						}
					}
				},
				"24": {
					"scale": {
						"4.3667": {
							"pre": [0, 0, 0],
							"post": [1, 1, 1]
						}
					}
				},
				"25": {
					"scale": {
						"4.3667": {
							"pre": [0, 0, 0],
							"post": [1, 1, 1]
						}
					}
				},
				"26": {
					"scale": {
						"4.3667": {
							"pre": [0, 0, 0],
							"post": [1, 1, 1]
						}
					}
				},
				"27": {
					"scale": {
						"4.3667": {
							"pre": [0, 0, 0],
							"post": [1, 1, 1]
						}
					}
				},
				"40": {
					"scale": {
						"4.3667": {
							"pre": [0, 0, 0],
							"post": [1, 1, 1]
						}
					}
				},
				"41": {
					"scale": {
						"4.3667": {
							"pre": [0, 0, 0],
							"post": [1, 1, 1]
						}
					}
				},
				"42": {
					"scale": {
						"4.3667": {
							"pre": [0, 0, 0],
							"post": [1, 1, 1]
						}
					}
				},
				"43": {
					"scale": {
						"4.3667": {
							"pre": [0, 0, 0],
							"post": [1, 1, 1]
						}
					}
				},
				"righthand": {
					"rotation": {
						"0.0": [110.3433, 31.42447, 181.88069],
						"0.5": [115.04163, 5.3998, 198.69593],
						"0.7667": [48.92255, 25.77065, 76.79806],
						"0.9": [49.87256, 27.39787, 78.92052],
						"1.2": [74.61435, 20.68984, 82.17098],
						"1.5333": [115.56145, 27.51235, 192.45891],
						"5.4": [115.56145, 27.51235, 192.45891],
						"5.9": [73.72217, 20.00769, 79.60572],
						"6.1667": [50.90521, 28.99202, 81.10574],
						"6.3": [47.25697, 22.4293, 72.72222],
						"6.6": [73.72217, 20.00769, 79.60572],
						"6.9333": [115.56145, 27.51235, 192.45891]
					},
					"position": {
						"0.0": [-6, -10.5, 1],
						"0.5": [-9, -8.5, -5],
						"0.7667": [-8, -8.5, 0],
						"0.9": [-8, -8.5, 0],
						"1.2": [-8, -8.5, -5],
						"1.5333": [-6, -10.5, 1],
						"5.4": [-6, -10.5, 1],
						"5.9": [-8, -8.5, -5],
						"6.1667": [-8, -8.5, 0],
						"6.3": [-8, -8.5, 0],
						"6.6": [-8, -8.5, -5],
						"6.9333": [-6, -10.5, 1]
					}
				},
				"lefthand": {
					"rotation": {
						"0.0": [121.01004, -26.32776, -194.92735],
						"1.3333": [121.01, -26.33, -194.93],
						"1.9333": {
							"pre": [129.75386, 2.33707, -234.15962],
							"post": [129.75386, 2.33707, -234.15962],
							"lerp_mode": "catmullrom"
						},
						"2.0667": {
							"post": [124.99257, 6.1754, -230.9459],
							"lerp_mode": "catmullrom"
						},
						"2.1333": {
							"post": [132.90913, 10.26197, -228.03438],
							"lerp_mode": "catmullrom"
						},
						"2.3333": {
							"post": [130.40913, 10.26197, -228.03438],
							"lerp_mode": "catmullrom"
						},
						"2.5667": [120.19815, 14.31535, -266.3189],
						"2.7": [121.93954, 22.88761, -260.87864],
						"4.4333": {
							"pre": [115.76998, 47.82351, -315.40093],
							"post": [115.76998, 47.82351, -315.40093],
							"lerp_mode": "catmullrom"
						},
						"4.6": {
							"post": [130.40913, 10.26197, -228.03438],
							"lerp_mode": "catmullrom"
						},
						"4.8": {
							"post": [132.90913, 10.26197, -228.03438],
							"lerp_mode": "catmullrom"
						},
						"4.8667": {
							"post": [124.99257, 6.1754, -230.9459],
							"lerp_mode": "catmullrom"
						},
						"4.9667": {
							"post": [129.75386, 2.33707, -234.15962],
							"lerp_mode": "catmullrom"
						},
						"5.6": [121.01, -26.33, -194.93],
						"5.7333": [121.01004, -26.32776, -194.92735]
					},
					"position": {
						"0.0": [7, -9, -8],
						"1.3333": [7, -9, -8],
						"1.7333": {
							"pre": [9, -5, -8],
							"post": [9, -5, -8],
							"lerp_mode": "catmullrom"
						},
						"1.9333": {
							"post": [7, -4, -4],
							"lerp_mode": "catmullrom"
						},
						"2.0667": {
							"post": [7, 1, -6],
							"lerp_mode": "catmullrom"
						},
						"2.1333": {
							"post": [8, 3, -9],
							"lerp_mode": "catmullrom"
						},
						"2.3333": {
							"post": [7, 3, -16],
							"lerp_mode": "catmullrom"
						},
						"2.5667": {
							"post": [11, -7.5, -10],
							"lerp_mode": "catmullrom"
						},
						"4.0333": {
							"post": [11, -7.5, -10],
							"lerp_mode": "catmullrom"
						},
						"4.4333": {
							"post": [8, -4, -10],
							"lerp_mode": "catmullrom"
						},
						"4.6": {
							"post": [7, 3, -16],
							"lerp_mode": "catmullrom"
						},
						"4.8": {
							"post": [8, 3, -9],
							"lerp_mode": "catmullrom"
						},
						"4.8667": {
							"post": [7, 1, -6],
							"lerp_mode": "catmullrom"
						},
						"4.9667": {
							"post": [7, -4, -4],
							"lerp_mode": "catmullrom"
						},
						"5.2": {
							"post": [9, -5, -8],
							"lerp_mode": "catmullrom"
						},
						"5.6": [7, -9, -8],
						"5.7333": [7, -9, -8]
					}
				},
				"root": {
					"rotation": {
						"0.0": {
							"post": [0, 0, 0],
							"lerp_mode": "catmullrom"
						},
						"0.4333": {
							"post": [-18.65, 0.81, 6.19],
							"lerp_mode": "catmullrom"
						},
						"0.6333": {
							"post": [-32.4392, 3.4658, 8.66843],
							"lerp_mode": "catmullrom"
						},
						"0.9667": {
							"post": [-31.48164, 8.42872, 7.99412],
							"lerp_mode": "catmullrom"
						},
						"1.2667": {
							"post": [-28.102, -0.76808, 12.28046],
							"lerp_mode": "catmullrom"
						},
						"1.8": {
							"post": [-29.88733, 1.29876, 9.91615],
							"lerp_mode": "catmullrom"
						},
						"2.4333": {
							"post": [-29.88733, 1.29876, 9.91615],
							"lerp_mode": "catmullrom"
						},
						"2.5667": {
							"post": [-29.76378, 2.58842, 12.14744],
							"lerp_mode": "catmullrom"
						},
						"2.6333": {
							"post": [-29.60009, 3.61332, 13.9229],
							"lerp_mode": "catmullrom"
						},
						"2.8333": {
							"post": [-29.4791, -0.7082, 7.32791],
							"lerp_mode": "catmullrom"
						},
						"2.9667": {
							"post": [-31.81764, -3.26975, 3.21716],
							"lerp_mode": "catmullrom"
						},
						"3.6": {
							"post": [-36.81764, -3.26975, 3.21716],
							"lerp_mode": "catmullrom"
						},
						"4.0333": {
							"post": [-31.51, -2.2, 4.89],
							"lerp_mode": "catmullrom"
						},
						"4.9333": {
							"post": [-31.2, -2.4, 4.6],
							"lerp_mode": "catmullrom"
						},
						"4.9667": {
							"post": [-36.20334, -2.41104, 4.5842],
							"lerp_mode": "catmullrom"
						},
						"5.2667": {
							"post": [-31.2, -2.4, 4.6],
							"lerp_mode": "catmullrom"
						},
						"5.4667": {
							"post": [-31.48164, 8.42872, 7.99412],
							"lerp_mode": "catmullrom"
						},
						"5.9667": {
							"post": [-31.48164, 8.42872, 7.99412],
							"lerp_mode": "catmullrom"
						},
						"6.1667": {
							"post": [-36.38847, 11.30446, 7.19753],
							"lerp_mode": "catmullrom"
						},
						"6.3667": {
							"post": [-31.48164, 8.42872, 7.99412],
							"lerp_mode": "catmullrom"
						},
						"7.0": {
							"post": [0, 0, 0],
							"lerp_mode": "catmullrom"
						}
					},
					"position": {
						"0.0": {
							"post": [0, 0, 0],
							"lerp_mode": "catmullrom"
						},
						"0.1333": {
							"post": [0, 1, -1],
							"lerp_mode": "catmullrom"
						},
						"0.4333": {
							"post": [0, -0.44, 1.44],
							"lerp_mode": "catmullrom"
						},
						"0.6333": {
							"post": [0, -3, 5],
							"lerp_mode": "catmullrom"
						},
						"0.9667": {
							"post": [0, -1.98, 4.07],
							"lerp_mode": "catmullrom"
						},
						"1.2667": {
							"post": [0, -0.91, 2.99],
							"lerp_mode": "catmullrom"
						},
						"1.8": {
							"post": [0, -2, 4],
							"lerp_mode": "catmullrom"
						},
						"2.4333": {
							"post": [0, -2, 4],
							"lerp_mode": "catmullrom"
						},
						"2.8333": {
							"post": [0, -1.26, 3.76],
							"lerp_mode": "catmullrom"
						},
						"3.6": [0, -2.74, 4.93],
						"4.0333": [0, -2, 4],
						"4.1": [0, -2.25, 3.9],
						"4.1667": [0, -2, 4],
						"4.9333": {
							"pre": [0, -2, 4],
							"post": [0, -2, 4],
							"lerp_mode": "catmullrom"
						},
						"4.9667": {
							"post": [0, -3, 4],
							"lerp_mode": "catmullrom"
						},
						"5.2667": {
							"post": [0, -2, 4],
							"lerp_mode": "catmullrom"
						},
						"5.4667": {
							"post": [0, -1.98, 4.07],
							"lerp_mode": "catmullrom"
						},
						"5.9667": {
							"post": [0, -1.98, 4.07],
							"lerp_mode": "catmullrom"
						},
						"6.1667": {
							"post": [0, -3.18, 5.42],
							"lerp_mode": "catmullrom"
						},
						"6.3667": {
							"post": [0, -1.98, 4.07],
							"lerp_mode": "catmullrom"
						},
						"6.8667": {
							"post": [0, 1, -1],
							"lerp_mode": "catmullrom"
						},
						"7.0": {
							"post": [0, 0, 0],
							"lerp_mode": "catmullrom"
						}
					}
				},
				"belthousing": {
					"rotation": {
						"2.7": [0, 0, 0],
						"2.7667": [0, 0, -7.5],
						"2.8333": [0, 0, -12.5],
						"2.9": [0, 0, 0],
						"2.9667": [0, 0, -2.5],
						"3.0333": [0, 0, 0]
					}
				},
				"mag_and_lefthand": {
					"rotation": {
						"2.8333": [0, 0, 0],
						"2.9667": {
							"pre": [0, 0, 5],
							"post": [0, 0, 5],
							"lerp_mode": "catmullrom"
						},
						"3.1333": {
							"post": [17.5, 0, -12.5],
							"lerp_mode": "catmullrom"
						},
						"3.4": {
							"post": [17.43745, 1.50179, -17.26968],
							"lerp_mode": "catmullrom"
						},
						"3.5333": {
							"post": [29.68246, 52.77553, 6.67018],
							"lerp_mode": "catmullrom"
						},
						"3.6667": {
							"post": [19.34457, 25.26534, -9.21953],
							"lerp_mode": "catmullrom"
						},
						"3.8333": {
							"post": [17.47275, 3.88671, -16.51901],
							"lerp_mode": "catmullrom"
						},
						"3.9667": [0, 0, 0]
					},
					"position": {
						"2.7": [0, 0, 0],
						"2.8333": [0, 3, 0],
						"2.9667": {
							"pre": [0.25, 4, 0],
							"post": [0.25, 4, 0],
							"lerp_mode": "catmullrom"
						},
						"3.1333": {
							"post": [3.25, -1, 0],
							"lerp_mode": "catmullrom"
						},
						"3.2667": {
							"post": [7.25, -8, 0],
							"lerp_mode": "catmullrom"
						},
						"3.4": {
							"post": [10.25, -14, 0],
							"lerp_mode": "catmullrom"
						},
						"3.5333": {
							"post": [8.25, -14, 13],
							"lerp_mode": "catmullrom"
						},
						"3.6667": {
							"post": [5.25, -7, 3],
							"lerp_mode": "catmullrom"
						},
						"3.8333": {
							"post": [3.25, 4, 2],
							"lerp_mode": "catmullrom"
						},
						"3.9667": [0, 3, 0],
						"4.0333": [0, 0, 0]
					}
				},
				"ammobeltcover": {
					"rotation": {
						"1.9333": {
							"pre": [0, 0, 0],
							"post": [0, 0, 0],
							"lerp_mode": "catmullrom"
						},
						"2.3333": [112.5, 0, 0],
						"4.6": [112.5, 0, 0],
						"4.9667": {
							"pre": [0, 0, 0],
							"post": [0, 0, 0],
							"lerp_mode": "catmullrom"
						}
					}
				},
				"bulletchain": {
					"rotation": {
						"3.6": {
							"pre": [17.57, 0, 0],
							"post": [17.57, 0, 0],
							"lerp_mode": "catmullrom"
						},
						"3.6667": {
							"post": [65.91, 0, 0],
							"lerp_mode": "catmullrom"
						},
						"4.0333": [65.91, 0, 0],
						"4.1667": {
							"pre": [65.91, 0, 0],
							"post": [65.91, 0, 0],
							"lerp_mode": "catmullrom"
						},
						"4.3667": [0, 0, 0],
						"5.9": [0, 0, 0],
						"6.1667": [-10, 0, 0]
					},
					"position": {
						"3.6": {
							"pre": [0, -0.39, -0.88],
							"post": [0, -0.39, -0.88],
							"lerp_mode": "catmullrom"
						},
						"3.6667": {
							"post": [0, 0, -1.78],
							"lerp_mode": "catmullrom"
						},
						"4.0333": [0, 0, -1.78],
						"4.1667": {
							"pre": [0, 0, -1.78],
							"post": [0, 0, -1.78],
							"lerp_mode": "catmullrom"
						},
						"4.3667": [0, 0, 0],
						"5.9": [0, 0, 0],
						"6.1667": [0, 0.05, 0.7]
					},
					"scale": {
						"0.0": [0, 0, 0],
						"3.6": {
							"pre": [0, 0, 0],
							"post": [1, 1, 1]
						}
					}
				},
				"extbelt": {
					"scale": {
						"4.3667": {
							"pre": [0, 0, 0],
							"post": [1, 1, 1]
						}
					}
				},
				"bolt": {
					"position": [0, 0, 0]
				},
				"BCG": {
					"position": {
						"0.0": [0, 0, 0],
						"0.5": [0, 0, 0],
						"0.7667": [0, 0, 5],
						"0.9": [0, 0, 5],
						"1.2": [0, 0, 0],
						"5.4": [0, 0, 0],
						"5.9": [0, 0, 0],
						"6.1667": [0, 0, 5],
						"6.3": [0, 0, 5],
						"6.6": [0, 0, 0]
					}
				},
				"bulletchain3": {
					"rotation": {
						"3.6": {
							"pre": [17.57, 0, 0],
							"post": [17.57, 0, 0],
							"lerp_mode": "catmullrom"
						},
						"3.6667": {
							"post": [65.91, 0, 0],
							"lerp_mode": "catmullrom"
						},
						"4.0333": [65.91, 0, 0],
						"4.1667": {
							"pre": [65.91, 0, 0],
							"post": [65.91, 0, 0],
							"lerp_mode": "catmullrom"
						},
						"4.3667": [0, 0, 0],
						"5.9": [0, 0, 0],
						"6.1667": [-10, 0, 0]
					},
					"position": {
						"3.6": {
							"pre": [0, -0.39, -0.88],
							"post": [0, -0.39, -0.88],
							"lerp_mode": "catmullrom"
						},
						"3.6667": {
							"post": [0, 0, -1.78],
							"lerp_mode": "catmullrom"
						},
						"4.0333": [0, 0, -1.78],
						"4.1667": {
							"pre": [0, 0, -1.78],
							"post": [0, 0, -1.78],
							"lerp_mode": "catmullrom"
						},
						"4.3667": [0, 0, 0],
						"5.9": [0, 0, 0],
						"6.1667": [0, 0.05, 0.7]
					},
					"scale": {
						"0.0": [0, 0, 0],
						"3.6": {
							"pre": [0, 0, 0],
							"post": [1, 1, 1]
						}
					}
				},
				"extbelt3": {
					"scale": {
						"4.3667": {
							"pre": [0, 0, 0],
							"post": [1, 1, 1]
						}
					}
				},
				"bulletchain4": {
					"rotation": {
						"3.6": {
							"pre": [17.57, 0, 0],
							"post": [17.57, 0, 0],
							"lerp_mode": "catmullrom"
						},
						"3.6667": {
							"post": [65.91, 0, 0],
							"lerp_mode": "catmullrom"
						},
						"4.0333": [65.91, 0, 0],
						"4.1667": {
							"pre": [65.91, 0, 0],
							"post": [65.91, 0, 0],
							"lerp_mode": "catmullrom"
						},
						"4.3667": [0, 0, 0],
						"5.9": [0, 0, 0],
						"6.1667": [-10, 0, 0]
					},
					"position": {
						"3.6": {
							"pre": [0, -0.39, -0.88],
							"post": [0, -0.39, -0.88],
							"lerp_mode": "catmullrom"
						},
						"3.6667": {
							"post": [0, 0, -1.78],
							"lerp_mode": "catmullrom"
						},
						"4.0333": [0, 0, -1.78],
						"4.1667": {
							"pre": [0, 0, -1.78],
							"post": [0, 0, -1.78],
							"lerp_mode": "catmullrom"
						},
						"4.3667": [0, 0, 0],
						"5.9": [0, 0, 0],
						"6.1667": [0, 0.05, 0.7]
					},
					"scale": {
						"0.0": [0, 0, 0],
						"3.6": {
							"pre": [0, 0, 0],
							"post": [1, 1, 1]
						}
					}
				},
				"extbelt4": {
					"scale": {
						"4.3667": {
							"pre": [0, 0, 0],
							"post": [1, 1, 1]
						}
					}
				},
				"bulletchain5": {
					"rotation": {
						"3.6": {
							"pre": [17.57, 0, 0],
							"post": [17.57, 0, 0],
							"lerp_mode": "catmullrom"
						},
						"3.6667": {
							"post": [65.91, 0, 0],
							"lerp_mode": "catmullrom"
						},
						"4.0333": [65.91, 0, 0],
						"4.1667": {
							"pre": [65.91, 0, 0],
							"post": [65.91, 0, 0],
							"lerp_mode": "catmullrom"
						},
						"4.3667": [0, 0, 0],
						"5.9": [0, 0, 0],
						"6.1667": [-10, 0, 0]
					},
					"position": {
						"3.6": {
							"pre": [0, -0.39, -0.88],
							"post": [0, -0.39, -0.88],
							"lerp_mode": "catmullrom"
						},
						"3.6667": {
							"post": [0, 0, -1.78],
							"lerp_mode": "catmullrom"
						},
						"4.0333": [0, 0, -1.78],
						"4.1667": {
							"pre": [0, 0, -1.78],
							"post": [0, 0, -1.78],
							"lerp_mode": "catmullrom"
						},
						"4.3667": [0, 0, 0],
						"5.9": [0, 0, 0],
						"6.1667": [0, 0.05, 0.7]
					},
					"scale": {
						"0.0": [0, 0, 0],
						"3.6": {
							"pre": [0, 0, 0],
							"post": [1, 1, 1]
						}
					}
				},
				"extbelt5": {
					"scale": {
						"4.3667": {
							"pre": [0, 0, 0],
							"post": [1, 1, 1]
						}
					}
				},
				"bullet_in_box": {
					"scale": {
						"0.0": [0, 0, 0],
						"3.6": {
							"pre": [0, 0, 0],
							"post": [1, 1, 1]
						}
					}
				},
				"camera": {
					"rotation": {
						"0.5667": {
							"pre": [0, 0, 0],
							"post": [0, 0, 0],
							"lerp_mode": "catmullrom"
						},
						"0.7667": {
							"post": [0, 2.5, 0],
							"lerp_mode": "catmullrom"
						},
						"1.3333": {
							"post": [0, 0, 0],
							"lerp_mode": "catmullrom"
						},
						"2.5": {
							"post": [0, 0, 0],
							"lerp_mode": "catmullrom"
						},
						"2.7667": {
							"post": [0.5, 0, 0],
							"lerp_mode": "catmullrom"
						},
						"3.3333": {
							"post": [-0.5, 0, 0],
							"lerp_mode": "catmullrom"
						},
						"3.9667": {
							"post": [0, 0, 0],
							"lerp_mode": "catmullrom"
						},
						"4.2333": {
							"post": [0.5, 0, 0],
							"lerp_mode": "catmullrom"
						},
						"4.7": {
							"post": [-0.5, 0, 0],
							"lerp_mode": "catmullrom"
						},
						"4.9333": {
							"post": [1, 0, 0],
							"lerp_mode": "catmullrom"
						},
						"5.3333": {
							"post": [0, 0, 0],
							"lerp_mode": "catmullrom"
						},
						"6.0333": {
							"post": [0, 0, 0],
							"lerp_mode": "catmullrom"
						},
						"6.2333": {
							"post": [0, 2.5, 0],
							"lerp_mode": "catmullrom"
						},
						"6.8": {
							"post": [0, 0, 0],
							"lerp_mode": "catmullrom"
						}
					},
					"position": {
						"0.0": {
							"post": [0, 0, 0],
							"lerp_mode": "catmullrom"
						},
						"0.3667": {
							"post": [0, 0, 4],
							"lerp_mode": "catmullrom"
						},
						"0.5": [0, 0, 4],
						"4.0333": [0, 0, 4],
						"4.1": [0, -0.1, 4],
						"4.5333": [0, 0, 4],
						"6.2333": [0, 0, 4],
						"6.5": {
							"pre": [0, 0, 4],
							"post": [0, 0, 4],
							"lerp_mode": "catmullrom"
						},
						"6.9333": {
							"post": [0, 0, 0],
							"lerp_mode": "catmullrom"
						}
					}
				}
			}
		},
		"static_bolt_caught": {
			"loop": true,
			"bones": {
				"bulletchain": {
					"scale": 0
				},
				"bulletchain3": {
					"scale": 0
				},
				"bulletchain4": {
					"scale": 0
				},
				"bulletchain5": {
					"scale": 0
				},
				"bullet_in_box": {
					"scale": 0
				}
			}
		},
		"put_away": {
			"loop": "hold_on_last_frame",
			"animation_length": 1.4667,
			"bones": {
				"righthand": {
					"rotation": {
						"0.0": [115.56145, 27.51235, 192.45891],
						"0.3667": [130.56145, 27.51235, 192.45891]
					},
					"position": [-6, -10.5, 1]
				},
				"lefthand": {
					"rotation": {
						"0.1667": {
							"pre": [121.01004, -26.32776, -194.92735],
							"post": [121.01004, -26.32776, -194.92735],
							"lerp_mode": "catmullrom"
						},
						"0.3": {
							"post": [143.43883, 11.34799, -208.46951],
							"lerp_mode": "catmullrom"
						},
						"0.5667": {
							"post": [138.24374, 18.473, -261.79649],
							"lerp_mode": "catmullrom"
						},
						"1.3333": [130.57936, -7.05445, -269.47575]
					},
					"position": {
						"0.1667": {
							"pre": [7, -9, -8],
							"post": [7, -9, -8],
							"lerp_mode": "catmullrom"
						},
						"0.3": {
							"post": [11.5, -5, -6.75],
							"lerp_mode": "catmullrom"
						},
						"0.5667": {
							"post": [4, -1, -13.5],
							"lerp_mode": "catmullrom"
						},
						"1.3333": [4, -1, -13.5]
					}
				},
				"bolt": {
					"position": [4, 0, 0]
				},
				"root": {
					"rotation": {
						"0.0": {
							"post": [0, 0, 0],
							"lerp_mode": "catmullrom"
						},
						"0.3667": {
							"post": [51.48935, 18.69889, -10.57083],
							"lerp_mode": "catmullrom"
						},
						"0.9333": {
							"post": [21.98411, 37.3839, -32.65994],
							"lerp_mode": "catmullrom"
						},
						"1.4667": {
							"post": [85.6627, 49.49466, 2.95266],
							"lerp_mode": "catmullrom"
						}
					},
					"position": {
						"0.0": {
							"post": [0, 0, 0],
							"lerp_mode": "catmullrom"
						},
						"0.3667": {
							"post": [-2.57, 0, -3.61],
							"lerp_mode": "catmullrom"
						},
						"0.9333": {
							"post": [-4, 0, 1],
							"lerp_mode": "catmullrom"
						},
						"1.4667": {
							"post": [0.82, -0.58, 16.525],
							"lerp_mode": "catmullrom"
						}
					}
				},
				"camera": {
					"rotation": {
						"0.0": {
							"post": [0, 0, 0],
							"lerp_mode": "catmullrom"
						},
						"0.2667": {
							"post": [0, -2.5, 0],
							"lerp_mode": "catmullrom"
						},
						"0.5333": {
							"post": [5, 2.5, 0],
							"lerp_mode": "catmullrom"
						},
						"1.3333": {
							"post": [0, 0, 0],
							"lerp_mode": "catmullrom"
						}
					}
				}
			}
		},
		"inspect": {
			"animation_length": 6.7667,
			"bones": {
				"root": {
					"rotation": {
						"0.0": {
							"post": [0, 0, 0],
							"lerp_mode": "catmullrom"
						},
						"0.3": {
							"post": [-10, -37.5, 0],
							"lerp_mode": "catmullrom"
						},
						"0.6": {
							"post": [-12.47205, -65.24743, -5.37894],
							"lerp_mode": "catmullrom"
						},
						"1.3333": {
							"post": [-12.47205, -65.24743, -5.37894],
							"lerp_mode": "catmullrom"
						},
						"2.2667": {
							"post": [-12.60983, -65.42026, -5.23256],
							"lerp_mode": "catmullrom"
						},
						"2.5": {
							"post": [-8.23488, -50.65436, -10.34565],
							"lerp_mode": "catmullrom"
						},
						"2.9": {
							"post": [-44.2405, -28.85663, 42.69208],
							"lerp_mode": "catmullrom"
						},
						"3.2667": {
							"post": [-51.13427, -0.62505, 68.55078],
							"lerp_mode": "catmullrom"
						},
						"3.6": {
							"post": [-65.01997, 5.39228, 79.49551],
							"lerp_mode": "catmullrom"
						},
						"3.9333": {
							"post": [-65.01997, 5.39228, 79.49551],
							"lerp_mode": "catmullrom"
						},
						"4.2667": {
							"post": [-30.24681, -2.68356, 69.94391],
							"lerp_mode": "catmullrom"
						},
						"4.9333": {
							"post": [-30.25, -2.68, 69.94],
							"lerp_mode": "catmullrom"
						},
						"5.0333": {
							"post": [-27.78904, 3.95827, 66.44737],
							"lerp_mode": "catmullrom"
						},
						"5.1333": {
							"post": [-30.25, -2.68, 69.94],
							"lerp_mode": "catmullrom"
						},
						"5.2": {
							"post": [-30.25, -2.68, 69.94],
							"lerp_mode": "catmullrom"
						},
						"5.3333": {
							"post": [-27.95465, -7.04838, 72.37947],
							"lerp_mode": "catmullrom"
						},
						"5.4333": {
							"post": [-25.61861, -6.73636, 72.20523],
							"lerp_mode": "catmullrom"
						},
						"5.9333": {
							"post": [-30.25, -2.68, 69.94],
							"lerp_mode": "catmullrom"
						},
						"6.3333": {
							"post": [0.53891, -9.89628, 40.62046],
							"lerp_mode": "catmullrom"
						},
						"6.5333": {
							"post": [10.39946, -8.70946, 25.20119],
							"lerp_mode": "catmullrom"
						},
						"6.6667": {
							"post": [8.31601, -4.28055, 11.63689],
							"lerp_mode": "catmullrom"
						},
						"6.7667": {
							"post": [0, 0, 0],
							"lerp_mode": "catmullrom"
						}
					},
					"position": {
						"0.0": {
							"post": [0, 0, 0],
							"lerp_mode": "catmullrom"
						},
						"0.3": {
							"post": [0, 0, -3],
							"lerp_mode": "catmullrom"
						},
						"0.6": {
							"post": [0, 1, -5],
							"lerp_mode": "catmullrom"
						},
						"1.3333": {
							"post": [0, 1, -5],
							"lerp_mode": "catmullrom"
						},
						"2.2667": {
							"post": [-5, -3, -1],
							"lerp_mode": "catmullrom"
						},
						"2.5": {
							"post": [-5, -5, 1],
							"lerp_mode": "catmullrom"
						},
						"3.2667": {
							"post": [-2, 1, -3],
							"lerp_mode": "catmullrom"
						},
						"3.6": {
							"post": [7, 4, -5],
							"lerp_mode": "catmullrom"
						},
						"3.9333": {
							"post": [7, 4, -5],
							"lerp_mode": "catmullrom"
						},
						"4.2667": {
							"post": [-4, 2, 1],
							"lerp_mode": "catmullrom"
						},
						"4.9333": {
							"post": [-4, 2, 1],
							"lerp_mode": "catmullrom"
						},
						"5.0333": {
							"post": [-4.48707, 1.86514, 1.86289],
							"lerp_mode": "catmullrom"
						},
						"5.1333": {
							"post": [-4, 2, 1],
							"lerp_mode": "catmullrom"
						},
						"5.2": {
							"post": [-4, 2, 1],
							"lerp_mode": "catmullrom"
						},
						"5.9333": {
							"post": [-4, 2, 1],
							"lerp_mode": "catmullrom"
						},
						"6.3333": {
							"post": [-5, -1, 1],
							"lerp_mode": "catmullrom"
						},
						"6.5333": {
							"post": [-3.95, -2.79, 0.79],
							"lerp_mode": "catmullrom"
						},
						"6.7667": {
							"post": [0, 0, 0],
							"lerp_mode": "catmullrom"
						}
					}
				},
				"lefthand": {
					"rotation": {
						"0.0": {
							"post": [121.01004, -26.32776, -194.92735],
							"lerp_mode": "catmullrom"
						},
						"0.2667": {
							"post": [127.61558, -40.84183, -206.744],
							"lerp_mode": "catmullrom"
						},
						"0.4333": {
							"post": [42.49999, -27.5, -89.99999],
							"lerp_mode": "catmullrom"
						},
						"0.6": {
							"post": [29.99999, -27.5, -89.99999],
							"lerp_mode": "catmullrom"
						},
						"1.3333": {
							"post": [29.99999, -27.5, -89.99999],
							"lerp_mode": "catmullrom"
						},
						"1.8": {
							"post": [30, -27.5, -90],
							"lerp_mode": "catmullrom"
						},
						"2.0": {
							"post": [171.06404, -58.95768, -239.87373],
							"lerp_mode": "catmullrom"
						},
						"2.2": {
							"post": [162.52956, 7.46363, -250.61983],
							"lerp_mode": "catmullrom"
						},
						"2.4": {
							"post": [175.02956, 7.46363, -250.61983],
							"lerp_mode": "catmullrom"
						},
						"2.9": {
							"post": [172.15052, 4.33295, -278.09284],
							"lerp_mode": "catmullrom"
						},
						"3.6": {
							"post": [109.61016, -4.25868, -335.00161],
							"lerp_mode": "catmullrom"
						},
						"3.9333": {
							"post": [109.61016, -4.25868, -335.00161],
							"lerp_mode": "catmullrom"
						},
						"4.2667": {
							"post": [122.40458, 8.44688, -327.00679],
							"lerp_mode": "catmullrom"
						},
						"5.8": {
							"post": [123.24024, 14.75235, -322.85881],
							"lerp_mode": "catmullrom"
						},
						"6.4667": {
							"post": [132.76547, 38.67709, -302.30589],
							"lerp_mode": "catmullrom"
						},
						"6.7667": {
							"post": [121.01004, -26.32776, -194.92735],
							"lerp_mode": "catmullrom"
						}
					},
					"position": {
						"0.0": {
							"post": [7, -9, -8],
							"lerp_mode": "catmullrom"
						},
						"0.2667": {
							"post": [11, -12, -6],
							"lerp_mode": "catmullrom"
						},
						"0.4333": {
							"post": [12, -12, -8],
							"lerp_mode": "catmullrom"
						},
						"0.6": {
							"post": [12, -12, -8],
							"lerp_mode": "catmullrom"
						},
						"1.3333": {
							"post": [12, -12, -8],
							"lerp_mode": "catmullrom"
						},
						"1.8": {
							"post": [12, -12, -8],
							"lerp_mode": "catmullrom"
						},
						"2.0": {
							"post": [12, -5, -6],
							"lerp_mode": "catmullrom"
						},
						"2.2": {
							"post": [4, 0, -13],
							"lerp_mode": "catmullrom"
						},
						"5.8": {
							"post": [4, 0, -13],
							"lerp_mode": "catmullrom"
						},
						"6.1333": {
							"post": [9, 2, -5],
							"lerp_mode": "catmullrom"
						},
						"6.4667": {
							"post": [11, -2, -5],
							"lerp_mode": "catmullrom"
						},
						"6.7667": {
							"post": [7, -9, -8],
							"lerp_mode": "catmullrom"
						}
					}
				},
				"righthand": {
					"rotation": {
						"0.0": {
							"post": [114.35407, 28.56742, 189.89092],
							"lerp_mode": "catmullrom"
						},
						"0.2667": {
							"post": [117.51502, 12.69915, 182.5865],
							"lerp_mode": "catmullrom"
						},
						"0.4333": {
							"post": [109.05196, -14.23241, 168.34013],
							"lerp_mode": "catmullrom"
						},
						"0.6": {
							"post": [111.65462, -22.72987, 162.22075],
							"lerp_mode": "catmullrom"
						},
						"1.3333": {
							"post": [111.65462, -22.72987, 162.22075],
							"lerp_mode": "catmullrom"
						},
						"2.2667": {
							"post": [103.58828, -49.25307, 149.67836],
							"lerp_mode": "catmullrom"
						},
						"2.5": {
							"post": [91.90555, -66.99243, 151.63198],
							"lerp_mode": "catmullrom"
						},
						"2.6667": {
							"post": [15.52933, -47.03677, 231.47983],
							"lerp_mode": "catmullrom"
						},
						"2.9": {
							"post": [10.52852, -3.04578, 242.40826],
							"lerp_mode": "catmullrom"
						},
						"3.6": {
							"post": [9.39519, 5.6604, 195.65446],
							"lerp_mode": "catmullrom"
						},
						"3.9333": {
							"post": [9.39519, 5.6604, 195.65446],
							"lerp_mode": "catmullrom"
						},
						"4.2667": {
							"post": [6.06096, 1.6357, 169.87764],
							"lerp_mode": "catmullrom"
						},
						"4.5333": {
							"post": [60.6098, -24.13308, 122.58709],
							"lerp_mode": "catmullrom"
						},
						"4.7667": {
							"post": [87.93843, -22.8069, 65.5194],
							"lerp_mode": "catmullrom"
						},
						"5.6667": {
							"post": [115.56145, 27.51235, 192.45891],
							"lerp_mode": "catmullrom"
						}
					},
					"position": {
						"0.0": {
							"post": [-6, -10.5, 1],
							"lerp_mode": "catmullrom"
						},
						"2.5": {
							"post": [-6, -10.5, 1],
							"lerp_mode": "catmullrom"
						},
						"2.6667": {
							"post": [-3, -10.5, 3],
							"lerp_mode": "catmullrom"
						},
						"2.9": {
							"post": [-6, -6.5, 8],
							"lerp_mode": "catmullrom"
						},
						"3.9333": {
							"post": [-6, -6.5, 8],
							"lerp_mode": "catmullrom"
						},
						"4.2667": {
							"post": [-6, -6.5, 8],
							"lerp_mode": "catmullrom"
						},
						"4.5333": {
							"post": [-8.64857, -9.24292, 3.20892],
							"lerp_mode": "catmullrom"
						},
						"4.7667": {
							"post": [-9, -8, -5],
							"lerp_mode": "catmullrom"
						},
						"4.9333": {
							"post": [-9, -8, -0.5],
							"lerp_mode": "catmullrom"
						},
						"5.1": {
							"post": [-9, -8, -0.5],
							"lerp_mode": "catmullrom"
						},
						"5.2667": {
							"post": [-9, -8, -5],
							"lerp_mode": "catmullrom"
						},
						"5.6667": {
							"post": [-6, -10.5, 1],
							"lerp_mode": "catmullrom"
						}
					}
				},
				"charginghandle": {
					"position": {
						"4.7667": {
							"pre": [0, 0, 0],
							"post": [0, 0, 0],
							"lerp_mode": "catmullrom"
						},
						"4.9333": {
							"post": [4, 0, 0],
							"lerp_mode": "catmullrom"
						},
						"5.1": {
							"post": [4, 0, 0],
							"lerp_mode": "catmullrom"
						},
						"5.2667": {
							"post": [0, 0, 0],
							"lerp_mode": "catmullrom"
						}
					}
				},
				"bolt": {
					"position": {
						"0.0": {
							"post": [4, 0, 0],
							"lerp_mode": "catmullrom"
						}
					}
				},
				"camera": {
					"rotation": {
						"0.6": {
							"pre": [0, 0, 0],
							"post": [0, 0, 0],
							"lerp_mode": "catmullrom"
						},
						"1.3333": {
							"post": [0, 0, 0],
							"lerp_mode": "catmullrom"
						},
						"2.0": {
							"post": [-2.5, -10, 0],
							"lerp_mode": "catmullrom"
						},
						"2.2667": {
							"post": [-5.04884, -14.99515, 0.2255],
							"lerp_mode": "catmullrom"
						},
						"3.1": {
							"post": [7.51869, -5.01904, 0.00207],
							"lerp_mode": "catmullrom"
						},
						"3.6": {
							"post": [15.01728, 4.89543, 1.30882],
							"lerp_mode": "catmullrom"
						},
						"3.9333": {
							"post": [15.01728, 4.89543, 1.30882],
							"lerp_mode": "catmullrom"
						},
						"4.7667": {
							"post": [15.02, 4.9, 1.31],
							"lerp_mode": "catmullrom"
						},
						"4.9": {
							"post": [15.02, 4.9, 1.31],
							"lerp_mode": "catmullrom"
						},
						"5.0667": {
							"post": [17.58876, 7.31303, 1.96267],
							"lerp_mode": "catmullrom"
						},
						"5.4": {
							"post": [13.9973, 3.92954, 1.04911],
							"lerp_mode": "catmullrom"
						},
						"6.7667": {
							"post": [0, 0, 0],
							"lerp_mode": "catmullrom"
						}
					}
				}
			}
		},
		"inspect_empty": {
			"animation_length": 10.7,
			"bones": {
				"root": {
					"rotation": {
						"0.0": {
							"post": [0, 0, 0],
							"lerp_mode": "catmullrom"
						},
						"0.3": {
							"post": [-10, -37.5, 0],
							"lerp_mode": "catmullrom"
						},
						"0.5667": {
							"post": [-12.47205, -65.24743, -5.37894],
							"lerp_mode": "catmullrom"
						},
						"1.3": {
							"post": [-12.47205, -65.24743, -5.37894],
							"lerp_mode": "catmullrom"
						},
						"1.8333": {
							"post": [-12.47205, -65.24743, -5.37894],
							"lerp_mode": "catmullrom"
						},
						"2.2667": {
							"post": [-31.10691, -61.47338, 15.41279],
							"lerp_mode": "catmullrom"
						},
						"2.8333": {
							"post": [-12.85841, -36.76495, -6.54569],
							"lerp_mode": "catmullrom"
						},
						"3.1": {
							"post": [-12.28, -35.91, -7.25],
							"lerp_mode": "catmullrom"
						},
						"3.5": {
							"post": [-7.37585, -35.27277, -7.17665],
							"lerp_mode": "catmullrom"
						},
						"4.5333": {
							"post": [-7.37585, -35.27277, -7.17665],
							"lerp_mode": "catmullrom"
						},
						"4.7": {
							"post": [-10.88413, -34.95887, -7.08809],
							"lerp_mode": "catmullrom"
						},
						"4.8": {
							"post": [-16.0649, -34.96203, -7.06671],
							"lerp_mode": "catmullrom"
						},
						"4.9333": {
							"post": [-10.88413, -34.95887, -7.08809],
							"lerp_mode": "catmullrom"
						},
						"5.1333": {
							"post": [-10.88413, -34.95887, -7.08809],
							"lerp_mode": "catmullrom"
						},
						"5.2667": {
							"post": [-16.0649, -34.96203, -7.06671],
							"lerp_mode": "catmullrom"
						},
						"5.4": {
							"post": [-10.88413, -34.95887, -7.08809],
							"lerp_mode": "catmullrom"
						},
						"5.6333": {
							"post": [-12.85841, -36.76495, -6.54569],
							"lerp_mode": "catmullrom"
						},
						"6.3": {
							"post": [-12.60983, -65.42026, -5.23256],
							"lerp_mode": "catmullrom"
						},
						"6.5": {
							"post": [-8.23488, -50.65436, -10.34565],
							"lerp_mode": "catmullrom"
						},
						"6.8667": {
							"post": [-44.2405, -28.85663, 42.69208],
							"lerp_mode": "catmullrom"
						},
						"7.2667": {
							"post": [-51.13427, -0.62505, 68.55078],
							"lerp_mode": "catmullrom"
						},
						"7.6": {
							"post": [-65.01997, 5.39228, 79.49551],
							"lerp_mode": "catmullrom"
						},
						"7.9333": {
							"post": [-65.01997, 5.39228, 79.49551],
							"lerp_mode": "catmullrom"
						},
						"8.2667": {
							"post": [-30.24681, -2.68356, 69.94391],
							"lerp_mode": "catmullrom"
						},
						"8.8667": {
							"post": [-30.25, -2.68, 69.94],
							"lerp_mode": "catmullrom"
						},
						"9.0": {
							"post": [-27.78904, 3.95827, 66.44737],
							"lerp_mode": "catmullrom"
						},
						"9.0667": {
							"post": [-30.25, -2.68, 69.94],
							"lerp_mode": "catmullrom"
						},
						"9.1667": {
							"post": [-30.25, -2.68, 69.94],
							"lerp_mode": "catmullrom"
						},
						"9.2667": {
							"post": [-27.95465, -7.04838, 72.37947],
							"lerp_mode": "catmullrom"
						},
						"9.3667": {
							"post": [-25.61861, -6.73636, 72.20523],
							"lerp_mode": "catmullrom"
						},
						"9.8333": {
							"post": [-30.25, -2.68, 69.94],
							"lerp_mode": "catmullrom"
						},
						"10.2667": {
							"post": [0.53891, -9.89628, 40.62046],
							"lerp_mode": "catmullrom"
						},
						"10.4667": {
							"post": [10.39946, -8.70946, 25.20119],
							"lerp_mode": "catmullrom"
						},
						"10.5667": {
							"post": [8.31601, -4.28055, 11.63689],
							"lerp_mode": "catmullrom"
						},
						"10.7": {
							"post": [0, 0, 0],
							"lerp_mode": "catmullrom"
						}
					},
					"position": {
						"0.0": {
							"post": [0, 0, 0],
							"lerp_mode": "catmullrom"
						},
						"0.3": {
							"post": [0, 0, -3],
							"lerp_mode": "catmullrom"
						},
						"0.5667": {
							"post": [0, 1, -5],
							"lerp_mode": "catmullrom"
						},
						"1.3": {
							"post": [0, 1, -5],
							"lerp_mode": "catmullrom"
						},
						"1.8333": {
							"post": [0, 1, -5],
							"lerp_mode": "catmullrom"
						},
						"2.8333": {
							"post": [4.37, -1.71, 1.71],
							"lerp_mode": "catmullrom"
						},
						"3.1": {
							"post": [4.53, -1.79, 1.93],
							"lerp_mode": "catmullrom"
						},
						"3.5": {
							"post": [4.44014, -0.28848, 2.1623],
							"lerp_mode": "catmullrom"
						},
						"4.5333": {
							"post": [4.44014, -0.28848, 2.1623],
							"lerp_mode": "catmullrom"
						},
						"4.7": {
							"post": [4.84854, -1.48116, 1.98525],
							"lerp_mode": "catmullrom"
						},
						"4.8": {
							"post": [5.28307, -3.47387, 1.71331],
							"lerp_mode": "catmullrom"
						},
						"4.9333": {
							"post": [4.84854, -1.48116, 1.98525],
							"lerp_mode": "catmullrom"
						},
						"5.1333": {
							"post": [5.31941, -1.32747, 1.72608],
							"lerp_mode": "catmullrom"
						},
						"5.2667": {
							"post": [5.00748, -2.53973, 1.9401],
							"lerp_mode": "catmullrom"
						},
						"5.4": {
							"post": [4.96281, -1.96173, 1.90787],
							"lerp_mode": "catmullrom"
						},
						"5.6333": {
							"post": [4.37, -1.71, 1.71],
							"lerp_mode": "catmullrom"
						},
						"6.3": {
							"post": [-5, -3, -1],
							"lerp_mode": "catmullrom"
						},
						"6.5": {
							"post": [-5, -5, 1],
							"lerp_mode": "catmullrom"
						},
						"7.2667": {
							"post": [-2, 1, -3],
							"lerp_mode": "catmullrom"
						},
						"7.6": {
							"post": [7, 4, -5],
							"lerp_mode": "catmullrom"
						},
						"7.9333": {
							"post": [7, 4, -5],
							"lerp_mode": "catmullrom"
						},
						"8.2667": {
							"post": [-4, 2, 1],
							"lerp_mode": "catmullrom"
						},
						"8.8667": {
							"post": [-4, 2, 1],
							"lerp_mode": "catmullrom"
						},
						"9.0": {
							"post": [-4.48707, 1.86514, 1.86289],
							"lerp_mode": "catmullrom"
						},
						"9.0667": {
							"post": [-4, 2, 1],
							"lerp_mode": "catmullrom"
						},
						"9.1667": {
							"post": [-4, 2, 1],
							"lerp_mode": "catmullrom"
						},
						"9.8333": {
							"post": [-4, 2, 1],
							"lerp_mode": "catmullrom"
						},
						"10.2667": {
							"post": [-5, -1, 1],
							"lerp_mode": "catmullrom"
						},
						"10.4667": {
							"post": [-3.95, -2.79, 0.79],
							"lerp_mode": "catmullrom"
						},
						"10.7": {
							"post": [0, 0, 0],
							"lerp_mode": "catmullrom"
						}
					}
				},
				"lefthand": {
					"rotation": {
						"0.0": {
							"post": [121.01004, -26.32776, -194.92735],
							"lerp_mode": "catmullrom"
						},
						"0.2333": {
							"post": [127.61558, -40.84183, -206.744],
							"lerp_mode": "catmullrom"
						},
						"0.4": {
							"post": [42.49999, -27.5, -89.99999],
							"lerp_mode": "catmullrom"
						},
						"0.5667": {
							"post": [29.99999, -27.5, -89.99999],
							"lerp_mode": "catmullrom"
						},
						"1.3": {
							"post": [29.99999, -27.5, -89.99999],
							"lerp_mode": "catmullrom"
						},
						"1.8333": {
							"post": [30, -27.5, -90],
							"lerp_mode": "catmullrom"
						},
						"2.8333": {
							"post": [52.5, -27.5, -90],
							"lerp_mode": "catmullrom"
						},
						"5.9": {
							"post": [52.5, -27.5, -90],
							"lerp_mode": "catmullrom"
						},
						"6.0667": {
							"post": [30, -27.5, -90],
							"lerp_mode": "catmullrom"
						},
						"6.2667": {
							"post": [171.06404, -58.95768, -239.87373],
							"lerp_mode": "catmullrom"
						},
						"6.5": {
							"post": [162.52956, 7.46363, -250.61983],
							"lerp_mode": "catmullrom"
						},
						"6.5667": {
							"post": [175.02956, 7.46363, -250.61983],
							"lerp_mode": "catmullrom"
						},
						"6.8667": {
							"post": [172.15052, 4.33295, -278.09284],
							"lerp_mode": "catmullrom"
						},
						"7.6": {
							"post": [109.61016, -4.25868, -335.00161],
							"lerp_mode": "catmullrom"
						},
						"7.9333": {
							"post": [109.61016, -4.25868, -335.00161],
							"lerp_mode": "catmullrom"
						},
						"8.2667": {
							"post": [122.40458, 8.44688, -327.00679],
							"lerp_mode": "catmullrom"
						},
						"9.7667": {
							"post": [123.24024, 14.75235, -322.85881],
							"lerp_mode": "catmullrom"
						},
						"10.4": {
							"post": [132.76547, 38.67709, -302.30589],
							"lerp_mode": "catmullrom"
						},
						"10.7": {
							"post": [121.01004, -26.32776, -194.92735],
							"lerp_mode": "catmullrom"
						}
					},
					"position": {
						"0.0": {
							"post": [7, -9, -8],
							"lerp_mode": "catmullrom"
						},
						"0.2333": {
							"post": [11, -12, -6],
							"lerp_mode": "catmullrom"
						},
						"0.4": {
							"post": [12, -12, -8],
							"lerp_mode": "catmullrom"
						},
						"0.5667": {
							"post": [12, -12, -8],
							"lerp_mode": "catmullrom"
						},
						"1.3": {
							"post": [12, -12, -8],
							"lerp_mode": "catmullrom"
						},
						"1.8333": {
							"post": [12, -12, -8],
							"lerp_mode": "catmullrom"
						},
						"2.8333": {
							"post": [7.55219, -8.62688, -18.43823],
							"lerp_mode": "catmullrom"
						},
						"5.9": {
							"post": [7.55219, -8.62688, -18.43823],
							"lerp_mode": "catmullrom"
						},
						"6.0667": {
							"post": [12, -12, -8],
							"lerp_mode": "catmullrom"
						},
						"6.2667": {
							"post": [12, -5, -6],
							"lerp_mode": "catmullrom"
						},
						"6.5": {
							"post": [4, 0, -13],
							"lerp_mode": "catmullrom"
						},
						"9.7667": {
							"post": [4, 0, -13],
							"lerp_mode": "catmullrom"
						},
						"10.1": {
							"post": [9, 2, -5],
							"lerp_mode": "catmullrom"
						},
						"10.4": {
							"post": [11, -2, -5],
							"lerp_mode": "catmullrom"
						},
						"10.7": {
							"post": [7, -9, -8],
							"lerp_mode": "catmullrom"
						}
					}
				},
				"righthand": {
					"rotation": {
						"0.0": {
							"post": [105.77728, 33.75446, 173.41607],
							"lerp_mode": "catmullrom"
						},
						"0.2333": {
							"post": [115.79351, 16.06791, 175.66736],
							"lerp_mode": "catmullrom"
						},
						"0.4": {
							"post": [109.05196, -14.23241, 168.34013],
							"lerp_mode": "catmullrom"
						},
						"0.5667": {
							"post": [113.49961, -20.80895, 157.24941],
							"lerp_mode": "catmullrom"
						},
						"1.3": {
							"post": [113.49961, -20.80895, 157.24941],
							"lerp_mode": "catmullrom"
						},
						"2.8333": {
							"post": [106.80594, -37.01542, 157.04484],
							"lerp_mode": "catmullrom"
						},
						"3.1667": {
							"post": [108.54832, 1.32938, 284.53104],
							"lerp_mode": "catmullrom"
						},
						"3.3333": {
							"post": [119.69366, 4.33119, 218.35358],
							"lerp_mode": "catmullrom"
						},
						"3.5": {
							"post": [104.29999, 8.3069, 212.46699],
							"lerp_mode": "catmullrom"
						},
						"4.4667": {
							"post": [104.9524, 7.04357, 217.34862],
							"lerp_mode": "catmullrom"
						},
						"4.6": {
							"post": [119.69366, 4.33119, 218.35358],
							"lerp_mode": "catmullrom"
						},
						"4.7667": {
							"post": [108.54832, 1.32938, 284.53104],
							"lerp_mode": "catmullrom"
						},
						"4.8333": {
							"post": [108.54832, 1.32938, 284.53104],
							"lerp_mode": "catmullrom"
						},
						"4.9667": {
							"post": [95.85822, 17.38758, 209.10008],
							"lerp_mode": "catmullrom"
						},
						"5.1333": {
							"post": [95.0731, 17.62575, 206.49056],
							"lerp_mode": "catmullrom"
						},
						"5.2667": {
							"post": [83.5101, 14.54455, 157.00377],
							"lerp_mode": "catmullrom"
						},
						"5.4": {
							"post": [84.16129, 14.81305, 159.57319],
							"lerp_mode": "catmullrom"
						},
						"6.3": {
							"post": [100.72438, -49.77976, 153.44311],
							"lerp_mode": "catmullrom"
						},
						"6.5": {
							"post": [97.74576, -66.78181, 145.2831],
							"lerp_mode": "catmullrom"
						},
						"6.6667": {
							"post": [15.52933, -47.03677, 231.47983],
							"lerp_mode": "catmullrom"
						},
						"6.8667": {
							"post": [10.52852, -3.04578, 242.40826],
							"lerp_mode": "catmullrom"
						},
						"7.6": {
							"post": [9.39519, 5.6604, 195.65446],
							"lerp_mode": "catmullrom"
						},
						"7.9333": {
							"post": [9.39519, 5.6604, 195.65446],
							"lerp_mode": "catmullrom"
						},
						"8.2667": {
							"post": [6.05915, -0.85033, 169.61373],
							"lerp_mode": "catmullrom"
						},
						"8.5": {
							"post": [65.04272, -28.7126, 112.65323],
							"lerp_mode": "catmullrom"
						},
						"8.7": {
							"post": [85.85145, -22.53585, 70.93044],
							"lerp_mode": "catmullrom"
						},
						"9.6": {
							"post": [115.56145, 27.51235, 192.45891],
							"lerp_mode": "catmullrom"
						}
					},
					"position": {
						"0.0": {
							"post": [-6, -10.5, 1],
							"lerp_mode": "catmullrom"
						},
						"2.8333": {
							"post": [-6, -10.5, 1],
							"lerp_mode": "catmullrom"
						},
						"3.1667": {
							"post": [-6.55725, -2.8841, -5.14251],
							"lerp_mode": "catmullrom"
						},
						"3.3333": {
							"post": [-5.93639, 1.55948, -6.25829],
							"lerp_mode": "catmullrom"
						},
						"3.5": {
							"post": [-7.45033, 4.62907, -14.07076],
							"lerp_mode": "catmullrom"
						},
						"4.4667": {
							"post": [-7.45033, 4.62907, -14.07076],
							"lerp_mode": "catmullrom"
						},
						"4.6": {
							"post": [-5.93639, 1.55948, -6.25829],
							"lerp_mode": "catmullrom"
						},
						"4.7667": {
							"post": [-6.55725, -2.8841, -5.14251],
							"lerp_mode": "catmullrom"
						},
						"4.8333": {
							"post": [-6.55725, -2.8841, -5.14251],
							"lerp_mode": "catmullrom"
						},
						"4.9667": {
							"post": [-7.23296, 1.02409, -4.92618],
							"lerp_mode": "catmullrom"
						},
						"5.1333": {
							"post": [-7.23296, 1.02409, -4.92618],
							"lerp_mode": "catmullrom"
						},
						"5.2667": {
							"post": [-7.0488, -3.11125, -4.10509],
							"lerp_mode": "catmullrom"
						},
						"5.4": {
							"post": [-7.0488, -3.11125, -4.10509],
							"lerp_mode": "catmullrom"
						},
						"5.5333": {
							"post": [-9.88863, -3.87009, -4.64229],
							"lerp_mode": "catmullrom"
						},
						"6.5": {
							"post": [-6, -10.5, 1],
							"lerp_mode": "catmullrom"
						},
						"6.6667": {
							"post": [-3, -10.5, 3],
							"lerp_mode": "catmullrom"
						},
						"6.8667": {
							"post": [-6, -6.5, 8],
							"lerp_mode": "catmullrom"
						},
						"7.9333": {
							"post": [-6, -6.5, 8],
							"lerp_mode": "catmullrom"
						},
						"8.2667": {
							"post": [-6, -6.5, 8],
							"lerp_mode": "catmullrom"
						},
						"8.5": {
							"post": [-8.64857, -9.24292, 3.20892],
							"lerp_mode": "catmullrom"
						},
						"8.7": {
							"post": [-9, -8, -5],
							"lerp_mode": "catmullrom"
						},
						"8.9": {
							"post": [-9, -8, -0.5],
							"lerp_mode": "catmullrom"
						},
						"9.0333": {
							"post": [-9, -8, -0.5],
							"lerp_mode": "catmullrom"
						},
						"9.2": {
							"post": [-9, -8, -5],
							"lerp_mode": "catmullrom"
						},
						"9.6": {
							"post": [-6, -10.5, 1],
							"lerp_mode": "catmullrom"
						}
					}
				},
				"charginghandle": {
					"position": {
						"8.7": [0, 0, 0],
						"8.9": [4, 0, 0],
						"9.0333": [4, 0, 0],
						"9.2": [0, 0, 0]
					}
				},
				"bolt": {
					"position": {
						"0.0": {
							"post": [0, 0, 0],
							"lerp_mode": "catmullrom"
						},
						"8.7": [0, 0, 0],
						"8.9": [4, 0, 0]
					}
				},
				"bulletchain": {
					"scale": 0
				},
				"bulletchain3": {
					"scale": 0
				},
				"bulletchain4": {
					"scale": 0
				},
				"bulletchain5": {
					"scale": 0
				},
				"bullet_in_box": {
					"scale": 0
				},
				"bulletchain2": {
					"scale": 0
				},
				"ammobeltcover": {
					"rotation": {
						"3.1667": [0, 0, 0],
						"3.5": [100, 0, 0],
						"4.4667": [100, 0, 0],
						"4.7333": [0, 0, 0]
					},
					"position": {
						"3.1667": [0, 0, 0],
						"3.5": [0, 0, 0],
						"4.4667": [0, 0, 0],
						"4.7333": [0, 0, 0]
					}
				},
				"camera": {
					"rotation": {
						"0.5667": {
							"pre": [0, 0, 0],
							"post": [0, 0, 0],
							"lerp_mode": "catmullrom"
						},
						"1.3": {
							"post": [0, 0, 0],
							"lerp_mode": "catmullrom"
						},
						"1.8333": {
							"post": [-2.5, -10, 0],
							"lerp_mode": "catmullrom"
						},
						"3.5": {
							"post": [-2.5, -10, 0],
							"lerp_mode": "catmullrom"
						},
						"4.3667": {
							"post": [0, -10, 0],
							"lerp_mode": "catmullrom"
						},
						"4.4667": {
							"post": [0, -10, 0],
							"lerp_mode": "catmullrom"
						},
						"4.6": {
							"post": [-2.5, -10, 0],
							"lerp_mode": "catmullrom"
						},
						"4.7333": {
							"post": [-2.5, -10, 0],
							"lerp_mode": "catmullrom"
						},
						"4.9333": {
							"post": [0, -7.5, 0],
							"lerp_mode": "catmullrom"
						},
						"5.0333": {
							"post": [-2.5, -10, 0],
							"lerp_mode": "catmullrom"
						},
						"5.2": {
							"post": [-2.5, -10, 0],
							"lerp_mode": "catmullrom"
						},
						"5.3": {
							"post": [2.5, -7.5, 0],
							"lerp_mode": "catmullrom"
						},
						"5.7": {
							"post": [-2.5, -10, 0],
							"lerp_mode": "catmullrom"
						},
						"5.8667": {
							"post": [-2.5, -10, 0],
							"lerp_mode": "catmullrom"
						},
						"6.3": {
							"post": [-5.04884, -14.99515, 0.2255],
							"lerp_mode": "catmullrom"
						},
						"7.1333": {
							"post": [7.51869, -5.01904, 0.00207],
							"lerp_mode": "catmullrom"
						},
						"7.6": {
							"post": [15.01728, 4.89543, 1.30882],
							"lerp_mode": "catmullrom"
						},
						"7.9333": {
							"post": [15.01728, 4.89543, 1.30882],
							"lerp_mode": "catmullrom"
						},
						"8.7": {
							"post": [15.02, 4.9, 1.31],
							"lerp_mode": "catmullrom"
						},
						"8.8333": {
							"post": [15.02, 4.9, 1.31],
							"lerp_mode": "catmullrom"
						},
						"9.0": {
							"post": [17.58876, 7.31303, 1.96267],
							"lerp_mode": "catmullrom"
						},
						"9.3333": {
							"post": [13.9973, 3.92954, 1.04911],
							"lerp_mode": "catmullrom"
						},
						"10.7": {
							"post": [0, 0, 0],
							"lerp_mode": "catmullrom"
						}
					},
					"position": {
						"3.5": {
							"pre": [0, 0, 0],
							"post": [0, 0, 0],
							"lerp_mode": "catmullrom"
						},
						"4.3667": {
							"post": [0.08666, 0.04362, -0.49147],
							"lerp_mode": "catmullrom"
						},
						"4.4667": {
							"post": [0.08666, 0.04362, -0.49147],
							"lerp_mode": "catmullrom"
						},
						"4.6": {
							"post": [0, 0, 0],
							"lerp_mode": "catmullrom"
						}
					}
				}
			}
		}
	}
}