{
  "materials": [
    {
      "item": {
        "tag": "forge:ingots/steel"
      },
      "count": 16
    },
    {
      "item": {
        "tag": "forge:ingots/electrum"
      },
      "count": 8
    },
    {
      "item": {
        "tag": "forge:ingots/aluminum"
      },
      "count": 4
    },
    {
      "item": {
        "tag": "forge:glass"
      },
      "count": 8
    },
    {
      "item": {
        "tag": "forge:dusts/redstone"
      },
      "count": 16
    },
    {
      "item": {
        "tag": "forge:treated_wood"
      },
      "count": 8
    }
  ],
  "result": {
    "type": "gun",
    "id": "immersive_armorer:railgun"
  }
}