{
  "materials": [
    {
      "item": {
        "tag": "forge:ingots/steel"
      },
      "count": 14
    },
    {
      "item": {
        "item": "immersiveengineering:wirecoil_copper"
      },
      "count": 8
    },
    {
      "item": {
        "tag": "forge:dusts/redstone"
      },
      "count": 8
    },
    {
      "item": {
        "tag": "forge:treated_wood"
      },
      "count": 6
    },
    {
      "item": {
        "tag": "forge:glass"
      },
      "count": 2
    }
  ],
  "result": {
    "type": "gun",
    "id": "immersive_armorer:standard_rail_smg_mk1"
  }
}