{
	"format_version": "1.12.0",
	"minecraft:geometry": [
		{
			"description": {
				"identifier": "geometry.unknown",
				"texture_width": 32,
				"texture_height": 32,
				"visible_bounds_width": 4,
				"visible_bounds_height": 1.5,
				"visible_bounds_offset": [0, 0.25, 0]
			},
			"bones": [
				{
					"name": "scope_body",
					"pivot": [0, 0.25, 0],
					"cubes": [
						{
							"origin": [-0.75, -0.375, -3],
							"size": [1.5, 1, 2.75],
							"uv": {
								"north": {"uv": [4, 0], "uv_size": [1.5, 1]},
								"east": {"uv": [0, 3], "uv_size": [2.75, 1]},
								"south": {"uv": [4, 1], "uv_size": [1.5, 1]},
								"west": {"uv": [3, 3], "uv_size": [2.75, 1]},
								"up": {"uv": [0, 0], "uv_size": [1.5, 2.75]},
								"down": {"uv": [2, 2.75], "uv_size": [1.5, -2.75]}
							}
						},
						{
							"origin": [0.75, -0.125, -2.75],
							"size": [0.25, 1.25, 0.75],
							"uv": {
								"north": {"uv": [0, 9], "uv_size": [0.25, 1.25]},
								"east": {"uv": [0, 6], "uv_size": [0.75, 1.25]},
								"south": {"uv": [9, 0], "uv_size": [0.25, 1.25]},
								"west": {"uv": [6, 0], "uv_size": [0.75, 1.25]},
								"up": {"uv": [9, 10], "uv_size": [0.25, 0.75]},
								"down": {"uv": [10, 9.75], "uv_size": [0.25, -0.75]}
							}
						},
						{
							"origin": [0.75, 0.1875, -2.8125],
							"size": [0.3125, 0.25, 0.5],
							"uv": {
								"north": {"uv": [13, 16], "uv_size": [0.25, 0.25]},
								"east": {"uv": [11, 10], "uv_size": [0.5, 0.25]},
								"south": {"uv": [16, 13], "uv_size": [0.25, 0.25]},
								"west": {"uv": [11, 11], "uv_size": [0.5, 0.25]},
								"up": {"uv": [0, 12], "uv_size": [0.25, 0.5]},
								"down": {"uv": [12, 0.5], "uv_size": [0.25, -0.5]}
							}
						},
						{
							"origin": [0.75, 0.5, -2.8125],
							"size": [0.3125, 0.25, 0.5],
							"uv": {
								"north": {"uv": [14, 16], "uv_size": [0.25, 0.25]},
								"east": {"uv": [1, 12], "uv_size": [0.5, 0.25]},
								"south": {"uv": [16, 14], "uv_size": [0.25, 0.25]},
								"west": {"uv": [12, 1], "uv_size": [0.5, 0.25]},
								"up": {"uv": [2, 12], "uv_size": [0.25, 0.5]},
								"down": {"uv": [12, 2.5], "uv_size": [0.25, -0.5]}
							}
						},
						{
							"origin": [0.75, 0.8125, -2.8125],
							"size": [0.3125, 0.25, 0.5],
							"uv": {
								"north": {"uv": [15, 16], "uv_size": [0.25, 0.25]},
								"east": {"uv": [3, 12], "uv_size": [0.5, 0.25]},
								"south": {"uv": [16, 15], "uv_size": [0.25, 0.25]},
								"west": {"uv": [12, 3], "uv_size": [0.5, 0.25]},
								"up": {"uv": [4, 12], "uv_size": [0.25, 0.5]},
								"down": {"uv": [12, 4.5], "uv_size": [0.25, -0.5]}
							}
						},
						{
							"origin": [0.78125, 1, -2.71875],
							"size": [0.1875, 0.25, 0.1875],
							"uv": {
								"north": {"uv": [9, 16], "uv_size": [0.25, 0.25]},
								"east": {"uv": [16, 9], "uv_size": [0.25, 0.25]},
								"south": {"uv": [10, 16], "uv_size": [0.25, 0.25]},
								"west": {"uv": [16, 10], "uv_size": [0.25, 0.25]},
								"up": {"uv": [11, 16], "uv_size": [0.25, 0.25]},
								"down": {"uv": [16, 11.25], "uv_size": [0.25, -0.25]}
							}
						},
						{
							"origin": [0.78125, 1, -2.46875],
							"size": [0.1875, 0.1875, 0.4375],
							"uv": {
								"north": {"uv": [12, 16], "uv_size": [0.25, 0.25]},
								"east": {"uv": [11, 8], "uv_size": [0.5, 0.25]},
								"south": {"uv": [16, 12], "uv_size": [0.25, 0.25]},
								"west": {"uv": [9, 11], "uv_size": [0.5, 0.25]},
								"up": {"uv": [11, 9], "uv_size": [0.25, 0.5]},
								"down": {"uv": [10, 11.5], "uv_size": [0.25, -0.5]}
							}
						},
						{
							"origin": [-1, 0.125, -1.125],
							"size": [0.25, 0.25, 0.75],
							"uv": {
								"north": {"uv": [8, 12], "uv_size": [0.25, 0.25]},
								"east": {"uv": [6, 10], "uv_size": [0.75, 0.25]},
								"south": {"uv": [12, 8], "uv_size": [0.25, 0.25]},
								"west": {"uv": [10, 6], "uv_size": [0.75, 0.25]},
								"up": {"uv": [7, 10], "uv_size": [0.25, 0.75]},
								"down": {"uv": [10, 7.75], "uv_size": [0.25, -0.75]}
							}
						},
						{
							"origin": [-0.96875, 0.375, -1],
							"size": [0.1875, 0.0625, 0.1875],
							"uv": {
								"north": {"uv": [9, 12], "uv_size": [0.25, 0.25]},
								"east": {"uv": [12, 9], "uv_size": [0.25, 0.25]},
								"south": {"uv": [10, 12], "uv_size": [0.25, 0.25]},
								"west": {"uv": [12, 10], "uv_size": [0.25, 0.25]},
								"up": {"uv": [11, 12], "uv_size": [0.25, 0.25]},
								"down": {"uv": [12, 11.25], "uv_size": [0.25, -0.25]}
							}
						},
						{
							"origin": [-0.96875, 0.375, -0.6875],
							"size": [0.1875, 0.0625, 0.1875],
							"uv": {
								"north": {"uv": [2, 14], "uv_size": [0.25, 0.25]},
								"east": {"uv": [14, 2], "uv_size": [0.25, 0.25]},
								"south": {"uv": [3, 14], "uv_size": [0.25, 0.25]},
								"west": {"uv": [14, 3], "uv_size": [0.25, 0.25]},
								"up": {"uv": [4, 14], "uv_size": [0.25, 0.25]},
								"down": {"uv": [14, 4.25], "uv_size": [0.25, -0.25]}
							}
						},
						{
							"origin": [-0.9375, 0.4375, -0.65625],
							"size": [0.125, 0.1875, 0.125],
							"uv": {
								"north": {"uv": [12, 12], "uv_size": [0.25, 0.25]},
								"east": {"uv": [0, 13], "uv_size": [0.25, 0.25]},
								"south": {"uv": [13, 0], "uv_size": [0.25, 0.25]},
								"west": {"uv": [1, 13], "uv_size": [0.25, 0.25]},
								"up": {"uv": [13, 1], "uv_size": [0.25, 0.25]},
								"down": {"uv": [2, 13.25], "uv_size": [0.25, -0.25]}
							}
						},
						{
							"origin": [-0.75, 0.6875, -0.65625],
							"size": [0.125, 0.125, 0.125],
							"uv": {
								"north": {"uv": [13, 2], "uv_size": [0.25, 0.25]},
								"east": {"uv": [3, 13], "uv_size": [0.25, 0.25]},
								"south": {"uv": [13, 3], "uv_size": [0.25, 0.25]},
								"west": {"uv": [4, 13], "uv_size": [0.25, 0.25]},
								"up": {"uv": [13, 4], "uv_size": [0.25, 0.25]},
								"down": {"uv": [5, 13.25], "uv_size": [0.25, -0.25]}
							}
						},
						{
							"origin": [0.65314, 0.6875, -0.88837],
							"size": [0.125, 0.125, 0.125],
							"uv": {
								"north": {"uv": [13, 9], "uv_size": [0.25, 0.25]},
								"east": {"uv": [10, 13], "uv_size": [0.25, 0.25]},
								"south": {"uv": [13, 10], "uv_size": [0.25, 0.25]},
								"west": {"uv": [11, 13], "uv_size": [0.25, 0.25]},
								"up": {"uv": [13, 11], "uv_size": [0.25, 0.25]},
								"down": {"uv": [12, 13.25], "uv_size": [0.25, -0.25]}
							}
						},
						{
							"origin": [0.77814, 0.5625, -0.88837],
							"size": [0.125, 0.125, 0.125],
							"uv": {
								"north": {"uv": [15, 13], "uv_size": [0.25, 0.25]},
								"east": {"uv": [14, 15], "uv_size": [0.25, 0.25]},
								"south": {"uv": [15, 14], "uv_size": [0.25, 0.25]},
								"west": {"uv": [15, 15], "uv_size": [0.25, 0.25]},
								"up": {"uv": [0, 16], "uv_size": [0.25, 0.25]},
								"down": {"uv": [16, 0.25], "uv_size": [0.25, -0.25]}
							}
						},
						{
							"origin": [0.77814, 0.3125, -1.51337],
							"size": [0.125, 0.125, 0.5],
							"uv": {
								"north": {"uv": [1, 16], "uv_size": [0.25, 0.25]},
								"east": {"uv": [11, 4], "uv_size": [0.5, 0.25]},
								"south": {"uv": [16, 1], "uv_size": [0.25, 0.25]},
								"west": {"uv": [5, 11], "uv_size": [0.5, 0.25]},
								"up": {"uv": [11, 5], "uv_size": [0.25, 0.5]},
								"down": {"uv": [6, 11.5], "uv_size": [0.25, -0.5]}
							}
						},
						{
							"origin": [0.77814, 0.34661, -2.04463],
							"size": [0.125, 0.125, 0.5],
							"pivot": [1.15314, -0.02839, -1.91963],
							"rotation": [-5, 0, 0],
							"uv": {
								"north": {"uv": [5, 16], "uv_size": [0.25, 0.25]},
								"east": {"uv": [11, 6], "uv_size": [0.5, 0.25]},
								"south": {"uv": [16, 5], "uv_size": [0.25, 0.25]},
								"west": {"uv": [7, 11], "uv_size": [0.5, 0.25]},
								"up": {"uv": [11, 7], "uv_size": [0.25, 0.5]},
								"down": {"uv": [8, 11.5], "uv_size": [0.25, -0.5]}
							}
						},
						{
							"origin": [0.74689, 0.31536, -2.10713],
							"size": [0.1875, 0.1875, 0.125],
							"pivot": [1.12189, -0.05964, -1.91963],
							"rotation": [-5, 0, 0],
							"uv": {
								"north": {"uv": [6, 16], "uv_size": [0.25, 0.25]},
								"east": {"uv": [16, 6], "uv_size": [0.25, 0.25]},
								"south": {"uv": [7, 16], "uv_size": [0.25, 0.25]},
								"west": {"uv": [16, 7], "uv_size": [0.25, 0.25]},
								"up": {"uv": [8, 16], "uv_size": [0.25, 0.25]},
								"down": {"uv": [16, 8.25], "uv_size": [0.25, -0.25]}
							}
						},
						{
							"origin": [0.77814, 0.40717, -0.74192],
							"size": [0.125, 0.125, 0.35355],
							"pivot": [1.15314, 0.03217, -0.76337],
							"rotation": [45, 0, 0],
							"uv": {
								"north": {"uv": [2, 16], "uv_size": [0.25, 0.25]},
								"east": {"uv": [16, 2], "uv_size": [0.25, 0.25]},
								"south": {"uv": [3, 16], "uv_size": [0.25, 0.25]},
								"west": {"uv": [16, 3], "uv_size": [0.25, 0.25]},
								"up": {"uv": [4, 16], "uv_size": [0.25, 0.25]},
								"down": {"uv": [16, 4.25], "uv_size": [0.25, -0.25]}
							}
						},
						{
							"origin": [-0.54387, 0.6875, -0.72896],
							"size": [1.375, 0.125, 0.125],
							"pivot": [-0.16887, 0.3125, -0.10396],
							"rotation": [0, 10, 0],
							"uv": {
								"north": {"uv": [4, 7], "uv_size": [1.5, 0.25]},
								"east": {"uv": [13, 8], "uv_size": [0.25, 0.25]},
								"south": {"uv": [6, 7], "uv_size": [1.5, 0.25]},
								"west": {"uv": [9, 13], "uv_size": [0.25, 0.25]},
								"up": {"uv": [0, 8], "uv_size": [1.5, 0.25]},
								"down": {"uv": [2, 8.25], "uv_size": [1.5, -0.25]}
							}
						},
						{
							"origin": [-0.95267, 0.66161, -0.65625],
							"size": [0.26517, 0.125, 0.125],
							"pivot": [-0.75, 0.72411, -0.75],
							"rotation": [0, 0, -45],
							"uv": {
								"north": {"uv": [13, 5], "uv_size": [0.25, 0.25]},
								"east": {"uv": [6, 13], "uv_size": [0.25, 0.25]},
								"south": {"uv": [13, 6], "uv_size": [0.25, 0.25]},
								"west": {"uv": [7, 13], "uv_size": [0.25, 0.25]},
								"up": {"uv": [13, 7], "uv_size": [0.25, 0.25]},
								"down": {"uv": [8, 13.25], "uv_size": [0.25, -0.25]}
							}
						},
						{
							"origin": [0.71564, 0.66161, -0.88837],
							"size": [0.17678, 0.125, 0.125],
							"pivot": [0.77814, 0.72411, -0.98212],
							"rotation": [0, 0, 45],
							"uv": {
								"north": {"uv": [13, 12], "uv_size": [0.25, 0.25]},
								"east": {"uv": [13, 13], "uv_size": [0.25, 0.25]},
								"south": {"uv": [0, 14], "uv_size": [0.25, 0.25]},
								"west": {"uv": [14, 0], "uv_size": [0.25, 0.25]},
								"up": {"uv": [1, 14], "uv_size": [0.25, 0.25]},
								"down": {"uv": [14, 1.25], "uv_size": [0.25, -0.25]}
							}
						},
						{
							"origin": [-0.9375, 0.4375, -0.96875],
							"size": [0.125, 0.1875, 0.125],
							"uv": {
								"north": {"uv": [12, 14], "uv_size": [0.25, 0.25]},
								"east": {"uv": [14, 12], "uv_size": [0.25, 0.25]},
								"south": {"uv": [13, 14], "uv_size": [0.25, 0.25]},
								"west": {"uv": [14, 13], "uv_size": [0.25, 0.25]},
								"up": {"uv": [14, 14], "uv_size": [0.25, 0.25]},
								"down": {"uv": [0, 15.25], "uv_size": [0.25, -0.25]}
							}
						},
						{
							"origin": [-0.95267, 0.66161, -0.96875],
							"size": [0.26517, 0.125, 0.125],
							"pivot": [-0.75, 0.72411, -1.0625],
							"rotation": [0, 0, -45],
							"uv": {
								"north": {"uv": [9, 14], "uv_size": [0.25, 0.25]},
								"east": {"uv": [14, 9], "uv_size": [0.25, 0.25]},
								"south": {"uv": [10, 14], "uv_size": [0.25, 0.25]},
								"west": {"uv": [14, 10], "uv_size": [0.25, 0.25]},
								"up": {"uv": [11, 14], "uv_size": [0.25, 0.25]},
								"down": {"uv": [14, 11.25], "uv_size": [0.25, -0.25]}
							}
						},
						{
							"origin": [-0.75, 0.6875, -0.96875],
							"size": [0.125, 0.125, 0.125],
							"uv": {
								"north": {"uv": [6, 14], "uv_size": [0.25, 0.25]},
								"east": {"uv": [14, 6], "uv_size": [0.25, 0.25]},
								"south": {"uv": [7, 14], "uv_size": [0.25, 0.25]},
								"west": {"uv": [14, 7], "uv_size": [0.25, 0.25]},
								"up": {"uv": [8, 14], "uv_size": [0.25, 0.25]},
								"down": {"uv": [14, 8.25], "uv_size": [0.25, -0.25]}
							}
						},
						{
							"origin": [-0.54387, 0.6875, -1.04146],
							"size": [1.375, 0.125, 0.125],
							"pivot": [-0.16887, 0.3125, -0.41646],
							"rotation": [0, 10, 0],
							"uv": {
								"north": {"uv": [8, 2], "uv_size": [1.5, 0.25]},
								"east": {"uv": [5, 14], "uv_size": [0.25, 0.25]},
								"south": {"uv": [8, 3], "uv_size": [1.5, 0.25]},
								"west": {"uv": [14, 5], "uv_size": [0.25, 0.25]},
								"up": {"uv": [4, 8], "uv_size": [1.5, 0.25]},
								"down": {"uv": [8, 4.25], "uv_size": [1.5, -0.25]}
							}
						},
						{
							"origin": [0.79161, 0.6875, -1.39502],
							"size": [0.125, 0.125, 0.125],
							"uv": {
								"north": {"uv": [15, 0], "uv_size": [0.25, 0.25]},
								"east": {"uv": [1, 15], "uv_size": [0.25, 0.25]},
								"south": {"uv": [15, 1], "uv_size": [0.25, 0.25]},
								"west": {"uv": [2, 15], "uv_size": [0.25, 0.25]},
								"up": {"uv": [15, 2], "uv_size": [0.25, 0.25]},
								"down": {"uv": [3, 15.25], "uv_size": [0.25, -0.25]}
							}
						},
						{
							"origin": [0.79161, 0.77243, -1.99071],
							"size": [0.125, 0.125, 0.125],
							"uv": {
								"north": {"uv": [15, 7], "uv_size": [0.25, 0.25]},
								"east": {"uv": [8, 15], "uv_size": [0.25, 0.25]},
								"south": {"uv": [15, 8], "uv_size": [0.25, 0.25]},
								"west": {"uv": [9, 15], "uv_size": [0.25, 0.25]},
								"up": {"uv": [15, 9], "uv_size": [0.25, 0.25]},
								"down": {"uv": [10, 15.25], "uv_size": [0.25, -0.25]}
							}
						},
						{
							"origin": [0.76036, 0.74118, -1.99071],
							"size": [0.1875, 0.1875, 0.0625],
							"uv": {
								"north": {"uv": [15, 10], "uv_size": [0.25, 0.25]},
								"east": {"uv": [11, 15], "uv_size": [0.25, 0.25]},
								"south": {"uv": [15, 11], "uv_size": [0.25, 0.25]},
								"west": {"uv": [12, 15], "uv_size": [0.25, 0.25]},
								"up": {"uv": [15, 12], "uv_size": [0.25, 0.25]},
								"down": {"uv": [13, 15.25], "uv_size": [0.25, -0.25]}
							}
						},
						{
							"origin": [0.79161, 0.70826, -1.88226],
							"size": [0.125, 0.125, 0.5],
							"pivot": [0.85411, 0.77076, -1.50726],
							"rotation": [-10, 0, 0],
							"uv": {
								"north": {"uv": [15, 6], "uv_size": [0.25, 0.25]},
								"east": {"uv": [11, 2], "uv_size": [0.5, 0.25]},
								"south": {"uv": [7, 15], "uv_size": [0.25, 0.25]},
								"west": {"uv": [3, 11], "uv_size": [0.5, 0.25]},
								"up": {"uv": [11, 3], "uv_size": [0.25, 0.5]},
								"down": {"uv": [4, 11.5], "uv_size": [0.25, -0.5]}
							}
						},
						{
							"origin": [0.17733, 0.6875, -1.31735],
							"size": [0.125, 0.125, 0.26517],
							"pivot": [0.55233, 0.3125, -0.55219],
							"rotation": [0, -45, 0],
							"uv": {
								"north": {"uv": [15, 3], "uv_size": [0.25, 0.25]},
								"east": {"uv": [4, 15], "uv_size": [0.25, 0.25]},
								"south": {"uv": [15, 4], "uv_size": [0.25, 0.25]},
								"west": {"uv": [5, 15], "uv_size": [0.25, 0.25]},
								"up": {"uv": [15, 5], "uv_size": [0.25, 0.25]},
								"down": {"uv": [6, 15.25], "uv_size": [0.25, -0.25]}
							}
						},
						{
							"origin": [-1.13373, -0.04731, -1.125],
							"size": [0.5, 0.25, 0.75],
							"pivot": [-0.63373, -0.29731, 0.125],
							"rotation": [0, 0, 22.5],
							"uv": {
								"north": {"uv": [11, 1], "uv_size": [0.5, 0.25]},
								"east": {"uv": [8, 10], "uv_size": [0.75, 0.25]},
								"south": {"uv": [2, 11], "uv_size": [0.5, 0.25]},
								"west": {"uv": [10, 8], "uv_size": [0.75, 0.25]},
								"up": {"uv": [7, 2], "uv_size": [0.5, 0.75]},
								"down": {"uv": [7, 3.75], "uv_size": [0.5, -0.75]}
							}
						},
						{
							"origin": [-0.75, -0.375, -0.25],
							"size": [1.5, 0.75, 0.25],
							"uv": {
								"north": {"uv": [2, 4], "uv_size": [1.5, 0.75]},
								"east": {"uv": [5, 10], "uv_size": [0.25, 0.75]},
								"south": {"uv": [4, 2], "uv_size": [1.5, 0.75]},
								"west": {"uv": [10, 5], "uv_size": [0.25, 0.75]},
								"up": {"uv": [4, 6], "uv_size": [1.5, 0.25]},
								"down": {"uv": [6, 4.25], "uv_size": [1.5, -0.25]}
							}
						},
						{
							"origin": [-0.749, 0.21339, -0.39017],
							"size": [1.498, 0.35355, 0.25],
							"pivot": [0, 0.46339, -0.26517],
							"rotation": [45, 0, 0],
							"uv": {
								"north": {"uv": [6, 5], "uv_size": [1.5, 0.25]},
								"east": {"uv": [7, 12], "uv_size": [0.25, 0.25]},
								"south": {"uv": [6, 6], "uv_size": [1.5, 0.25]},
								"west": {"uv": [12, 7], "uv_size": [0.25, 0.25]},
								"up": {"uv": [7, 0], "uv_size": [1.5, 0.25]},
								"down": {"uv": [7, 1.25], "uv_size": [1.5, -0.25]}
							}
						},
						{
							"origin": [0.625, 0.625, -3],
							"size": [0.125, 1, 1],
							"uv": {
								"north": {"uv": [1, 9], "uv_size": [0.25, 1]},
								"east": {"uv": [4, 4], "uv_size": [1, 1]},
								"south": {"uv": [2, 9], "uv_size": [0.25, 1]},
								"west": {"uv": [2, 5], "uv_size": [1, 1]},
								"up": {"uv": [3, 9], "uv_size": [0.25, 1]},
								"down": {"uv": [4, 10], "uv_size": [0.25, -1]}
							}
						},
						{
							"origin": [0.624, 0.22172, -2.2706],
							"size": [0.125, 1.25, 0.5],
							"pivot": [0.625, 0.97172, -2.2706],
							"rotation": [22.5, 0, 0],
							"uv": {
								"north": {"uv": [8, 5], "uv_size": [0.25, 1.25]},
								"east": {"uv": [1, 6], "uv_size": [0.5, 1.25]},
								"south": {"uv": [6, 8], "uv_size": [0.25, 1.25]},
								"west": {"uv": [2, 6], "uv_size": [0.5, 1.25]},
								"up": {"uv": [10, 10], "uv_size": [0.25, 0.5]},
								"down": {"uv": [0, 11.5], "uv_size": [0.25, -0.5]}
							}
						},
						{
							"origin": [-0.749, 0.22172, -2.2706],
							"size": [0.125, 1.25, 0.5],
							"pivot": [-0.625, 0.97172, -2.2706],
							"rotation": [22.5, 0, 0],
							"uv": {
								"north": {"uv": [7, 8], "uv_size": [0.25, 1.25]},
								"east": {"uv": [6, 2], "uv_size": [0.5, 1.25]},
								"south": {"uv": [8, 7], "uv_size": [0.25, 1.25]},
								"west": {"uv": [3, 6], "uv_size": [0.5, 1.25]},
								"up": {"uv": [11, 0], "uv_size": [0.25, 0.5]},
								"down": {"uv": [1, 11.5], "uv_size": [0.25, -0.5]}
							}
						},
						{
							"origin": [-0.75, 0.625, -3],
							"size": [0.125, 1, 1],
							"uv": {
								"north": {"uv": [5, 9], "uv_size": [0.25, 1]},
								"east": {"uv": [3, 5], "uv_size": [1, 1]},
								"south": {"uv": [9, 5], "uv_size": [0.25, 1]},
								"west": {"uv": [4, 5], "uv_size": [1, 1]},
								"up": {"uv": [9, 6], "uv_size": [0.25, 1]},
								"down": {"uv": [9, 8], "uv_size": [0.25, -1]}
							}
						},
						{
							"origin": [-0.5, 1.75, -3],
							"size": [1, 0.125, 1],
							"uv": {
								"north": {"uv": [8, 9], "uv_size": [1, 0.25]},
								"east": {"uv": [9, 8], "uv_size": [1, 0.25]},
								"south": {"uv": [9, 9], "uv_size": [1, 0.25]},
								"west": {"uv": [10, 0], "uv_size": [1, 0.25]},
								"up": {"uv": [5, 4], "uv_size": [1, 1]},
								"down": {"uv": [5, 6], "uv_size": [1, -1]}
							}
						},
						{
							"origin": [0.4545, 1.89017, -3],
							"size": [0.35355, 0.125, 1],
							"pivot": [0.30806, 1.89017, -2.5],
							"rotation": [0, 0, 45],
							"uv": {
								"north": {"uv": [5, 12], "uv_size": [0.25, 0.25]},
								"east": {"uv": [1, 10], "uv_size": [1, 0.25]},
								"south": {"uv": [12, 5], "uv_size": [0.25, 0.25]},
								"west": {"uv": [10, 1], "uv_size": [1, 0.25]},
								"up": {"uv": [2, 10], "uv_size": [0.25, 1]},
								"down": {"uv": [10, 3], "uv_size": [0.25, -1]}
							}
						},
						{
							"origin": [-0.80806, 1.89017, -3],
							"size": [0.35355, 0.125, 1],
							"pivot": [-0.30806, 1.89017, -2.5],
							"rotation": [0, 0, -45],
							"uv": {
								"north": {"uv": [6, 12], "uv_size": [0.25, 0.25]},
								"east": {"uv": [3, 10], "uv_size": [1, 0.25]},
								"south": {"uv": [12, 6], "uv_size": [0.25, 0.25]},
								"west": {"uv": [10, 3], "uv_size": [1, 0.25]},
								"up": {"uv": [4, 10], "uv_size": [0.25, 1]},
								"down": {"uv": [10, 5], "uv_size": [0.25, -1]}
							}
						}
					]
				},
				{
					"name": "scope_view",
					"pivot": [0, 1.1875, 4]
				},
				{
					"name": "ocular",
					"pivot": [0, 0, 0],
					"cubes": [
						{
							"origin": [-0.625, 0.625, -2.75],
							"size": [1.25, 1.125, 0],
							"uv": {
								"south": {"uv": [0, 4], "uv_size": [1.25, 1.25]}
							}
						}
					]
				},
				{
					"name": "division",
					"pivot": [0, 0, 0]
				},
				{
					"name": "division_illuminated",
					"parent": "division",
					"pivot": [0, 0, -41],
					"cubes": [
						{
							"origin": [-0.125, 1.0625, -40],
							"size": [0.25, 0.25, 0],
							"pivot": [0, 1.1875, -40],
							"rotation": [0, 0, -45],
							"uv": {
								"south": {"uv": [16, 16], "uv_size": [0.25, 0.25]}
							}
						}
					]
				}
			]
		}
	]
}