{
  "materials": [
    {
      "item": {
        "tag": "forge:plates/steel"
      },
      "count": 6
    },
    {
      "item": {
        "tag": "forge:plates/iron"
      },
      "count": 2
    },
    {
      "item": {
        "item": "immersiveengineering:wirecoil_electrum"
      },
      "count": 2
    },
    {
      "item": {
        "tag": "forge:treated_wood"
      },
      "count": 1
    }
  ],
  "result": {
    "type": "attachment",
    "id": "immersive_armorer:extended_capacitor_2"
  }
}