{
  "materials": [
    {
      "item": {
        "tag": "forge:ingots/steel"
      },
      "count": 2
    },
    {
      "item": {
        "tag": "forge:ingots/copper"
      },
      "count": 2
    },
    {
      "item": {
        "tag": "forge:ingots/gold"
      },
      "count": 2
    },
    {
      "item": {
        "tag": "forge:glass_panes"
      },
      "count": 2
    }
  ],
  "result": {
    "type": "attachment",
    "id": "immersive_armorer:scope_spyglass_ie"
  }
}