{
	"format_version": "1.12.0",
	"minecraft:geometry": [
		{
			"description": {
				"identifier": "geometry.uzi_stock - Converted",
				"texture_width": 64,
				"texture_height": 64,
				"visible_bounds_width": 4,
				"visible_bounds_height": 2.5,
				"visible_bounds_offset": [0, 0.75, 0]
			},
			"bones": [
				{
					"name": "root",
					"pivot": [0, 8.375, -8.625]
				},
				{
					"name": "uzi",
					"parent": "root",
					"pivot": [0, 8.375, -8.625],
					"cubes": [
						{
							"origin": [-0.75, 3, 4],
							"size": [1.5, 1.75, 0.25],
							"uv": {
								"east": {"uv": [35, 26], "uv_size": [0.5, 2]},
								"south": {"uv": [29, 10], "uv_size": [1.5, 2]},
								"west": {"uv": [4, 36], "uv_size": [0.5, 2]}
							}
						},
						{
							"origin": [-0.75, 2.5, 1.75],
							"size": [1.5, 4.5, 2.25],
							"inflate": 0.005,
							"uv": {
								"north": {"uv": [23, 2], "uv_size": [1.5, 4.5]},
								"east": {"uv": [19, 2], "uv_size": [2.5, 4.5]},
								"south": {"uv": [7, 25], "uv_size": [1.5, 4.5]},
								"west": {"uv": [6, 19], "uv_size": [2.5, 4.5]},
								"down": {"uv": [28, 15.5], "uv_size": [1.5, -2.5]}
							}
						},
						{
							"origin": [-0.75, 6.66161, 3.43306],
							"size": [1.5, 0.70711, 1],
							"pivot": [0, 6.91161, 4.05806],
							"rotation": [45, 0, 0],
							"uv": {
								"east": {"uv": [23, 38], "uv_size": [1, 0.5]},
								"west": {"uv": [25, 38], "uv_size": [1, 0.5]},
								"down": {"uv": [32, 29], "uv_size": [1.5, -1]}
							}
						},
						{
							"origin": [-0.75, 4.68313, 3.91384],
							"size": [1.5, 0.75, 0.25],
							"pivot": [0, 4.93313, 4.03884],
							"rotation": [22.5, 0, 0],
							"uv": {
								"east": {"uv": [38, 29], "uv_size": [0.5, 1]},
								"south": {"uv": [33, 2], "uv_size": [1.5, 1]},
								"west": {"uv": [31, 38], "uv_size": [0.5, 1]}
							}
						},
						{
							"origin": [-0.75, 2.51388, 3.86601],
							"size": [1.5, 0.5625, 0.25],
							"pivot": [0, 2.70138, 3.99101],
							"rotation": [-22.5, 0, 0],
							"uv": {
								"east": {"uv": [38, 33], "uv_size": [0.5, 0.5]},
								"south": {"uv": [37, 27], "uv_size": [1.5, 0.5]},
								"west": {"uv": [35, 38], "uv_size": [0.5, 0.5]},
								"down": {"uv": [28, 37.5], "uv_size": [1.5, -0.5]}
							}
						},
						{
							"origin": [-0.5, 0, 1.875],
							"size": [1, 7, 1.5],
							"uv": {
								"north": {"uv": [3, 24], "uv_size": [1, 7]},
								"east": {"uv": [16, 19], "uv_size": [1.5, 7]},
								"south": {"uv": [5, 25], "uv_size": [1, 7]},
								"west": {"uv": [19, 19], "uv_size": [1.5, 7]},
								"down": {"uv": [5, 34.5], "uv_size": [1, -1.5]}
							}
						},
						{
							"origin": [-1, 7, -0.5],
							"size": [2, 1, 5.25],
							"uv": {
								"east": {"uv": [25, 17], "uv_size": [5.5, 1]},
								"south": {"uv": [18, 32], "uv_size": [2, 1]},
								"west": {"uv": [26, 2], "uv_size": [5.5, 1]},
								"up": {"uv": [10, 19], "uv_size": [2, 5.5]},
								"down": {"uv": [13, 24.5], "uv_size": [2, -5.5]}
							}
						},
						{
							"origin": [-0.8125, 7.75, -6.75],
							"size": [1.625, 1.75, 16.5],
							"uv": {
								"north": {"uv": [20, 29], "uv_size": [1.5, 2]},
								"east": {"uv": [0, 0], "uv_size": [16.5, 2]},
								"south": {"uv": [29, 22], "uv_size": [1.5, 2]},
								"west": {"uv": [0, 3], "uv_size": [16.5, 2]},
								"up": {"uv": [0, 6], "uv_size": [1.5, 16.5]},
								"down": {"uv": [3, 22.5], "uv_size": [1.5, -16.5]}
							}
						},
						{
							"origin": [-0.9375, 9.1875, -3.5],
							"size": [1.875, 0.75, 11.25],
							"inflate": 0.005,
							"uv": {
								"east": {"uv": [12, 17], "uv_size": [11.5, 1]},
								"south": {"uv": [32, 22], "uv_size": [2, 1]},
								"west": {"uv": [18, 0], "uv_size": [11.5, 1]},
								"up": {"uv": [6, 6], "uv_size": [2, 11.5]},
								"down": {"uv": [9, 17.5], "uv_size": [2, -11.5]}
							}
						},
						{
							"origin": [-0.4375, 9.75, -2.5625],
							"size": [0.875, 0.875, 0.875],
							"pivot": [0, 10.1875, -2.125],
							"rotation": [0, -45, 0],
							"uv": {
								"north": {"uv": [20, 27], "uv_size": [1, 1]},
								"east": {"uv": [36, 2], "uv_size": [1, 1]},
								"south": {"uv": [17, 36], "uv_size": [1, 1]},
								"west": {"uv": [36, 17], "uv_size": [1, 1]},
								"up": {"uv": [19, 36], "uv_size": [1, 1]},
								"down": {"uv": [36, 20], "uv_size": [1, -1]}
							}
						},
						{
							"origin": [-0.6875, 9.5, 7.75],
							"size": [1.375, 0.375, 2],
							"uv": {
								"east": {"uv": [23, 36], "uv_size": [2, 0.5]},
								"south": {"uv": [37, 36], "uv_size": [1.5, 0.5]},
								"west": {"uv": [32, 36], "uv_size": [2, 0.5]},
								"up": {"uv": [29, 25], "uv_size": [1.5, 2]}
							}
						},
						{
							"origin": [-0.6875, 9.875, 7.75],
							"size": [1.375, 0.5, 1.5],
							"uv": {
								"north": {"uv": [38, 0], "uv_size": [1.5, 0.5]},
								"east": {"uv": [38, 2], "uv_size": [1.5, 0.5]},
								"south": {"uv": [38, 4], "uv_size": [1.5, 0.5]},
								"west": {"uv": [6, 38], "uv_size": [1.5, 0.5]},
								"up": {"uv": [25, 31], "uv_size": [1.5, 1.5]},
								"down": {"uv": [28, 32.5], "uv_size": [1.5, -1.5]}
							}
						},
						{
							"origin": [-0.6875, 10.00628, 8.1224],
							"size": [1.375, 1.06066, 1.06066],
							"inflate": 0.001,
							"pivot": [0, 10.64017, 8.38128],
							"rotation": [-45, 0, 0],
							"uv": {
								"east": {"uv": [26, 36], "uv_size": [1, 1]},
								"west": {"uv": [36, 34], "uv_size": [1, 1]}
							}
						},
						{
							"origin": [0, 5, -1],
							"size": [0, 2, 2.75],
							"uv": {
								"east": {"uv": [25, 22], "uv_size": [3, 2]},
								"west": {"uv": [25, 25], "uv_size": [3, 2]}
							}
						},
						{
							"origin": [-0.6875, 6.75, 5.25],
							"size": [1.375, 1.75, 5.5],
							"uv": {
								"north": {"uv": [29, 28], "uv_size": [1.5, 2]},
								"east": {"uv": [19, 8], "uv_size": [5.5, 2]},
								"south": {"uv": [30, 19], "uv_size": [1.5, 2]},
								"west": {"uv": [19, 11], "uv_size": [5.5, 2]},
								"up": {"uv": [22, 22], "uv_size": [1.5, 5.5]},
								"down": {"uv": [0, 29.5], "uv_size": [1.5, -5.5]}
							}
						},
						{
							"origin": [-0.5, 3, 10.75],
							"size": [1, 4.5, 0.75],
							"uv": {
								"north": {"uv": [26, 4], "uv_size": [1, 4.5]},
								"east": {"uv": [10, 26], "uv_size": [1, 4.5]},
								"south": {"uv": [12, 26], "uv_size": [1, 4.5]},
								"west": {"uv": [14, 26], "uv_size": [1, 4.5]},
								"down": {"uv": [35, 37], "uv_size": [1, -1]}
							}
						},
						{
							"origin": [-0.5, 4, 10],
							"size": [1, 3.75, 0.75],
							"inflate": -0.005,
							"pivot": [0, 5.875, 10.375],
							"rotation": [22.5, 0, 0],
							"uv": {
								"east": {"uv": [16, 27], "uv_size": [1, 4]},
								"west": {"uv": [18, 27], "uv_size": [1, 4]},
								"down": {"uv": [37, 7], "uv_size": [1, -1]}
							}
						},
						{
							"origin": [-0.5, 7.16254, 10.43287],
							"size": [1, 0.5, 1],
							"pivot": [0, 7.41254, 11.05787],
							"rotation": [-22.5, 0, 0],
							"uv": {
								"east": {"uv": [38, 31], "uv_size": [1, 0.5]},
								"west": {"uv": [33, 38], "uv_size": [1, 0.5]},
								"up": {"uv": [37, 8], "uv_size": [1, 1]}
							}
						},
						{
							"origin": [0.6875, 8.8125, -0.5],
							"size": [0.25, 0.25, 5.25],
							"pivot": [0.8125, 8.9375, 3.625],
							"rotation": [0, 0, -45],
							"uv": {
								"north": {"uv": [37, 38], "uv_size": [0.5, 0.5]},
								"south": {"uv": [2, 39], "uv_size": [0.5, 0.5]},
								"west": {"uv": [31, 0], "uv_size": [5.5, 0.5]},
								"down": {"uv": [23, 34.5], "uv_size": [0.5, -5.5]}
							}
						},
						{
							"origin": [-0.9375, 8.8125, 3.5],
							"size": [0.25, 0.25, 1.25],
							"pivot": [-0.8125, 8.9375, 3.625],
							"rotation": [0, 0, 45],
							"uv": {
								"north": {"uv": [4, 39], "uv_size": [0.5, 0.5]},
								"east": {"uv": [38, 12], "uv_size": [1.5, 0.5]},
								"south": {"uv": [39, 6], "uv_size": [0.5, 0.5]},
								"down": {"uv": [0, 39.5], "uv_size": [0.5, -1.5]}
							}
						},
						{
							"origin": [-0.9375, 8.8125, -0.5],
							"size": [0.25, 0.25, 1.25],
							"pivot": [-0.8125, 8.9375, -0.375],
							"rotation": [0, 0, 45],
							"uv": {
								"north": {"uv": [39, 8], "uv_size": [0.5, 0.5]},
								"east": {"uv": [17, 38], "uv_size": [1.5, 0.5]},
								"south": {"uv": [9, 39], "uv_size": [0.5, 0.5]},
								"down": {"uv": [38, 18.5], "uv_size": [0.5, -1.5]}
							}
						},
						{
							"origin": [0.6875, 8.1875, -0.5],
							"size": [0.25, 0.25, 5.25],
							"pivot": [0.8125, 8.3125, 3.625],
							"rotation": [0, 0, -45],
							"uv": {
								"south": {"uv": [39, 10], "uv_size": [0.5, 0.5]},
								"west": {"uv": [31, 4], "uv_size": [5.5, 0.5]},
								"down": {"uv": [0, 36.5], "uv_size": [0.5, -5.5]}
							}
						},
						{
							"origin": [0.6875, 8.1875, 5.5],
							"size": [0.25, 0.25, 2.25],
							"pivot": [0.8125, 8.3125, 9.625],
							"rotation": [0, 0, -45],
							"uv": {
								"north": {"uv": [11, 39], "uv_size": [0.5, 0.5]},
								"south": {"uv": [13, 39], "uv_size": [0.5, 0.5]},
								"west": {"uv": [34, 32], "uv_size": [2.5, 0.5]},
								"down": {"uv": [9, 37.5], "uv_size": [0.5, -2.5]}
							}
						},
						{
							"origin": [0.6875, 8.8125, 5.5],
							"size": [0.25, 0.25, 2.25],
							"pivot": [0.8125, 8.9375, 9.625],
							"rotation": [0, 0, -45],
							"uv": {
								"north": {"uv": [39, 14], "uv_size": [0.5, 0.5]},
								"south": {"uv": [15, 39], "uv_size": [0.5, 0.5]},
								"west": {"uv": [35, 10], "uv_size": [2.5, 0.5]},
								"down": {"uv": [11, 37.5], "uv_size": [0.5, -2.5]}
							}
						},
						{
							"origin": [-0.9375, 8.8125, 5.5],
							"size": [0.25, 0.25, 2.25],
							"pivot": [-0.8125, 8.9375, 9.625],
							"rotation": [0, 0, 45],
							"uv": {
								"north": {"uv": [20, 39], "uv_size": [0.5, 0.5]},
								"east": {"uv": [13, 35], "uv_size": [2.5, 0.5]},
								"south": {"uv": [39, 20], "uv_size": [0.5, 0.5]},
								"down": {"uv": [21, 37.5], "uv_size": [0.5, -2.5]}
							}
						},
						{
							"origin": [-0.9375, 8.1875, 5.5],
							"size": [0.25, 0.25, 2.25],
							"pivot": [-0.8125, 8.3125, 9.625],
							"rotation": [0, 0, 45],
							"uv": {
								"north": {"uv": [39, 22], "uv_size": [0.5, 0.5]},
								"east": {"uv": [35, 15], "uv_size": [2.5, 0.5]},
								"south": {"uv": [39, 24], "uv_size": [0.5, 0.5]},
								"down": {"uv": [35, 24.5], "uv_size": [0.5, -2.5]}
							}
						},
						{
							"origin": [-0.9375, 8.1875, -0.5],
							"size": [0.25, 0.25, 5.25],
							"pivot": [-0.8125, 8.3125, 3.625],
							"rotation": [0, 0, 45],
							"uv": {
								"north": {"uv": [27, 39], "uv_size": [0.5, 0.5]},
								"east": {"uv": [31, 13], "uv_size": [5.5, 0.5]},
								"south": {"uv": [29, 39], "uv_size": [0.5, 0.5]},
								"down": {"uv": [7, 36.5], "uv_size": [0.5, -5.5]}
							}
						},
						{
							"origin": [-0.41659, 9.1875, -3.83341],
							"size": [1.32583, 0.75, 1.32583],
							"inflate": -0.005,
							"pivot": [0.52091, 9.625, -3.63258],
							"rotation": [0, -45, 0],
							"uv": {
								"north": {"uv": [33, 18], "uv_size": [1.5, 1]},
								"east": {"uv": [33, 20], "uv_size": [1.5, 1]},
								"up": {"uv": [31, 31], "uv_size": [1.5, 1.5]},
								"down": {"uv": [2, 33.5], "uv_size": [1.5, -1.5]}
							}
						},
						{
							"origin": [-0.5625, 9.1875, -5.25],
							"size": [1.125, 0.75, 1.75],
							"uv": {
								"north": {"uv": [13, 37], "uv_size": [1, 1]},
								"east": {"uv": [32, 24], "uv_size": [2, 1]},
								"west": {"uv": [32, 26], "uv_size": [2, 1]},
								"up": {"uv": [21, 32], "uv_size": [1, 2]}
							}
						},
						{
							"origin": [-0.5, 9.25, -6.5],
							"size": [1, 1.125, 1.25],
							"uv": {
								"north": {"uv": [15, 37], "uv_size": [1, 1]},
								"east": {"uv": [18, 34], "uv_size": [1.5, 1]},
								"south": {"uv": [37, 21], "uv_size": [1, 1]},
								"west": {"uv": [25, 34], "uv_size": [1.5, 1]},
								"up": {"uv": [28, 34], "uv_size": [1, 1.5]},
								"down": {"uv": [30, 35.5], "uv_size": [1, -1.5]}
							}
						},
						{
							"origin": [-0.5, 10.13442, -5.83081],
							"size": [1, 0.88388, 0.88388],
							"inflate": 0.001,
							"pivot": [0, 11.0625, -5.875],
							"rotation": [-45, 0, 0],
							"uv": {
								"east": {"uv": [37, 23], "uv_size": [1, 1]},
								"west": {"uv": [37, 25], "uv_size": [1, 1]}
							}
						},
						{
							"origin": [-1.25, 6.75, -6.75],
							"size": [2.5, 1.5, 6.25],
							"inflate": 0.005,
							"uv": {
								"north": {"uv": [28, 7], "uv_size": [2.5, 1.5]},
								"east": {"uv": [20, 14], "uv_size": [6.5, 1.5]},
								"south": {"uv": [25, 28], "uv_size": [2.5, 1.5]},
								"west": {"uv": [22, 19], "uv_size": [6.5, 1.5]},
								"down": {"uv": [12, 12.5], "uv_size": [2.5, -6.5]}
							}
						},
						{
							"origin": [-1.76777, 7.73223, -6.75],
							"size": [1.76777, 1.76777, 6.25],
							"inflate": -0.005,
							"pivot": [0, 9.5, -3.625],
							"rotation": [0, 0, -45],
							"uv": {
								"north": {"uv": [26, 10], "uv_size": [2, 2]},
								"south": {"uv": [28, 4], "uv_size": [2, 2]},
								"west": {"uv": [12, 14], "uv_size": [6.5, 2]},
								"up": {"uv": [16, 6], "uv_size": [2, 6.5]}
							}
						},
						{
							"origin": [-0.625, 7.75, -8],
							"size": [1.25, 1.25, 1.25],
							"pivot": [0, 8.375, -7.375],
							"rotation": [0, 0, 45],
							"uv": {
								"north": {"uv": [32, 6], "uv_size": [1.5, 1.5]},
								"east": {"uv": [9, 32], "uv_size": [1.5, 1.5]},
								"south": {"uv": [32, 9], "uv_size": [1.5, 1.5]},
								"west": {"uv": [12, 32], "uv_size": [1.5, 1.5]},
								"up": {"uv": [15, 32], "uv_size": [1.5, 1.5]},
								"down": {"uv": [32, 16.5], "uv_size": [1.5, -1.5]}
							}
						},
						{
							"origin": [-0.3125, 8.0625, -11],
							"size": [0.625, 0.625, 3],
							"pivot": [0, 8.375, -8.625],
							"rotation": [0, 0, 45],
							"uv": {
								"north": {"uv": [39, 38], "uv_size": [0.5, 0.5]},
								"east": {"uv": [34, 30], "uv_size": [3, 0.5]},
								"west": {"uv": [32, 34], "uv_size": [3, 0.5]},
								"up": {"uv": [2, 35], "uv_size": [0.5, 3]},
								"down": {"uv": [35, 9], "uv_size": [0.5, -3]}
							}
						}
					]
				},
				{
					"name": "positioning2",
					"parent": "root",
					"pivot": [0, 0, 0]
				},
				{
					"name": "scope_pos",
					"parent": "positioning2",
					"pivot": [0, 9.975, 4.275]
				},
				{
					"name": "uzi2",
					"parent": "root",
					"pivot": [3, 8.375, -8.625],
					"cubes": [
						{
							"origin": [2.25, 3, 4],
							"size": [1.5, 1.75, 0.25],
							"uv": {
								"east": {"uv": [35, 26], "uv_size": [0.5, 2]},
								"south": {"uv": [29, 10], "uv_size": [1.5, 2]},
								"west": {"uv": [4, 36], "uv_size": [0.5, 2]}
							}
						},
						{
							"origin": [2.25, 2.5, 1.75],
							"size": [1.5, 4.5, 2.25],
							"inflate": 0.005,
							"uv": {
								"north": {"uv": [23, 2], "uv_size": [1.5, 4.5]},
								"east": {"uv": [19, 2], "uv_size": [2.5, 4.5]},
								"south": {"uv": [7, 25], "uv_size": [1.5, 4.5]},
								"west": {"uv": [6, 19], "uv_size": [2.5, 4.5]},
								"down": {"uv": [28, 15.5], "uv_size": [1.5, -2.5]}
							}
						},
						{
							"origin": [2.25, 6.66161, 3.43306],
							"size": [1.5, 0.70711, 1],
							"pivot": [3, 6.91161, 4.05806],
							"rotation": [45, 0, 0],
							"uv": {
								"east": {"uv": [23, 38], "uv_size": [1, 0.5]},
								"west": {"uv": [25, 38], "uv_size": [1, 0.5]},
								"down": {"uv": [32, 29], "uv_size": [1.5, -1]}
							}
						},
						{
							"origin": [2.25, 4.68313, 3.91384],
							"size": [1.5, 0.75, 0.25],
							"pivot": [3, 4.93313, 4.03884],
							"rotation": [22.5, 0, 0],
							"uv": {
								"east": {"uv": [38, 29], "uv_size": [0.5, 1]},
								"south": {"uv": [33, 2], "uv_size": [1.5, 1]},
								"west": {"uv": [31, 38], "uv_size": [0.5, 1]}
							}
						},
						{
							"origin": [2.25, 2.51388, 3.86601],
							"size": [1.5, 0.5625, 0.25],
							"pivot": [3, 2.70138, 3.99101],
							"rotation": [-22.5, 0, 0],
							"uv": {
								"east": {"uv": [38, 33], "uv_size": [0.5, 0.5]},
								"south": {"uv": [37, 27], "uv_size": [1.5, 0.5]},
								"west": {"uv": [35, 38], "uv_size": [0.5, 0.5]},
								"down": {"uv": [28, 37.5], "uv_size": [1.5, -0.5]}
							}
						},
						{
							"origin": [2.5, 0, 1.875],
							"size": [1, 7, 1.5],
							"uv": {
								"north": {"uv": [3, 24], "uv_size": [1, 7]},
								"east": {"uv": [16, 19], "uv_size": [1.5, 7]},
								"south": {"uv": [5, 25], "uv_size": [1, 7]},
								"west": {"uv": [19, 19], "uv_size": [1.5, 7]},
								"down": {"uv": [5, 34.5], "uv_size": [1, -1.5]}
							}
						},
						{
							"origin": [2, 7, -0.5],
							"size": [2, 1, 5.25],
							"uv": {
								"east": {"uv": [25, 17], "uv_size": [5.5, 1]},
								"south": {"uv": [18, 32], "uv_size": [2, 1]},
								"west": {"uv": [26, 2], "uv_size": [5.5, 1]},
								"up": {"uv": [10, 19], "uv_size": [2, 5.5]},
								"down": {"uv": [13, 24.5], "uv_size": [2, -5.5]}
							}
						},
						{
							"origin": [2.1875, 7.75, -6.75],
							"size": [1.625, 1.75, 16.5],
							"uv": {
								"north": {"uv": [20, 29], "uv_size": [1.5, 2]},
								"east": {"uv": [0, 0], "uv_size": [16.5, 2]},
								"south": {"uv": [29, 22], "uv_size": [1.5, 2]},
								"west": {"uv": [0, 3], "uv_size": [16.5, 2]},
								"up": {"uv": [0, 6], "uv_size": [1.5, 16.5]},
								"down": {"uv": [3, 22.5], "uv_size": [1.5, -16.5]}
							}
						},
						{
							"origin": [2.0625, 9.1875, -3.5],
							"size": [1.875, 0.75, 11.25],
							"inflate": 0.005,
							"uv": {
								"east": {"uv": [12, 17], "uv_size": [11.5, 1]},
								"south": {"uv": [32, 22], "uv_size": [2, 1]},
								"west": {"uv": [18, 0], "uv_size": [11.5, 1]},
								"up": {"uv": [6, 6], "uv_size": [2, 11.5]},
								"down": {"uv": [9, 17.5], "uv_size": [2, -11.5]}
							}
						},
						{
							"origin": [2.5625, 9.75, -2.5625],
							"size": [0.875, 0.875, 0.875],
							"pivot": [3, 10.1875, -2.125],
							"rotation": [0, -45, 0],
							"uv": {
								"north": {"uv": [20, 27], "uv_size": [1, 1]},
								"east": {"uv": [36, 2], "uv_size": [1, 1]},
								"south": {"uv": [17, 36], "uv_size": [1, 1]},
								"west": {"uv": [36, 17], "uv_size": [1, 1]},
								"up": {"uv": [19, 36], "uv_size": [1, 1]},
								"down": {"uv": [36, 20], "uv_size": [1, -1]}
							}
						},
						{
							"origin": [2.3125, 9.5, 7.75],
							"size": [1.375, 0.375, 2],
							"uv": {
								"east": {"uv": [23, 36], "uv_size": [2, 0.5]},
								"south": {"uv": [37, 36], "uv_size": [1.5, 0.5]},
								"west": {"uv": [32, 36], "uv_size": [2, 0.5]},
								"up": {"uv": [29, 25], "uv_size": [1.5, 2]}
							}
						},
						{
							"origin": [2.3125, 9.875, 7.75],
							"size": [1.375, 0.5, 1.5],
							"uv": {
								"north": {"uv": [38, 0], "uv_size": [1.5, 0.5]},
								"east": {"uv": [38, 2], "uv_size": [1.5, 0.5]},
								"south": {"uv": [38, 4], "uv_size": [1.5, 0.5]},
								"west": {"uv": [6, 38], "uv_size": [1.5, 0.5]},
								"up": {"uv": [25, 31], "uv_size": [1.5, 1.5]},
								"down": {"uv": [28, 32.5], "uv_size": [1.5, -1.5]}
							}
						},
						{
							"origin": [2.3125, 10.00628, 8.1224],
							"size": [1.375, 1.06066, 1.06066],
							"inflate": 0.001,
							"pivot": [3, 10.64017, 8.38128],
							"rotation": [-45, 0, 0],
							"uv": {
								"east": {"uv": [26, 36], "uv_size": [1, 1]},
								"west": {"uv": [36, 34], "uv_size": [1, 1]}
							}
						},
						{
							"origin": [3, 5, -1],
							"size": [0, 2, 2.75],
							"uv": {
								"east": {"uv": [25, 22], "uv_size": [3, 2]},
								"west": {"uv": [25, 25], "uv_size": [3, 2]}
							}
						},
						{
							"origin": [2.3125, 6.75, 5.25],
							"size": [1.375, 1.75, 5.5],
							"uv": {
								"north": {"uv": [29, 28], "uv_size": [1.5, 2]},
								"east": {"uv": [19, 8], "uv_size": [5.5, 2]},
								"south": {"uv": [30, 19], "uv_size": [1.5, 2]},
								"west": {"uv": [19, 11], "uv_size": [5.5, 2]},
								"up": {"uv": [22, 22], "uv_size": [1.5, 5.5]},
								"down": {"uv": [0, 29.5], "uv_size": [1.5, -5.5]}
							}
						},
						{
							"origin": [2.5, 3, 10.75],
							"size": [1, 4.5, 0.75],
							"uv": {
								"north": {"uv": [26, 4], "uv_size": [1, 4.5]},
								"east": {"uv": [10, 26], "uv_size": [1, 4.5]},
								"south": {"uv": [12, 26], "uv_size": [1, 4.5]},
								"west": {"uv": [14, 26], "uv_size": [1, 4.5]},
								"down": {"uv": [35, 37], "uv_size": [1, -1]}
							}
						},
						{
							"origin": [2.5, 4, 10],
							"size": [1, 3.75, 0.75],
							"inflate": -0.005,
							"pivot": [3, 5.875, 10.375],
							"rotation": [22.5, 0, 0],
							"uv": {
								"east": {"uv": [16, 27], "uv_size": [1, 4]},
								"west": {"uv": [18, 27], "uv_size": [1, 4]},
								"down": {"uv": [37, 7], "uv_size": [1, -1]}
							}
						},
						{
							"origin": [2.5, 7.16254, 10.43287],
							"size": [1, 0.5, 1],
							"pivot": [3, 7.41254, 11.05787],
							"rotation": [-22.5, 0, 0],
							"uv": {
								"east": {"uv": [38, 31], "uv_size": [1, 0.5]},
								"west": {"uv": [33, 38], "uv_size": [1, 0.5]},
								"up": {"uv": [37, 8], "uv_size": [1, 1]}
							}
						},
						{
							"origin": [3.6875, 8.8125, -0.5],
							"size": [0.25, 0.25, 5.25],
							"pivot": [3.8125, 8.9375, 3.625],
							"rotation": [0, 0, -45],
							"uv": {
								"north": {"uv": [37, 38], "uv_size": [0.5, 0.5]},
								"south": {"uv": [2, 39], "uv_size": [0.5, 0.5]},
								"west": {"uv": [31, 0], "uv_size": [5.5, 0.5]},
								"down": {"uv": [23, 34.5], "uv_size": [0.5, -5.5]}
							}
						},
						{
							"origin": [2.0625, 8.8125, 3.5],
							"size": [0.25, 0.25, 1.25],
							"pivot": [2.1875, 8.9375, 3.625],
							"rotation": [0, 0, 45],
							"uv": {
								"north": {"uv": [4, 39], "uv_size": [0.5, 0.5]},
								"east": {"uv": [38, 12], "uv_size": [1.5, 0.5]},
								"south": {"uv": [39, 6], "uv_size": [0.5, 0.5]},
								"down": {"uv": [0, 39.5], "uv_size": [0.5, -1.5]}
							}
						},
						{
							"origin": [2.0625, 8.8125, -0.5],
							"size": [0.25, 0.25, 1.25],
							"pivot": [2.1875, 8.9375, -0.375],
							"rotation": [0, 0, 45],
							"uv": {
								"north": {"uv": [39, 8], "uv_size": [0.5, 0.5]},
								"east": {"uv": [17, 38], "uv_size": [1.5, 0.5]},
								"south": {"uv": [9, 39], "uv_size": [0.5, 0.5]},
								"down": {"uv": [38, 18.5], "uv_size": [0.5, -1.5]}
							}
						},
						{
							"origin": [3.6875, 8.1875, -0.5],
							"size": [0.25, 0.25, 5.25],
							"pivot": [3.8125, 8.3125, 3.625],
							"rotation": [0, 0, -45],
							"uv": {
								"south": {"uv": [39, 10], "uv_size": [0.5, 0.5]},
								"west": {"uv": [31, 4], "uv_size": [5.5, 0.5]},
								"down": {"uv": [0, 36.5], "uv_size": [0.5, -5.5]}
							}
						},
						{
							"origin": [3.6875, 8.1875, 5.5],
							"size": [0.25, 0.25, 2.25],
							"pivot": [3.8125, 8.3125, 9.625],
							"rotation": [0, 0, -45],
							"uv": {
								"north": {"uv": [11, 39], "uv_size": [0.5, 0.5]},
								"south": {"uv": [13, 39], "uv_size": [0.5, 0.5]},
								"west": {"uv": [34, 32], "uv_size": [2.5, 0.5]},
								"down": {"uv": [9, 37.5], "uv_size": [0.5, -2.5]}
							}
						},
						{
							"origin": [3.6875, 8.8125, 5.5],
							"size": [0.25, 0.25, 2.25],
							"pivot": [3.8125, 8.9375, 9.625],
							"rotation": [0, 0, -45],
							"uv": {
								"north": {"uv": [39, 14], "uv_size": [0.5, 0.5]},
								"south": {"uv": [15, 39], "uv_size": [0.5, 0.5]},
								"west": {"uv": [35, 10], "uv_size": [2.5, 0.5]},
								"down": {"uv": [11, 37.5], "uv_size": [0.5, -2.5]}
							}
						},
						{
							"origin": [2.0625, 8.8125, 5.5],
							"size": [0.25, 0.25, 2.25],
							"pivot": [2.1875, 8.9375, 9.625],
							"rotation": [0, 0, 45],
							"uv": {
								"north": {"uv": [20, 39], "uv_size": [0.5, 0.5]},
								"east": {"uv": [13, 35], "uv_size": [2.5, 0.5]},
								"south": {"uv": [39, 20], "uv_size": [0.5, 0.5]},
								"down": {"uv": [21, 37.5], "uv_size": [0.5, -2.5]}
							}
						},
						{
							"origin": [2.0625, 8.1875, 5.5],
							"size": [0.25, 0.25, 2.25],
							"pivot": [2.1875, 8.3125, 9.625],
							"rotation": [0, 0, 45],
							"uv": {
								"north": {"uv": [39, 22], "uv_size": [0.5, 0.5]},
								"east": {"uv": [35, 15], "uv_size": [2.5, 0.5]},
								"south": {"uv": [39, 24], "uv_size": [0.5, 0.5]},
								"down": {"uv": [35, 24.5], "uv_size": [0.5, -2.5]}
							}
						},
						{
							"origin": [2.0625, 8.1875, -0.5],
							"size": [0.25, 0.25, 5.25],
							"pivot": [2.1875, 8.3125, 3.625],
							"rotation": [0, 0, 45],
							"uv": {
								"north": {"uv": [27, 39], "uv_size": [0.5, 0.5]},
								"east": {"uv": [31, 13], "uv_size": [5.5, 0.5]},
								"south": {"uv": [29, 39], "uv_size": [0.5, 0.5]},
								"down": {"uv": [7, 36.5], "uv_size": [0.5, -5.5]}
							}
						},
						{
							"origin": [2.58341, 9.1875, -3.83341],
							"size": [1.32583, 0.75, 1.32583],
							"inflate": -0.005,
							"pivot": [3.52091, 9.625, -3.63258],
							"rotation": [0, -45, 0],
							"uv": {
								"north": {"uv": [33, 18], "uv_size": [1.5, 1]},
								"east": {"uv": [33, 20], "uv_size": [1.5, 1]},
								"up": {"uv": [31, 31], "uv_size": [1.5, 1.5]},
								"down": {"uv": [2, 33.5], "uv_size": [1.5, -1.5]}
							}
						},
						{
							"origin": [2.4375, 9.1875, -5.25],
							"size": [1.125, 0.75, 1.75],
							"uv": {
								"north": {"uv": [13, 37], "uv_size": [1, 1]},
								"east": {"uv": [32, 24], "uv_size": [2, 1]},
								"west": {"uv": [32, 26], "uv_size": [2, 1]},
								"up": {"uv": [21, 32], "uv_size": [1, 2]}
							}
						},
						{
							"origin": [2.5, 9.25, -6.5],
							"size": [1, 1.125, 1.25],
							"uv": {
								"north": {"uv": [15, 37], "uv_size": [1, 1]},
								"east": {"uv": [18, 34], "uv_size": [1.5, 1]},
								"south": {"uv": [37, 21], "uv_size": [1, 1]},
								"west": {"uv": [25, 34], "uv_size": [1.5, 1]},
								"up": {"uv": [28, 34], "uv_size": [1, 1.5]},
								"down": {"uv": [30, 35.5], "uv_size": [1, -1.5]}
							}
						},
						{
							"origin": [2.5, 10.13442, -5.83081],
							"size": [1, 0.88388, 0.88388],
							"inflate": 0.001,
							"pivot": [3, 11.0625, -5.875],
							"rotation": [-45, 0, 0],
							"uv": {
								"east": {"uv": [37, 23], "uv_size": [1, 1]},
								"west": {"uv": [37, 25], "uv_size": [1, 1]}
							}
						},
						{
							"origin": [1.75, 6.75, -6.75],
							"size": [2.5, 1.5, 6.25],
							"inflate": 0.005,
							"uv": {
								"north": {"uv": [28, 7], "uv_size": [2.5, 1.5]},
								"east": {"uv": [20, 14], "uv_size": [6.5, 1.5]},
								"south": {"uv": [25, 28], "uv_size": [2.5, 1.5]},
								"west": {"uv": [22, 19], "uv_size": [6.5, 1.5]},
								"down": {"uv": [12, 12.5], "uv_size": [2.5, -6.5]}
							}
						},
						{
							"origin": [1.23223, 7.73223, -6.75],
							"size": [1.76777, 1.76777, 6.25],
							"inflate": -0.005,
							"pivot": [3, 9.5, -3.625],
							"rotation": [0, 0, -45],
							"uv": {
								"north": {"uv": [26, 10], "uv_size": [2, 2]},
								"south": {"uv": [28, 4], "uv_size": [2, 2]},
								"west": {"uv": [12, 14], "uv_size": [6.5, 2]},
								"up": {"uv": [16, 6], "uv_size": [2, 6.5]}
							}
						},
						{
							"origin": [2.375, 7.75, -8],
							"size": [1.25, 1.25, 1.25],
							"pivot": [3, 8.375, -7.375],
							"rotation": [0, 0, 45],
							"uv": {
								"north": {"uv": [32, 6], "uv_size": [1.5, 1.5]},
								"east": {"uv": [9, 32], "uv_size": [1.5, 1.5]},
								"south": {"uv": [32, 9], "uv_size": [1.5, 1.5]},
								"west": {"uv": [12, 32], "uv_size": [1.5, 1.5]},
								"up": {"uv": [15, 32], "uv_size": [1.5, 1.5]},
								"down": {"uv": [32, 16.5], "uv_size": [1.5, -1.5]}
							}
						},
						{
							"origin": [2.6875, 8.0625, -11],
							"size": [0.625, 0.625, 3],
							"pivot": [3, 8.375, -8.625],
							"rotation": [0, 0, 45],
							"uv": {
								"north": {"uv": [39, 38], "uv_size": [0.5, 0.5]},
								"east": {"uv": [34, 30], "uv_size": [3, 0.5]},
								"west": {"uv": [32, 34], "uv_size": [3, 0.5]},
								"up": {"uv": [2, 35], "uv_size": [0.5, 3]},
								"down": {"uv": [35, 9], "uv_size": [0.5, -3]}
							}
						}
					]
				},
				{
					"name": "positioning",
					"pivot": [0, 0, 0]
				},
				{
					"name": "shell",
					"parent": "positioning",
					"pivot": [-0.25, 8.6, 2.225]
				},
				{
					"name": "muzzle_flash",
					"parent": "positioning",
					"pivot": [0, 8.375, -11]
				},
				{
					"name": "thirdperson_hand",
					"parent": "positioning",
					"pivot": [0.95, 6.525, 1.1]
				},
				{
					"name": "fixed",
					"parent": "positioning",
					"pivot": [1.5, 8.55, 1.825],
					"rotation": [0, 90, 0]
				},
				{
					"name": "ground",
					"parent": "positioning",
					"pivot": [0, -2.875, 1]
				}
			]
		}
	]
}