{
  "ammo": "tacz:12g",
  "ammo_amount": 8,
  "bolt": "open_bolt",
  "rpm": 300,
  "bullet": {
    "life": 0.4,
    "bullet_amount": 30,
    "damage": 75,
    "tracer_count_interval": 0,
    "extra_damage": {
      "armor_ignore": 0.0,
      "head_shot_multiplier": 1.1,
      "damage_adjust": [
        {"distance": 1.5, "damage": 100},
        {"distance": 20, "damage": 75},
        {"distance": 35, "damage": 70},
        {"distance": "infinite", "damage": 60}
      ]
    },
    "speed": 260,
    "gravity": 0.0245,
    "knockback": 0,
    "friction": 0.01,
    "ignite": false,
    "pierce": 1
  },
  "reload": {
    "type": "magazine",
    "feed": {
      "empty": 1.63,
      "tactical": 1.63
    },
    "cooldown": {
      "empty": 7.63,
      "tactical": 7.63
    }
  },
  "draw_time": 0.35,
  "put_away_time": 0.5,
  "aim_time": 0.2,
  "sprint_time": 0.3,
  "fire_mode": [
    "semi"
  ],
  "recoil": {
    "pitch": [
      {"time": 0, "value": [0.725, 0.725]},
      {"time": 0.26, "value": [0.725, 0.725]},
      {"time": 0.48, "value": [-0.215, -0.215]},
      {"time": 0.72, "value": [0, 0]}
    ],
    "yaw": [
      {"time": 0, "value": [-0.15, 0.45]},
      {"time": 0.43, "value": [0, 0.1]},
      {"time": 0.6, "value": [0, 0]}
    ]
  },
  "inaccuracy": {
    "stand": 4.45,
    "move": 5.25,
    "sneak": 2.9,
    "lie": 2,
    "aim": 2
  },
  "move_speed": {
    "base": 0.92,
    "aim": 0.68
  },
  "allow_attachment_types": [
    "scope"
  ]
}