{
  "ammo": "tacz:9mm",
  "rpm": 1900,
  "bullet": {
    "life": 5,
    "bullet_amount": 1,
    "damage": 6.5,
    "tracer_count_interval": 0,
    "extra_damage": {
      "armor_ignore": 0.5,
      "head_shot_multiplier": 1.5,
      "damage_adjust": [
        {"distance": 0.5, "damage": 7},
        {"distance": 25, "damage": 6.5},
        {"distance": 50, "damage": 6},
        {"distance": "infinite", "damage": 5}
      ]
    },
    "speed": 300,
    "gravity": 0.005,
    "knockback": 0,
    "friction": 0.005,
    "ignite": false,
    "pierce": 1
  },
  "ammo_amount": 60,
  "extended_mag_ammo_amount": [
    80,
    90,
    100
  ],
  "bolt": "open_bolt",
  "reload": {
    "type": "magazine",
    "feed": {
      "empty": 1.97,
      "tactical": 1.17
    },
    "cooldown": {
      "empty": 3,
      "tactical": 2.37
    }
  },
  "draw_time": 0.5,
  "put_away_time": 0.4,
  "aim_time": 9999999999999999999999999999999999999999999999999999999999999999999999999999999999999,
  "sprint_time": 0.2,
  "fire_mode": [
    "auto"
  ],
  "allow_attachment_types": [
  ],
  "recoil": {
    "pitch": [
      {"time": 0, "value": [0.9, 1]},
      {"time": 0.3, "value": [1, 1.25]},
      {"time": 0.55, "value": [-0.15, -0.15]},
      {"time": 0.7, "value": [0, 0]}
    ],
    "yaw": [
      {"time": 0, "value": [-0.15, 0.1]},
      {"time": 0.3, "value": [-0.15, 0.1]},
      {"time": 0.55, "value": [0, 0]}
    ]
  },
  "inaccuracy": {
    "stand": 1,
    "move": 1,
    "sneak": 0.9,
    "lie": 0.7,
    "aim": 1
  },
  // 近战相关
  "melee": {
    // 枪械距离参数，用来延升近战攻击范围
    // 会与刺刀等配件的距离做加和
    "distance": 1,
    // 使用时的冷却时间
    // 会与刺刀等配件的冷却时间做加和
    "cooldown": 0.6,
    // 默认近战数据，会被配件的数据替换掉
    "default": {
      // 动画类型：没有枪托的为 melee_push，有枪托的为 melee_stock
      "animation_type": "melee_push",
      // 刺刀距离参数，枪械里还有个刺刀攻击距离参数，两者做加和
      "distance": 0,
      // 刺刀范围角度
      "range_angle": 40,
      // 刺刀冷却时间，枪械里还有个刺刀冷却时间参数，两者做加和
      "cooldown": 0,
      // 伤害值
      "damage": 1,
      // 击退效果
      "knockback": 0.4,
      // 前摇时长，单位：秒
      "prep": 0.1
    }
  }
}