{
  "model": "bluearchive:gun/fuuka_geo",
  "texture": "bluearchive:gun/uv/fuuka",
  "slot": "bluearchive:gun/slot/fuuka",
  "hud": "bluearchive:gun/hud/fuuka",
  "third_person_animation": "default",
  "sounds": {
    "shoot": "bluearchive:item/fuuka",
    "silence": "bluearchive:item/fuuka_sli",
    "dry_fire": "tacz:dry_fire",
    "reload_tactical":"bluearchive:item/fuuka_reload",
    "reload_empty":"bluearchive:item/fuuka_reloadempty",
    "inspect": "bluearchive:item/fuuka_inspect",
    "inspect_empty": "bluearchive:item/fuuka_inspect"
    
},
"shell": {
  "initial_velocity": [5, 2, 1],
  "random_velocity": [1, 1, 0.25],
  "acceleration": [0.0, -10, 0.0],
  "angular_velocity": [360, -1200, 90],
  "living_time": 1.0
},
  "muzzle_flash": {
  "texture": "tacz:flash/common_muzzle_flash",
  "scale": 1
},
"animation": "bluearchive:fuuka",
"use_default_animation": "rifle"
}