{
  "model": "bluearchive:gun/hoshino_geo",
  "texture": "bluearchive:gun/uv/hoshino",
  "slot": "bluearchive:gun/slot/hoshino",
  "hud": "bluearchive:gun/hud/hoshino",
  "third_person_animation": "default",
  "sounds": {
    "shoot": "bluearchive:item/hoshino",
    "dry_fire": "tacz:dry_fire",
    "reload_tactical":"bluearchive:item/hoshino_reloadempty",
    "reload_empty":"bluearchive:item/hoshino_reloadempty",
    "inspect": "bluearchive:item/hoshino_inspect",
    "inspect_empty": "bluearchive:item/hoshino_inspect"
},
"shell": {
  "initial_velocity": [5, 2, 1],
  "random_velocity": [1, 1, 0.25],
  "acceleration": [0.0, -10, 0.0],
  "angular_velocity": [360, -1200, 90],
  "living_time": 1.0
},
  "muzzle_flash": {
  "texture": "tacz:flash/common_muzzle_flash",
  "scale": 1
},
"animation": "bluearchive:hoshino",
"use_default_animation": "rifle"
}