{
  "model": "bluearchive:gun/natsu_geo",
  "texture": "bluearchive:gun/uv/natsu",
  "slot": "bluearchive:gun/slot/natsu",
  "hud": "bluearchive:gun/hud/natsu",
  "third_person_animation": "default",
  "sounds": {
    "shoot": "bluearchive:item/natsu",
    "dry_fire": "tacz:dry_fire",
    "silence": "bluearchive:item/miyako_sli",
    "reload_tactical":"bluearchive:item/natsu_reload",
    "reload_empty":"bluearchive:item/natsu_reloadempty",
    "inspect": "bluearchive:item/natsu_inspect",
    "inspect_empty": "bluearchive:item/natsu_inspect"
},
"shell": {
  "initial_velocity": [5, 2, 1],
  "random_velocity": [1, 1, 0.25],
  "acceleration": [0.0, -10, 0.0],
  "angular_velocity": [360, -1200, 90],
  "living_time": 1.0
},
  "muzzle_flash": {
  "texture": "tacz:flash/common_muzzle_flash",
  "scale": 1
},
"animation": "bluearchive:natsu",
"use_default_animation": "rifle"
}