{
  "materials": [
    {
      "item": {
        "tag": "forge:gems/diamond"
      },
      "count": 4
    },
    {
      "item": {
        "tag": "forge:ingots/copper"
      },
      "count": 32
    },
    {
      "item": {
        "tag": "forge:ingots/iron"
      },
      "count": 128
    },
/*    {
      "item": {
        "tag": "minecraft:water"
      },
      "count": 1
    }, */
    {
      "item": {
        "tag": "minecraft:logs"
      },
      "count": 64
    }
  ],
  "result": {
    "type": "gun",
    "id": "bf1:mg0815"
  }
}