{
  "model": "uzitwo:gun/uzi_geo",
  "texture": "uzitwo:gun/uv/uzi",
  "hud": "uzitwo:gun/hud/uzi",
  "lod": {
    "model": "uzitwo:gun/lod/uzi",
    "texture": "uzitwo:gim/lod/uzi"
  },
  "slot": "uzitwo:gun/slot/uzi",
  "animation": "uzitwo:uzi",
  "use_default_animation": "rifle",
  "third_person_animation": "default",
  "transform": {
    "scale": {
      "thirdperson": [0.6, 0.6, 0.6],
      "ground": [0.6, 0.6, 0.6],
      "fixed": [1.2, 1.2, 1.2]
    }
  },
  "muzzle_flash": {
    "texture": "uzitwo:flash/common_muzzle_flash",
    "scale": 0.6
  },
  "shell": {
    "initial_velocity": [5, 2, 1],
    "random_velocity": [1, 1, 0.25],
    "acceleration": [0.0, -10, 0.0],
    "angular_velocity": [360, -1200, 90],
    "living_time": 1.0
  },
  "sounds": {
    "shoot": "uzitwo:uzi/uzi_shoot",
    "shoot_3p": "uzitwo:uzi/uzi_shoot_3p",
    "reload_empty": "uzitwo:uzi/uzi_reload_empty",
    "reload_tactical": "uzitwo:uzi/uzi_reload_tactical",
    "inspect": "uzitwo:uzi/uzi_inspect",
    "inspect_empty": "uzitwo:uzi/uzi_inspect_empty",
    "draw": "uzitwo:uzi/uzi_draw",
    "put_away": "uzitwo:uzi/uzi_put_away",
    "silence": "uzitwo:uzi/uzi_silence",
    "silence_3p": "uzitwo:uzi/uzi_silence_3p",
    "melee_push": "uzitwo:melee_stock/melee_stock_03",
    "melee_stock": "uzitwo:melee_stock/melee_stock_01"
  },
  "offhand_show": {
    "pos": [1, 20, 4],
    "rotate": [0, 0, 45],
    "scale": [0.5, 0.5, 0.5]
  },
  "hotbar_show": {
    "0": {
      "pos": [1, 16, -2],
    "rotate": [0, 0, 20],
    "scale": [0.5, 0.5, 0.5]
    }
  }
}