{
	"format_version": "1.8.0",
	"animations": {
		"shoot": {
			"animation_length": 0.55,
			"bones": {
				"bolt": {
					"rotation": {
						"0.05": {
							"pre": [0, 0, 0],
							"post": [0, 0, 0],
							"lerp_mode": "catmullrom"
						},
						"0.15": {
							"post": [-45, 0, 0],
							"lerp_mode": "catmullrom"
						},
						"0.25": {
							"post": [0, 0, 0],
							"lerp_mode": "catmullrom"
						}
					}
				},
				"constraint": {
					"rotation": {
						"0.15": [0.85, 0.6, 0.6],
						"0.25": [0, 0, 0]
					},
					"position": {
						"0.15": [0.4, 0.4, 1],
						"0.25": [0, 0, 0]
					}
				},
				"root": {
					"rotation": {
						"0.0": [0, 0, 0],
						"0.05": [-53.08, -2.77, 12.13],
						"0.1": [-27.98, -8.63, -7.72],
						"0.15": [-13.94, -1.29, 3.6],
						"0.2": [-10.31, -2.35, 3.27],
						"0.25": [2.03, -0.93, -2.03],
						"0.3": [2.35, -0.29, -1.82],
						"0.35": [0, 0.75, 0],
						"0.4": [-0.15, 0.59, 0.12],
						"0.45": [0, -0.2, -0.1],
						"0.5": [0, -0.21, -0.08],
						"0.55": [0, 0, 0]
					},
					"position": {
						"0.0": [0, 0, 0],
						"0.05": [-0.17, 0.16, 5.89563],
						"0.1": [-0.16, 0.56, 3.90625],
						"0.15": [-0.06, 0.41, 0.8675],
						"0.2": [-0.03, 0.13, 0.14],
						"0.25": [0, -0.45, -0.17],
						"0.3": [0, -0.39, -0.14],
						"0.35": [0, -0.03, 0.08],
						"0.4": [0, 0.01, 0.07],
						"0.45": [0, 0, 0],
						"0.5": [0, 0, -0.01],
						"0.55": [0, 0, 0]
					}
				},
				"magazine": {
					"rotation": {
						"0.15": {
							"pre": [0, 0, -72.5],
							"post": [0, 0, -72.5],
							"lerp_mode": "catmullrom"
						},
						"0.3": {
							"post": [0, 0, 0],
							"lerp_mode": "catmullrom"
						}
					}
				}
			}
		},
		"reload_tactical": {
			"animation_length": 3.6333,
			"bones": {
				"lefthand": {
					"rotation": {
						"0.0": {
							"post": [111.65229, -22.24451, 202.98688],
							"lerp_mode": "catmullrom"
						},
						"0.1": {
							"post": [117.63066, -13.81958, 183.88085],
							"lerp_mode": "catmullrom"
						},
						"0.8": {
							"post": [117.63066, -13.81958, 183.88085],
							"lerp_mode": "catmullrom"
						},
						"0.9333": {
							"post": [99.92164, -17.36924, 135.73582],
							"lerp_mode": "catmullrom"
						},
						"1.0667": {
							"post": [107.03414, -32.99631, 130.49283],
							"lerp_mode": "catmullrom"
						},
						"1.1": {
							"post": [107.03414, -32.99631, 130.49283],
							"lerp_mode": "catmullrom"
						},
						"1.1333": {
							"post": [107.03414, -32.99631, 130.49283],
							"lerp_mode": "catmullrom"
						},
						"1.3333": {
							"post": [117.05732, -25.78058, 110.26868],
							"lerp_mode": "catmullrom"
						},
						"1.4667": {
							"post": [112.06295, -43.23696, 173.56474],
							"lerp_mode": "catmullrom"
						},
						"1.6": {
							"post": [155.10287, -65.06538, 160.13047],
							"lerp_mode": "catmullrom"
						},
						"2.1333": {
							"post": [155.10287, -65.06538, 160.13047],
							"lerp_mode": "catmullrom"
						},
						"2.8": {
							"post": [111.65229, -22.24451, 202.98688],
							"lerp_mode": "catmullrom"
						}
					},
					"position": {
						"0.0": {
							"post": [6.70313, -16.34375, 4.875],
							"lerp_mode": "catmullrom"
						},
						"0.1": {
							"post": [10.33515, -20.28684, 8.90593],
							"lerp_mode": "catmullrom"
						},
						"0.8": {
							"post": [10.33515, -20.28684, 8.90593],
							"lerp_mode": "catmullrom"
						},
						"0.9333": {
							"post": [10.36051, -12.27764, -1.64131],
							"lerp_mode": "catmullrom"
						},
						"1.0667": {
							"post": [8.53284, -12.85641, -1.01259],
							"lerp_mode": "catmullrom"
						},
						"1.1": {
							"post": [8.53284, -12.85641, -1.01259],
							"lerp_mode": "catmullrom"
						},
						"1.1333": {
							"post": [8.53284, -12.85641, -1.01259],
							"lerp_mode": "catmullrom"
						},
						"1.2667": {
							"post": [11.50008, -9.87968, 2.23871],
							"lerp_mode": "catmullrom"
						},
						"1.3333": {
							"post": [12.83199, -12.63478, 2.47462],
							"lerp_mode": "catmullrom"
						},
						"1.4667": {
							"post": [11.67089, -18.69939, 2.1826],
							"lerp_mode": "catmullrom"
						},
						"1.6": {
							"post": [5.88312, -15.90687, 2.4316],
							"lerp_mode": "catmullrom"
						},
						"2.1333": {
							"post": [5.88312, -15.90687, 2.4316],
							"lerp_mode": "catmullrom"
						},
						"2.8": {
							"post": [6.70313, -16.34375, 4.875],
							"lerp_mode": "catmullrom"
						}
					}
				},
				"righthand": {
					"rotation": {
						"0.0": {
							"post": [98.76847, 3.84445, 181.80039],
							"lerp_mode": "catmullrom"
						},
						"0.1": {
							"post": [112.77, 3.84, 181.8],
							"lerp_mode": "catmullrom"
						},
						"0.6333": {
							"post": [100.77, 3.84, 181.8],
							"lerp_mode": "catmullrom"
						},
						"1.6": {
							"post": [100.77, 3.84, 181.8],
							"lerp_mode": "catmullrom"
						},
						"1.7667": {
							"post": [106.0245, -2.5394, 203.91048],
							"lerp_mode": "catmullrom"
						},
						"1.9": {
							"post": [89.0245, -2.5394, 203.91048],
							"lerp_mode": "catmullrom"
						},
						"2.0333": {
							"post": [114.0245, -2.5394, 203.91048],
							"lerp_mode": "catmullrom"
						},
						"2.1667": {
							"post": [117.35068, 12.7845, 154.37169],
							"lerp_mode": "catmullrom"
						},
						"2.2": {
							"post": [117.35068, 12.7845, 154.37169],
							"lerp_mode": "catmullrom"
						},
						"2.3667": {
							"post": [108.4217, -8.41943, 192.89609],
							"lerp_mode": "catmullrom"
						},
						"2.4667": {
							"post": [98.76847, 3.84445, 181.80039],
							"lerp_mode": "catmullrom"
						}
					},
					"position": {
						"0.0": {
							"post": [-6.62499, -15.40624, 5.04688],
							"lerp_mode": "catmullrom"
						},
						"0.1": {
							"post": [-6.58211, -14.92929, 4.71068],
							"lerp_mode": "catmullrom"
						},
						"0.6333": {
							"post": [-6.58229, -15.62182, 4.42038],
							"lerp_mode": "catmullrom"
						},
						"1.6": {
							"post": [-6.58, -15.62, 4.42],
							"lerp_mode": "catmullrom"
						},
						"1.7667": {
							"post": [-7.16422, -17.12653, 12.41459],
							"lerp_mode": "catmullrom"
						},
						"1.9": {
							"post": [-4.02758, -14.18027, 15.81325],
							"lerp_mode": "catmullrom"
						},
						"2.0333": {
							"post": [-4.44352, -13.86285, 4.38776],
							"lerp_mode": "catmullrom"
						},
						"2.1667": {
							"post": [-3.8742, -14.03714, 4.37298],
							"lerp_mode": "catmullrom"
						},
						"2.2": {
							"post": [-3.8742, -14.03714, 4.37298],
							"lerp_mode": "catmullrom"
						},
						"2.3667": {
							"post": [-4.0372, -16.60206, 5.43974],
							"lerp_mode": "catmullrom"
						},
						"2.4667": {
							"post": [-6.62499, -15.40624, 5.04688],
							"lerp_mode": "catmullrom"
						}
					}
				},
				"constraint": {
					"rotation": [0.5, 0.5, 0.6],
					"position": [0.4, 0.5, 0.6]
				},
				"root": {
					"rotation": {
						"0.0": {
							"post": [0, 0, 0],
							"lerp_mode": "catmullrom"
						},
						"0.1333": {
							"post": [-16.0712, 12.27393, -12.06603],
							"lerp_mode": "catmullrom"
						},
						"0.2667": {
							"post": [7.42259, -1.75017, 27.56585],
							"lerp_mode": "catmullrom"
						},
						"0.4667": {
							"post": [7.60361, -1.56244, 18.51322],
							"lerp_mode": "catmullrom"
						},
						"0.5333": {
							"post": [10.60361, -1.56244, 18.51322],
							"lerp_mode": "catmullrom"
						},
						"0.6667": {
							"post": [5.15, 1.93, 17],
							"lerp_mode": "catmullrom"
						},
						"0.8": {
							"post": [-46.68569, 5.43016, 15.49096],
							"lerp_mode": "catmullrom"
						},
						"0.9333": {
							"post": [-73.94424, 13.27844, 2.93326],
							"lerp_mode": "catmullrom"
						},
						"1.1": {
							"post": [-72.87559, 11.84993, 7.84263],
							"lerp_mode": "catmullrom"
						},
						"1.2333": {
							"post": [-69.12097, 10.64674, 11.72955],
							"lerp_mode": "catmullrom"
						},
						"1.4": {
							"post": [-48.12097, 10.64674, 11.72955],
							"lerp_mode": "catmullrom"
						},
						"1.6": {
							"post": [7.72404, -6.11475, 8.98231],
							"lerp_mode": "catmullrom"
						},
						"1.7667": {
							"post": [5.73328, -4.06236, 8.7496],
							"lerp_mode": "catmullrom"
						},
						"1.9333": {
							"post": [10.75099, -6.05233, 8.54872],
							"lerp_mode": "catmullrom"
						},
						"2.0667": {
							"post": [20.8378, -13.42343, 9.16888],
							"lerp_mode": "catmullrom"
						},
						"2.1667": {
							"post": [11.61234, -7.56475, 10.17902],
							"lerp_mode": "catmullrom"
						},
						"2.3667": {
							"post": [6.08984, -9.43588, 4.35711],
							"lerp_mode": "catmullrom"
						},
						"2.6": {
							"post": [15.51657, -17.51252, 17.33242],
							"lerp_mode": "catmullrom"
						},
						"2.7333": {
							"post": [9.4369, -31.96479, 27.71457],
							"lerp_mode": "catmullrom"
						},
						"2.9": {
							"post": [-15.55549, -7.34675, -49.37883],
							"lerp_mode": "catmullrom"
						},
						"3.0333": {
							"post": [-13.77525, -9.14611, -37.56393],
							"lerp_mode": "catmullrom"
						},
						"3.2333": {
							"post": [-0.39588, -1.50457, -3.73567],
							"lerp_mode": "catmullrom"
						},
						"3.4333": {
							"post": [0, 0, 0],
							"lerp_mode": "catmullrom"
						}
					},
					"position": {
						"0.0": {
							"post": [0, 0, 0],
							"lerp_mode": "catmullrom"
						},
						"0.1333": {
							"post": [-1.48437, 1.07813, 0],
							"lerp_mode": "catmullrom"
						},
						"0.2667": {
							"post": [0.25312, -0.4375, 0],
							"lerp_mode": "catmullrom"
						},
						"0.5333": {
							"post": [0.25, -0.86187, 0],
							"lerp_mode": "catmullrom"
						},
						"0.6667": {
							"post": [0.25, 0.835, 0.90188],
							"lerp_mode": "catmullrom"
						},
						"0.8": {
							"post": [0.25, 1.34313, 0.46875],
							"lerp_mode": "catmullrom"
						},
						"0.9333": {
							"post": [-0.53125, -0.11312, 0.61063],
							"lerp_mode": "catmullrom"
						},
						"1.0333": {
							"post": [-0.24, -1.07, 0.55],
							"lerp_mode": "catmullrom"
						},
						"1.1": {
							"post": [-0.13486, -2.6624, 0.84972],
							"lerp_mode": "catmullrom"
						},
						"1.1667": {
							"post": [-0.09406, -2.30691, 0.73752],
							"lerp_mode": "catmullrom"
						},
						"1.2333": {
							"post": [-0.37, -0.73125, 0.3025],
							"lerp_mode": "catmullrom"
						},
						"1.4": {
							"post": [-0.37, -0.8075, 0.97438],
							"lerp_mode": "catmullrom"
						},
						"1.6": {
							"post": [-0.37, -0.10688, 0.97],
							"lerp_mode": "catmullrom"
						},
						"1.7667": {
							"post": [-0.41687, -0.09125, 0.97],
							"lerp_mode": "catmullrom"
						},
						"1.9333": {
							"post": [-0.41687, -0.09125, 0.97],
							"lerp_mode": "catmullrom"
						},
						"2.0667": {
							"post": [-0.0764, -0.57312, 0.35109],
							"lerp_mode": "catmullrom"
						},
						"2.1667": {
							"post": [-0.40022, -0.13829, 0.80553],
							"lerp_mode": "catmullrom"
						},
						"2.3667": {
							"post": [-0.33881, -0.03809, 0.73659],
							"lerp_mode": "catmullrom"
						},
						"2.6": {
							"post": [-0.2429, 0.82814, 1.24881],
							"lerp_mode": "catmullrom"
						},
						"2.7333": {
							"post": [-0.36863, 0.83073, 1.43303],
							"lerp_mode": "catmullrom"
						},
						"2.9": {
							"post": [-0.885, 0.32034, 1.33038],
							"lerp_mode": "catmullrom"
						},
						"3.0333": {
							"post": [-0.50774, 0.07191, 1.23543],
							"lerp_mode": "catmullrom"
						},
						"3.4333": {
							"post": [0, 0, 0],
							"lerp_mode": "catmullrom"
						}
					}
				},
				"crane": {
					"rotation": {
						"0.1667": [0, 0, 0],
						"0.3333": [0, 0, 155],
						"0.4667": [0, 0, 106],
						"0.5333": [0, 0, 117],
						"1.0333": [0, 0, 122],
						"1.2": [0, 0, 117],
						"1.6333": [0, 0, 128],
						"1.7667": [0, 0, 120],
						"2.0333": [0, 0, 124],
						"2.6333": [0, 0, 124],
						"2.7667": [0, 0, 142],
						"2.9667": [0, 0, 0]
					}
				},
				"magazine": {
					"rotation": {
						"0.1667": [0, 0, 0],
						"0.3333": [0, 0, 169],
						"0.4667": [0, 0, 200.5],
						"0.5667": [0, 0, 203.5],
						"1.0333": [0, 0, 217.5],
						"1.2": [0, 0, 210.5],
						"1.6333": [0, 0, 215.5],
						"1.7667": [0, 0, 215.5],
						"2.0333": [0, 0, 226.5],
						"2.6333": [0, 0, 230.5],
						"2.7667": [0, 0, 169],
						"2.9667": [0, 0, 0]
					}
				},
				"bullets": {
					"position": {
						"1.0333": [0, 0, 0],
						"1.2333": [0, 0, 19],
						"1.8": [0, 0, 19],
						"2.0333": [0, 0, 0]
					},
					"scale": {
						"1.2333": [1, 1, 1],
						"1.2667": [0, 1, 0],
						"1.8667": [0, 1, 0],
						"1.9": [1, 1, 1]
					}
				},
				"bone2": {
					"position": {
						"1.1": [0, 0, 0],
						"1.1667": [0, 0, 2]
					}
				},
				"bone": {
					"position": {
						"1.1": [0, 0, 0],
						"1.1667": [0, 0, 2]
					}
				},
				"bone3": {
					"position": {
						"1.1667": [0, 0, 0],
						"1.2333": [0, 0, 2]
					}
				},
				"bone5": {
					"position": {
						"1.1667": [0, 0, 0],
						"1.2333": [0, 0, 2]
					}
				},
				"bone4": {
					"position": {
						"1.1667": [0, 0, 0],
						"1.2333": [0, 0, 2]
					}
				},
				"octagon5": {
					"position": {
						"1.0667": [0, 0, 0],
						"1.2333": [0, 0, 0.5625],
						"1.3667": [0, 0, 0]
					}
				},
				"camera": {
					"rotation": {
						"0.0": {
							"post": [0, 0, 0],
							"lerp_mode": "catmullrom"
						},
						"0.1333": {
							"post": [-1, 0, -2],
							"lerp_mode": "catmullrom"
						},
						"0.2667": {
							"post": [2, -1.6, 0.5],
							"lerp_mode": "catmullrom"
						},
						"0.5333": {
							"post": [0.9, -0.6, 1.05],
							"lerp_mode": "catmullrom"
						},
						"0.8": {
							"post": [0.05, 0.35, 0.15],
							"lerp_mode": "catmullrom"
						},
						"0.9333": {
							"post": [-1.5, 0.9, 0.6],
							"lerp_mode": "catmullrom"
						},
						"1.0333": {
							"post": [0.27231, 0.92106, -1.9],
							"lerp_mode": "catmullrom"
						},
						"1.1": {
							"post": [1.36774, 0.94831, 1],
							"lerp_mode": "catmullrom"
						},
						"1.1667": {
							"post": [1.37814, 0.78238, -0.5],
							"lerp_mode": "catmullrom"
						},
						"1.2333": {
							"post": [1.38496, 0.8743, 0],
							"lerp_mode": "catmullrom"
						},
						"1.4": {
							"post": [3, 2, 0.2],
							"lerp_mode": "catmullrom"
						},
						"1.6": {
							"post": [3.5, 3.5, -0.5],
							"lerp_mode": "catmullrom"
						},
						"1.7667": {
							"post": [4, 4, -1],
							"lerp_mode": "catmullrom"
						},
						"1.9667": {
							"post": [4.05, 2.35, 0.63],
							"lerp_mode": "catmullrom"
						},
						"2.1": {
							"post": [4, 2, 1],
							"lerp_mode": "catmullrom"
						},
						"2.1667": {
							"post": [3.4, 3, -1],
							"lerp_mode": "catmullrom"
						},
						"2.2333": {
							"post": [4.05789, 2.41302, 0.5],
							"lerp_mode": "catmullrom"
						},
						"2.3": {
							"post": [4.41371, 2.55543, 0],
							"lerp_mode": "catmullrom"
						},
						"2.5333": {
							"post": [5, 3.5, 1],
							"lerp_mode": "catmullrom"
						},
						"2.7333": {
							"post": [5, 0.25, 1.2],
							"lerp_mode": "catmullrom"
						},
						"2.9667": {
							"post": [0.75, 1.5, -0.5],
							"lerp_mode": "catmullrom"
						},
						"3.4667": {
							"post": [0, 0, 0],
							"lerp_mode": "catmullrom"
						}
					}
				}
			}
		},
		"reload_empty": {
			"animation_length": 3.6333,
			"bones": {
				"lefthand": {
					"rotation": {
						"0.0": {
							"post": [111.65229, -22.24451, 202.98688],
							"lerp_mode": "catmullrom"
						},
						"0.1": {
							"post": [117.63066, -13.81958, 183.88085],
							"lerp_mode": "catmullrom"
						},
						"0.8": {
							"post": [117.63066, -13.81958, 183.88085],
							"lerp_mode": "catmullrom"
						},
						"0.9333": {
							"post": [99.92164, -17.36924, 135.73582],
							"lerp_mode": "catmullrom"
						},
						"1.0667": {
							"post": [107.03414, -32.99631, 130.49283],
							"lerp_mode": "catmullrom"
						},
						"1.1": {
							"post": [107.03414, -32.99631, 130.49283],
							"lerp_mode": "catmullrom"
						},
						"1.1333": {
							"post": [107.03414, -32.99631, 130.49283],
							"lerp_mode": "catmullrom"
						},
						"1.3333": {
							"post": [117.05732, -25.78058, 110.26868],
							"lerp_mode": "catmullrom"
						},
						"1.4667": {
							"post": [112.06295, -43.23696, 173.56474],
							"lerp_mode": "catmullrom"
						},
						"1.6": {
							"post": [155.10287, -65.06538, 160.13047],
							"lerp_mode": "catmullrom"
						},
						"2.1333": {
							"post": [155.10287, -65.06538, 160.13047],
							"lerp_mode": "catmullrom"
						},
						"2.8": {
							"post": [111.65229, -22.24451, 202.98688],
							"lerp_mode": "catmullrom"
						}
					},
					"position": {
						"0.0": {
							"post": [6.70313, -16.34375, 4.875],
							"lerp_mode": "catmullrom"
						},
						"0.1": {
							"post": [10.33515, -20.28684, 8.90593],
							"lerp_mode": "catmullrom"
						},
						"0.8": {
							"post": [10.33515, -20.28684, 8.90593],
							"lerp_mode": "catmullrom"
						},
						"0.9333": {
							"post": [10.36051, -12.27764, -1.64131],
							"lerp_mode": "catmullrom"
						},
						"1.0667": {
							"post": [8.53284, -12.85641, -1.01259],
							"lerp_mode": "catmullrom"
						},
						"1.1": {
							"post": [8.53284, -12.85641, -1.01259],
							"lerp_mode": "catmullrom"
						},
						"1.1333": {
							"post": [8.53284, -12.85641, -1.01259],
							"lerp_mode": "catmullrom"
						},
						"1.2667": {
							"post": [11.50008, -9.87968, 2.23871],
							"lerp_mode": "catmullrom"
						},
						"1.3333": {
							"post": [12.83199, -12.63478, 2.47462],
							"lerp_mode": "catmullrom"
						},
						"1.4667": {
							"post": [11.67089, -18.69939, 2.1826],
							"lerp_mode": "catmullrom"
						},
						"1.6": {
							"post": [5.88312, -15.90687, 2.4316],
							"lerp_mode": "catmullrom"
						},
						"2.1333": {
							"post": [5.88312, -15.90687, 2.4316],
							"lerp_mode": "catmullrom"
						},
						"2.8": {
							"post": [6.70313, -16.34375, 4.875],
							"lerp_mode": "catmullrom"
						}
					}
				},
				"righthand": {
					"rotation": {
						"0.0": {
							"post": [98.76847, 3.84445, 181.80039],
							"lerp_mode": "catmullrom"
						},
						"0.1": {
							"post": [112.77, 3.84, 181.8],
							"lerp_mode": "catmullrom"
						},
						"0.6333": {
							"post": [100.77, 3.84, 181.8],
							"lerp_mode": "catmullrom"
						},
						"1.6": {
							"post": [100.77, 3.84, 181.8],
							"lerp_mode": "catmullrom"
						},
						"1.7667": {
							"post": [106.0245, -2.5394, 203.91048],
							"lerp_mode": "catmullrom"
						},
						"1.9": {
							"post": [89.0245, -2.5394, 203.91048],
							"lerp_mode": "catmullrom"
						},
						"2.0333": {
							"post": [114.0245, -2.5394, 203.91048],
							"lerp_mode": "catmullrom"
						},
						"2.1667": {
							"post": [117.35068, 12.7845, 154.37169],
							"lerp_mode": "catmullrom"
						},
						"2.2": {
							"post": [117.35068, 12.7845, 154.37169],
							"lerp_mode": "catmullrom"
						},
						"2.3667": {
							"post": [108.4217, -8.41943, 192.89609],
							"lerp_mode": "catmullrom"
						},
						"2.4667": {
							"post": [98.76847, 3.84445, 181.80039],
							"lerp_mode": "catmullrom"
						}
					},
					"position": {
						"0.0": {
							"post": [-6.62499, -15.40624, 5.04688],
							"lerp_mode": "catmullrom"
						},
						"0.1": {
							"post": [-6.58211, -14.92929, 4.71068],
							"lerp_mode": "catmullrom"
						},
						"0.6333": {
							"post": [-6.58229, -15.62182, 4.42038],
							"lerp_mode": "catmullrom"
						},
						"1.6": {
							"post": [-6.58, -15.62, 4.42],
							"lerp_mode": "catmullrom"
						},
						"1.7667": {
							"post": [-7.16422, -17.12653, 12.41459],
							"lerp_mode": "catmullrom"
						},
						"1.9": {
							"post": [-4.02758, -14.18027, 15.81325],
							"lerp_mode": "catmullrom"
						},
						"2.0333": {
							"post": [-4.44352, -13.86285, 4.38776],
							"lerp_mode": "catmullrom"
						},
						"2.1667": {
							"post": [-3.8742, -14.03714, 4.37298],
							"lerp_mode": "catmullrom"
						},
						"2.2": {
							"post": [-3.8742, -14.03714, 4.37298],
							"lerp_mode": "catmullrom"
						},
						"2.3667": {
							"post": [-4.0372, -16.60206, 5.43974],
							"lerp_mode": "catmullrom"
						},
						"2.4667": {
							"post": [-6.62499, -15.40624, 5.04688],
							"lerp_mode": "catmullrom"
						}
					}
				},
				"constraint": {
					"rotation": [0.5, 0.5, 0.6],
					"position": [0.4, 0.5, 0.6]
				},
				"root": {
					"rotation": {
						"0.0": {
							"post": [0, 0, 0],
							"lerp_mode": "catmullrom"
						},
						"0.1333": {
							"post": [-16.0712, 12.27393, -12.06603],
							"lerp_mode": "catmullrom"
						},
						"0.2667": {
							"post": [7.42259, -1.75017, 27.56585],
							"lerp_mode": "catmullrom"
						},
						"0.4667": {
							"post": [7.60361, -1.56244, 18.51322],
							"lerp_mode": "catmullrom"
						},
						"0.5333": {
							"post": [10.60361, -1.56244, 18.51322],
							"lerp_mode": "catmullrom"
						},
						"0.6667": {
							"post": [5.15, 1.93, 17],
							"lerp_mode": "catmullrom"
						},
						"0.8": {
							"post": [-46.68569, 5.43016, 15.49096],
							"lerp_mode": "catmullrom"
						},
						"0.9333": {
							"post": [-73.94424, 13.27844, 2.93326],
							"lerp_mode": "catmullrom"
						},
						"1.1": {
							"post": [-72.87559, 11.84993, 7.84263],
							"lerp_mode": "catmullrom"
						},
						"1.2333": {
							"post": [-69.12097, 10.64674, 11.72955],
							"lerp_mode": "catmullrom"
						},
						"1.4": {
							"post": [-48.12097, 10.64674, 11.72955],
							"lerp_mode": "catmullrom"
						},
						"1.6": {
							"post": [7.72404, -6.11475, 8.98231],
							"lerp_mode": "catmullrom"
						},
						"1.7667": {
							"post": [5.73328, -4.06236, 8.7496],
							"lerp_mode": "catmullrom"
						},
						"1.9333": {
							"post": [10.75099, -6.05233, 8.54872],
							"lerp_mode": "catmullrom"
						},
						"2.0667": {
							"post": [20.8378, -13.42343, 9.16888],
							"lerp_mode": "catmullrom"
						},
						"2.1667": {
							"post": [11.61234, -7.56475, 10.17902],
							"lerp_mode": "catmullrom"
						},
						"2.3667": {
							"post": [6.08984, -9.43588, 4.35711],
							"lerp_mode": "catmullrom"
						},
						"2.6": {
							"post": [15.51657, -17.51252, 17.33242],
							"lerp_mode": "catmullrom"
						},
						"2.7333": {
							"post": [9.4369, -31.96479, 27.71457],
							"lerp_mode": "catmullrom"
						},
						"2.9": {
							"post": [-15.55549, -7.34675, -49.37883],
							"lerp_mode": "catmullrom"
						},
						"3.0333": {
							"post": [-13.77525, -9.14611, -37.56393],
							"lerp_mode": "catmullrom"
						},
						"3.2333": {
							"post": [-0.39588, -1.50457, -3.73567],
							"lerp_mode": "catmullrom"
						},
						"3.4333": {
							"post": [0, 0, 0],
							"lerp_mode": "catmullrom"
						}
					},
					"position": {
						"0.0": {
							"post": [0, 0, 0],
							"lerp_mode": "catmullrom"
						},
						"0.1333": {
							"post": [-1.48437, 1.07813, 0],
							"lerp_mode": "catmullrom"
						},
						"0.2667": {
							"post": [0.25312, -0.4375, 0],
							"lerp_mode": "catmullrom"
						},
						"0.5333": {
							"post": [0.25, -0.86187, 0],
							"lerp_mode": "catmullrom"
						},
						"0.6667": {
							"post": [0.25, 0.835, 0.90188],
							"lerp_mode": "catmullrom"
						},
						"0.8": {
							"post": [0.25, 1.34313, 0.46875],
							"lerp_mode": "catmullrom"
						},
						"0.9333": {
							"post": [-0.53125, -0.11312, 0.61063],
							"lerp_mode": "catmullrom"
						},
						"1.0333": {
							"post": [-0.24, -1.07, 0.55],
							"lerp_mode": "catmullrom"
						},
						"1.1": {
							"post": [-0.13486, -2.6624, 0.84972],
							"lerp_mode": "catmullrom"
						},
						"1.1667": {
							"post": [-0.09406, -2.30691, 0.73752],
							"lerp_mode": "catmullrom"
						},
						"1.2333": {
							"post": [-0.37, -0.73125, 0.3025],
							"lerp_mode": "catmullrom"
						},
						"1.4": {
							"post": [-0.37, -0.8075, 0.97438],
							"lerp_mode": "catmullrom"
						},
						"1.6": {
							"post": [-0.37, -0.10688, 0.97],
							"lerp_mode": "catmullrom"
						},
						"1.7667": {
							"post": [-0.41687, -0.09125, 0.97],
							"lerp_mode": "catmullrom"
						},
						"1.9333": {
							"post": [-0.41687, -0.09125, 0.97],
							"lerp_mode": "catmullrom"
						},
						"2.0667": {
							"post": [-0.0764, -0.57312, 0.35109],
							"lerp_mode": "catmullrom"
						},
						"2.1667": {
							"post": [-0.40022, -0.13829, 0.80553],
							"lerp_mode": "catmullrom"
						},
						"2.3667": {
							"post": [-0.33881, -0.03809, 0.73659],
							"lerp_mode": "catmullrom"
						},
						"2.6": {
							"post": [-0.2429, 0.82814, 1.24881],
							"lerp_mode": "catmullrom"
						},
						"2.7333": {
							"post": [-0.36863, 0.83073, 1.43303],
							"lerp_mode": "catmullrom"
						},
						"2.9": {
							"post": [-0.885, 0.32034, 1.33038],
							"lerp_mode": "catmullrom"
						},
						"3.0333": {
							"post": [-0.50774, 0.07191, 1.23543],
							"lerp_mode": "catmullrom"
						},
						"3.4333": {
							"post": [0, 0, 0],
							"lerp_mode": "catmullrom"
						}
					}
				},
				"crane": {
					"rotation": {
						"0.1667": [0, 0, 0],
						"0.3333": [0, 0, 155],
						"0.4667": [0, 0, 106],
						"0.5333": [0, 0, 117],
						"1.0333": [0, 0, 122],
						"1.2": [0, 0, 117],
						"1.6333": [0, 0, 128],
						"1.7667": [0, 0, 120],
						"2.0333": [0, 0, 124],
						"2.6333": [0, 0, 124],
						"2.7667": [0, 0, 142],
						"2.9667": [0, 0, 0]
					}
				},
				"magazine": {
					"rotation": {
						"0.1667": [0, 0, 0],
						"0.3333": [0, 0, 169],
						"0.4667": [0, 0, 200.5],
						"0.5667": [0, 0, 203.5],
						"1.0333": [0, 0, 217.5],
						"1.2": [0, 0, 210.5],
						"1.6333": [0, 0, 215.5],
						"1.7667": [0, 0, 215.5],
						"2.0333": [0, 0, 226.5],
						"2.6333": [0, 0, 230.5],
						"2.7667": [0, 0, 169],
						"2.9667": [0, 0, 0]
					}
				},
				"bullets": {
					"position": {
						"1.0333": [0, 0, 0],
						"1.2333": [0, 0, 19],
						"1.8": [0, 0, 19],
						"2.0333": [0, 0, 0]
					},
					"scale": {
						"1.2333": [1, 1, 1],
						"1.2667": [0, 1, 0],
						"1.8667": [0, 1, 0],
						"1.9": [1, 1, 1]
					}
				},
				"bone2": {
					"position": {
						"1.1": [0, 0, 0],
						"1.1667": [0, 0, 2]
					}
				},
				"bone": {
					"position": {
						"1.1": [0, 0, 0],
						"1.1667": [0, 0, 2]
					}
				},
				"bone3": {
					"position": {
						"1.1667": [0, 0, 0],
						"1.2333": [0, 0, 2]
					}
				},
				"bone5": {
					"position": {
						"1.1667": [0, 0, 0],
						"1.2333": [0, 0, 2]
					}
				},
				"bone4": {
					"position": {
						"1.1667": [0, 0, 0],
						"1.2333": [0, 0, 2]
					}
				},
				"octagon5": {
					"position": {
						"1.0667": [0, 0, 0],
						"1.2333": [0, 0, 0.5625],
						"1.3667": [0, 0, 0]
					}
				},
				"camera": {
					"rotation": {
						"0.0": {
							"post": [0, 0, 0],
							"lerp_mode": "catmullrom"
						},
						"0.1333": {
							"post": [-1, 0, -2],
							"lerp_mode": "catmullrom"
						},
						"0.2667": {
							"post": [2, -1.6, 0.5],
							"lerp_mode": "catmullrom"
						},
						"0.5333": {
							"post": [0.9, -0.6, 1.05],
							"lerp_mode": "catmullrom"
						},
						"0.8": {
							"post": [0.05, 0.35, 0.15],
							"lerp_mode": "catmullrom"
						},
						"0.9333": {
							"post": [-1.5, 0.9, 0.6],
							"lerp_mode": "catmullrom"
						},
						"1.0333": {
							"post": [0.27231, 0.92106, -1.9],
							"lerp_mode": "catmullrom"
						},
						"1.1": {
							"post": [1.36774, 0.94831, 1],
							"lerp_mode": "catmullrom"
						},
						"1.1667": {
							"post": [1.37814, 0.78238, -0.5],
							"lerp_mode": "catmullrom"
						},
						"1.2333": {
							"post": [1.38496, 0.8743, 0],
							"lerp_mode": "catmullrom"
						},
						"1.4": {
							"post": [3, 2, 0.2],
							"lerp_mode": "catmullrom"
						},
						"1.6": {
							"post": [3.5, 3.5, -0.5],
							"lerp_mode": "catmullrom"
						},
						"1.7667": {
							"post": [4, 4, -1],
							"lerp_mode": "catmullrom"
						},
						"1.9667": {
							"post": [4.05, 2.35, 0.63],
							"lerp_mode": "catmullrom"
						},
						"2.1": {
							"post": [4, 2, 1],
							"lerp_mode": "catmullrom"
						},
						"2.1667": {
							"post": [3.4, 3, -1],
							"lerp_mode": "catmullrom"
						},
						"2.2333": {
							"post": [4.05789, 2.41302, 0.5],
							"lerp_mode": "catmullrom"
						},
						"2.3": {
							"post": [4.41371, 2.55543, 0],
							"lerp_mode": "catmullrom"
						},
						"2.5333": {
							"post": [5, 3.5, 1],
							"lerp_mode": "catmullrom"
						},
						"2.7333": {
							"post": [5, 0.25, 1.2],
							"lerp_mode": "catmullrom"
						},
						"2.9667": {
							"post": [0.75, 1.5, -0.5],
							"lerp_mode": "catmullrom"
						},
						"3.4667": {
							"post": [0, 0, 0],
							"lerp_mode": "catmullrom"
						}
					}
				}
			}
		},
		"draw": {
			"animation_length": 0.7667,
			"bones": {
				"lefthand": {
					"rotation": {
						"0.4333": {
							"pre": [108.97753, -48.43144, 187.34661],
							"post": [108.97753, -48.43144, 187.34661],
							"lerp_mode": "catmullrom"
						},
						"0.6": {
							"post": [111.65229, -22.24451, 202.98688],
							"lerp_mode": "catmullrom"
						}
					},
					"position": {
						"0.3": {
							"pre": [12.07692, -20.77033, 7.52456],
							"post": [12.07692, -20.77033, 7.52456],
							"lerp_mode": "catmullrom"
						},
						"0.4333": {
							"post": [12.10239, -22.64319, 4.18282],
							"lerp_mode": "catmullrom"
						},
						"0.6": {
							"post": [6.70313, -16.34375, 4.875],
							"lerp_mode": "catmullrom"
						}
					}
				},
				"righthand": {
					"rotation": [98.76847, 3.84445, 181.80039],
					"position": [-6.62499, -15.40624, 5.04688]
				},
				"constraint": {
					"position": [0.2, 0.2, 0.2]
				},
				"root": {
					"rotation": {
						"0.0": {
							"post": [82.07319, -18.83131, 2.57336],
							"lerp_mode": "catmullrom"
						},
						"0.1667": {
							"post": [67.07319, -18.83131, 2.57336],
							"lerp_mode": "catmullrom"
						},
						"0.3": {
							"post": [45.44, 0, 0],
							"lerp_mode": "catmullrom"
						},
						"0.4": {
							"post": [1.60048, -9.7536, 19.49853],
							"lerp_mode": "catmullrom"
						},
						"0.6": {
							"post": [8, 0, 0],
							"lerp_mode": "catmullrom"
						},
						"0.7667": {
							"post": [0, 0, 0],
							"lerp_mode": "catmullrom"
						}
					},
					"position": {
						"0.0": {
							"post": [-1.03416, -10.12442, 4.35971],
							"lerp_mode": "catmullrom"
						},
						"0.1667": {
							"post": [-1.03416, -3.13783, 5.27951],
							"lerp_mode": "catmullrom"
						},
						"0.3": {
							"post": [0, 0.66899, 5.78928],
							"lerp_mode": "catmullrom"
						},
						"0.4": {
							"post": [-1.08396, 1.14414, 2.70677],
							"lerp_mode": "catmullrom"
						},
						"0.6": {
							"post": [0, -0.66191, -0.44345],
							"lerp_mode": "catmullrom"
						},
						"0.7667": {
							"post": [0, 0, 0],
							"lerp_mode": "catmullrom"
						}
					}
				},
				"gun_main": {
					"rotation": {
						"0.0": {
							"post": [157.5, 0, 0],
							"lerp_mode": "catmullrom"
						},
						"0.1667": {
							"post": [102.5, 0, 0],
							"lerp_mode": "catmullrom"
						},
						"0.4": {
							"post": [-22.5, 0, 0],
							"lerp_mode": "catmullrom"
						},
						"0.5333": {
							"post": [0, 0, 0],
							"lerp_mode": "catmullrom"
						},
						"0.6333": {
							"post": [0, 0, 0],
							"lerp_mode": "catmullrom"
						}
					}
				},
				"camera": {
					"rotation": {
						"0.0": {
							"post": [0, 0, 0],
							"lerp_mode": "catmullrom"
						},
						"0.1667": {
							"post": [0, 0, 1.2],
							"lerp_mode": "catmullrom"
						},
						"0.4": {
							"post": [-1.9997, 0.0349, 2],
							"lerp_mode": "catmullrom"
						},
						"0.6": {
							"post": [0.00213, -0.03483, -0.99939],
							"lerp_mode": "catmullrom"
						},
						"0.7667": {
							"post": [0, 0, 0],
							"lerp_mode": "catmullrom"
						}
					}
				}
			}
		},
		"put_away": {
			"animation_length": 0.4333,
			"bones": {
				"lefthand": {
					"rotation": {
						"0.0": {
							"post": [111.65229, -22.24451, 202.98688],
							"lerp_mode": "catmullrom"
						},
						"0.1333": {
							"post": [126.82937, -8.37316, 136.46961],
							"lerp_mode": "catmullrom"
						}
					},
					"position": {
						"0.0": {
							"post": [6.70313, -16.34375, 4.875],
							"lerp_mode": "catmullrom"
						},
						"0.1333": {
							"post": [10.9604, -18.14728, 2.9872],
							"lerp_mode": "catmullrom"
						}
					}
				},
				"righthand": {
					"rotation": {
						"0.0": {
							"post": [98.76847, 3.84445, 181.80039],
							"lerp_mode": "catmullrom"
						}
					},
					"position": {
						"0.0": {
							"post": [-6.62499, -15.40624, 5.04688],
							"lerp_mode": "catmullrom"
						}
					}
				},
				"constraint": {
					"position": [0.2, 0.2, 0.2]
				},
				"root": {
					"rotation": {
						"0.0": {
							"post": [0, 0, 0],
							"lerp_mode": "catmullrom"
						},
						"0.1333": {
							"post": [-15, 0, 0],
							"lerp_mode": "catmullrom"
						},
						"0.2667": {
							"post": [66.86629, -8.83331, 1.73102],
							"lerp_mode": "catmullrom"
						},
						"0.4": {
							"post": [78.86629, -8.83331, 1.73102],
							"lerp_mode": "catmullrom"
						}
					},
					"position": {
						"0.0": {
							"post": [0, 0, 0],
							"lerp_mode": "catmullrom"
						},
						"0.1333": {
							"post": [-0.8125, -0.16925, 1.98126],
							"lerp_mode": "catmullrom"
						},
						"0.2667": {
							"post": [-0.64111, 0.8701, 6.87993],
							"lerp_mode": "catmullrom"
						},
						"0.4": {
							"post": [-0.69447, -6.08543, 5.87113],
							"lerp_mode": "catmullrom"
						}
					}
				},
				"gun_main": {
					"rotation": {
						"0.0": {
							"post": [0, 0, 0],
							"lerp_mode": "catmullrom"
						},
						"0.1333": {
							"post": [-75, 0, 0],
							"lerp_mode": "catmullrom"
						},
						"0.2667": {
							"post": [-240, 0, 0],
							"lerp_mode": "catmullrom"
						},
						"0.4": {
							"post": [-352.5, 0, 0],
							"lerp_mode": "catmullrom"
						}
					},
					"position": {
						"0.0": {
							"post": [0, 0, 0],
							"lerp_mode": "catmullrom"
						},
						"0.1333": {
							"post": [0.71875, 0, 0],
							"lerp_mode": "catmullrom"
						}
					}
				},
				"camera": {
					"rotation": {
						"0.0": {
							"post": [0, 0, 0],
							"lerp_mode": "catmullrom"
						},
						"0.1333": {
							"post": [-1, 0, 2],
							"lerp_mode": "catmullrom"
						},
						"0.2667": {
							"post": [0, 0, -1],
							"lerp_mode": "catmullrom"
						},
						"0.4": {
							"post": [0, 0, 0],
							"lerp_mode": "catmullrom"
						}
					}
				}
			}
		},
		"static_bolt_caught": {
			"loop": true,
			"bones": {
				"lefthand": {
					"rotation": [111.65229, -22.24451, 202.98688],
					"position": [6.70313, -16.34375, 4.875]
				},
				"righthand": {
					"rotation": [98.76847, 3.84445, 181.80039],
					"position": [-6.62499, -15.40624, 5.04688]
				},
				"constraint": {
					"position": [0.2, 0.2, 0.2]
				}
			}
		},
		"static_idle": {
			"loop": true,
			"bones": {
				"lefthand": {
					"rotation": [111.65229, -22.24451, 202.98688],
					"position": [6.70313, -16.34375, 4.875]
				},
				"righthand": {
					"rotation": [98.76847, 3.84445, 181.80039],
					"position": [-6.62499, -15.40624, 5.04688]
				},
				"constraint": {
					"position": [0.2, 0.2, 0.2]
				}
			}
		},
		"inspect": {
			"animation_length": 5.5667,
			"bones": {
				"lefthand": {
					"rotation": {
						"0.0": {
							"post": [111.65229, -22.24451, 202.98688],
							"lerp_mode": "catmullrom"
						},
						"0.2": {
							"post": [135.28151, -20.35708, 102.64487],
							"lerp_mode": "catmullrom"
						},
						"4.8333": {
							"post": [135.28151, -20.35708, 102.64487],
							"lerp_mode": "catmullrom"
						},
						"5.1667": {
							"post": [111.65229, -22.24451, 202.98688],
							"lerp_mode": "catmullrom"
						}
					},
					"position": {
						"0.0": {
							"post": [6.70313, -16.34375, 4.875],
							"lerp_mode": "catmullrom"
						},
						"0.2": {
							"post": [17.47425, -13.1807, 3.51912],
							"lerp_mode": "catmullrom"
						},
						"4.8333": {
							"post": [6.96703, -33.06323, 11.77973],
							"lerp_mode": "catmullrom"
						},
						"5.1667": {
							"post": [6.70313, -16.34375, 4.875],
							"lerp_mode": "catmullrom"
						}
					},
					"scale": {
						"0.2": [1, 1, 1],
						"0.3": [0, 0, 1],
						"4.8": [0, 0, 1],
						"4.8667": [1, 1, 1]
					}
				},
				"righthand": {
					"rotation": {
						"0.0": {
							"post": [98.76847, 3.84445, 181.80039],
							"lerp_mode": "catmullrom"
						},
						"0.2": {
							"post": [98.05587, 9.52112, 183.56124],
							"lerp_mode": "catmullrom"
						},
						"0.3": {
							"post": [108.05587, 9.52112, 183.56123],
							"lerp_mode": "catmullrom"
						},
						"0.4": {
							"post": [116.05587, 9.52112, 183.56124],
							"lerp_mode": "catmullrom"
						},
						"0.5667": {
							"post": [129.05588, 9.52112, 183.56124],
							"lerp_mode": "catmullrom"
						},
						"0.8": {
							"post": [97.94952, 2.09395, 182.51244],
							"lerp_mode": "catmullrom"
						},
						"5.0": {
							"post": [97.94952, 2.09395, 182.51244],
							"lerp_mode": "catmullrom"
						},
						"5.2667": {
							"post": [98.76847, 3.84445, 181.80039],
							"lerp_mode": "catmullrom"
						}
					},
					"position": {
						"0.0": {
							"post": [-6.62499, -15.40624, 5.04688],
							"lerp_mode": "catmullrom"
						},
						"0.2": {
							"post": [-7.10099, -15.84137, 4.04291],
							"lerp_mode": "catmullrom"
						},
						"0.3": {
							"post": [-7.0272, -15.22268, 3.20683],
							"lerp_mode": "catmullrom"
						},
						"0.4": {
							"post": [-7.47929, -14.09953, 3.66923],
							"lerp_mode": "catmullrom"
						},
						"0.5667": {
							"post": [-8.31875, -15.13971, 4.63872],
							"lerp_mode": "catmullrom"
						},
						"0.8": {
							"post": [-7.26916, -15.8059, 4.04332],
							"lerp_mode": "catmullrom"
						},
						"5.0": {
							"post": [-7.26916, -15.8059, 4.04332],
							"lerp_mode": "catmullrom"
						},
						"5.2667": {
							"post": [-6.62499, -15.40624, 5.04688],
							"lerp_mode": "catmullrom"
						}
					}
				},
				"constraint": {
					"rotation": [1, 1, 1],
					"position": [1, 1, 1]
				},
				"root": {
					"rotation": {
						"0.0": {
							"post": [0, 0, 0],
							"lerp_mode": "catmullrom"
						},
						"0.2": {
							"post": [2.35656, -9.28103, 83.60412],
							"lerp_mode": "catmullrom"
						},
						"0.4": {
							"post": [13.12183, 25.11855, 88.54235],
							"lerp_mode": "catmullrom"
						},
						"0.7": {
							"post": [31.67755, 30.92471, 91.3453],
							"lerp_mode": "catmullrom"
						},
						"0.9": {
							"post": [23.71189, 7.63315, 93.52398],
							"lerp_mode": "catmullrom"
						},
						"1.3": {
							"post": [-21.01187, -72.82854, -18.54991],
							"lerp_mode": "catmullrom"
						},
						"2.0": {
							"post": [9.61053, -73.59568, -53.57859],
							"lerp_mode": "catmullrom"
						},
						"2.3333": {
							"post": [-35.77, -59.54, -12.97],
							"lerp_mode": "catmullrom"
						},
						"2.6667": {
							"post": [-28.98292, -1.55417, -1.25895],
							"lerp_mode": "catmullrom"
						},
						"2.9": {
							"post": [-26.7788, -3.75437, -5.75584],
							"lerp_mode": "catmullrom"
						},
						"3.0": {
							"post": [-27.47668, 27.80113, 31.69716],
							"lerp_mode": "catmullrom"
						},
						"3.2": {
							"post": [-33.51111, 29.18134, 25.63333],
							"lerp_mode": "catmullrom"
						},
						"3.4333": {
							"post": [-10.62288, 12.33943, 21.10843],
							"lerp_mode": "catmullrom"
						},
						"3.5667": {
							"post": [-1.58808, 3.34295, 21.3627],
							"lerp_mode": "catmullrom"
						},
						"3.8": {
							"post": [5.65119, -2.05473, 14.81767],
							"lerp_mode": "catmullrom"
						},
						"4.1": {
							"post": [5.5711, -0.25508, 17.00608],
							"lerp_mode": "catmullrom"
						},
						"4.5": {
							"post": [5.55887, -0.44905, 18.99669],
							"lerp_mode": "catmullrom"
						},
						"4.7333": {
							"post": [4.98936, -2.4975, 40.91302],
							"lerp_mode": "catmullrom"
						},
						"4.9333": {
							"post": [-32.87452, 4.73037, -54.42965],
							"lerp_mode": "catmullrom"
						},
						"5.1667": {
							"post": [-23.4905, 4.98524, -48.87179],
							"lerp_mode": "catmullrom"
						},
						"5.3667": {
							"post": [-7.37978, 3.01986, -3.17101],
							"lerp_mode": "catmullrom"
						},
						"5.5667": {
							"post": [0, 0, 0],
							"lerp_mode": "catmullrom"
						}
					},
					"position": {
						"0.0": {
							"post": [0, 0, 0],
							"lerp_mode": "catmullrom"
						},
						"0.2": {
							"post": [-0.64443, -2.55378, -0.72583],
							"lerp_mode": "catmullrom"
						},
						"0.4": {
							"post": [-0.75018, -2.18682, -3.53236],
							"lerp_mode": "catmullrom"
						},
						"0.7": {
							"post": [-0.86815, -1.05584, -2.42732],
							"lerp_mode": "catmullrom"
						},
						"0.9": {
							"post": [-1.78098, -2.15194, -1.46435],
							"lerp_mode": "catmullrom"
						},
						"1.3": {
							"post": [0.33078, -0.26613, 1.93205],
							"lerp_mode": "catmullrom"
						},
						"2.0": {
							"post": [3.05635, 2.33479, 0.83567],
							"lerp_mode": "catmullrom"
						},
						"2.3333": {
							"post": [4.01644, 1.44685, 0.50807],
							"lerp_mode": "catmullrom"
						},
						"2.6667": {
							"post": [-0.43586, 0.51965, 0.64171],
							"lerp_mode": "catmullrom"
						},
						"2.9": {
							"post": [-0.1528, 0.77185, 0.95315],
							"lerp_mode": "catmullrom"
						},
						"3.0": {
							"post": [-0.04813, 0.46066, 0.6767],
							"lerp_mode": "catmullrom"
						},
						"3.2": {
							"post": [-0.04813, 0.46066, 0.6767],
							"lerp_mode": "catmullrom"
						},
						"3.4333": {
							"post": [-0.20008, 0.19948, 0.72306],
							"lerp_mode": "catmullrom"
						},
						"3.5667": {
							"post": [-0.05272, 0.51744, 1.08857],
							"lerp_mode": "catmullrom"
						},
						"3.8": {
							"post": [-0.14556, 0.70612, 1.06958],
							"lerp_mode": "catmullrom"
						},
						"4.1": {
							"post": [0.01685, 0.33958, 0.90617],
							"lerp_mode": "catmullrom"
						},
						"4.5": {
							"post": [0.06432, 0.32474, 0.91037],
							"lerp_mode": "catmullrom"
						},
						"4.7333": {
							"post": [0.31685, -0.33514, 0.96575],
							"lerp_mode": "catmullrom"
						},
						"4.9333": {
							"post": [-0.97715, 0.19176, 1.24679],
							"lerp_mode": "catmullrom"
						},
						"5.1667": {
							"post": [-0.48537, 0.14835, 1.20378],
							"lerp_mode": "catmullrom"
						},
						"5.3667": {
							"post": [0.36518, -0.50939, -0.31454],
							"lerp_mode": "catmullrom"
						},
						"5.5667": {
							"post": [0, 0, 0],
							"lerp_mode": "catmullrom"
						}
					}
				},
				"gun_main": {
					"rotation": {
						"0.3": {
							"pre": [0, 0, 0],
							"post": [0, 0, 0],
							"lerp_mode": "catmullrom"
						},
						"0.3667": {
							"post": [-60, 0, 0],
							"lerp_mode": "catmullrom"
						},
						"0.5": {
							"post": [-202.5, 0, 0],
							"lerp_mode": "catmullrom"
						},
						"0.6333": {
							"post": [-335, 0, 0],
							"lerp_mode": "catmullrom"
						},
						"0.8667": {
							"post": [-360, 0, 0],
							"lerp_mode": "catmullrom"
						}
					},
					"position": {
						"0.3": {
							"pre": [0, 0, 0],
							"post": [0, 0, 0],
							"lerp_mode": "catmullrom"
						},
						"0.3667": {
							"post": [0, -1.87963, 1.80689],
							"lerp_mode": "catmullrom"
						},
						"0.5": {
							"post": [0, -0.51612, 1.0896],
							"lerp_mode": "catmullrom"
						},
						"0.6333": {
							"post": [0, -1.05064, 1.5788],
							"lerp_mode": "catmullrom"
						},
						"0.8667": {
							"post": [0, 0, 0],
							"lerp_mode": "catmullrom"
						}
					}
				},
				"crane": {
					"rotation": {
						"2.9333": {
							"pre": [0, 0, 0],
							"post": [0, 0, 0],
							"lerp_mode": "catmullrom"
						},
						"3.1": {
							"post": [0, 0, 125],
							"lerp_mode": "catmullrom"
						},
						"3.2333": {
							"post": [0, 0, 110],
							"lerp_mode": "catmullrom"
						},
						"3.4667": {
							"post": [0, 0, 122.5],
							"lerp_mode": "catmullrom"
						},
						"4.7333": {
							"post": [0, 0, 122.5],
							"lerp_mode": "catmullrom"
						},
						"5.0": {
							"post": [0, 0, 0],
							"lerp_mode": "catmullrom"
						}
					}
				},
				"camera": {
					"rotation": {
						"0.0": {
							"post": [0, 0, 0],
							"lerp_mode": "catmullrom"
						},
						"0.2": {
							"post": [0, 1, 0.1],
							"lerp_mode": "catmullrom"
						},
						"0.4": {
							"post": [0, 0, -0.1],
							"lerp_mode": "catmullrom"
						},
						"0.5667": {
							"post": [0, 0, 0.5],
							"lerp_mode": "catmullrom"
						},
						"0.7": {
							"post": [0, 0, -0.4],
							"lerp_mode": "catmullrom"
						},
						"0.9": {
							"post": [0, -0.5, 0.2],
							"lerp_mode": "catmullrom"
						},
						"1.3": {
							"post": [3.8, 2.8, -2],
							"lerp_mode": "catmullrom"
						},
						"2.0": {
							"post": [1.9, 0.75, -2],
							"lerp_mode": "catmullrom"
						},
						"2.3333": {
							"post": [1.4, 1.2, -0.55],
							"lerp_mode": "catmullrom"
						},
						"2.6667": {
							"post": [1.4, 1.7, -0.5],
							"lerp_mode": "catmullrom"
						},
						"3.0": {
							"post": [2.5, 1.6, 1],
							"lerp_mode": "catmullrom"
						},
						"3.2": {
							"post": [1.4, 2.22, -0.5],
							"lerp_mode": "catmullrom"
						},
						"3.4333": {
							"post": [1.8, 2.25, -1.5],
							"lerp_mode": "catmullrom"
						},
						"3.7333": {
							"post": [2.3, 3.25, -1.44],
							"lerp_mode": "catmullrom"
						},
						"4.5333": {
							"post": [3, 3, 0.55],
							"lerp_mode": "catmullrom"
						},
						"4.8": {
							"post": [3, 2.4, 2.5],
							"lerp_mode": "catmullrom"
						},
						"4.9333": {
							"post": [3, 3, 0.4],
							"lerp_mode": "catmullrom"
						},
						"5.1667": {
							"post": [3, 3, 1.2],
							"lerp_mode": "catmullrom"
						},
						"5.5667": {
							"post": [0, 0, 0],
							"lerp_mode": "catmullrom"
						}
					}
				}
			}
		},
		"inspect_empty": {
			"animation_length": 5.5667,
			"bones": {
				"lefthand": {
					"rotation": {
						"0.0": {
							"post": [111.65229, -22.24451, 202.98688],
							"lerp_mode": "catmullrom"
						},
						"0.2": {
							"post": [135.28151, -20.35708, 102.64487],
							"lerp_mode": "catmullrom"
						},
						"4.8333": {
							"post": [135.28151, -20.35708, 102.64487],
							"lerp_mode": "catmullrom"
						},
						"5.1667": {
							"post": [111.65229, -22.24451, 202.98688],
							"lerp_mode": "catmullrom"
						}
					},
					"position": {
						"0.0": {
							"post": [6.70313, -16.34375, 4.875],
							"lerp_mode": "catmullrom"
						},
						"0.2": {
							"post": [17.47425, -13.1807, 3.51912],
							"lerp_mode": "catmullrom"
						},
						"4.8333": {
							"post": [6.96703, -33.06323, 11.77973],
							"lerp_mode": "catmullrom"
						},
						"5.1667": {
							"post": [6.70313, -16.34375, 4.875],
							"lerp_mode": "catmullrom"
						}
					},
					"scale": {
						"0.2": [1, 1, 1],
						"0.3": [0, 0, 1],
						"4.8": [0, 0, 1],
						"4.8667": [1, 1, 1]
					}
				},
				"righthand": {
					"rotation": {
						"0.0": {
							"post": [98.76847, 3.84445, 181.80039],
							"lerp_mode": "catmullrom"
						},
						"0.2": {
							"post": [98.05587, 9.52112, 183.56124],
							"lerp_mode": "catmullrom"
						},
						"0.3": {
							"post": [108.05587, 9.52112, 183.56123],
							"lerp_mode": "catmullrom"
						},
						"0.4": {
							"post": [116.05587, 9.52112, 183.56124],
							"lerp_mode": "catmullrom"
						},
						"0.5667": {
							"post": [129.05588, 9.52112, 183.56124],
							"lerp_mode": "catmullrom"
						},
						"0.8": {
							"post": [97.94952, 2.09395, 182.51244],
							"lerp_mode": "catmullrom"
						},
						"5.0": {
							"post": [97.94952, 2.09395, 182.51244],
							"lerp_mode": "catmullrom"
						},
						"5.2667": {
							"post": [98.76847, 3.84445, 181.80039],
							"lerp_mode": "catmullrom"
						}
					},
					"position": {
						"0.0": {
							"post": [-6.62499, -15.40624, 5.04688],
							"lerp_mode": "catmullrom"
						},
						"0.2": {
							"post": [-7.10099, -15.84137, 4.04291],
							"lerp_mode": "catmullrom"
						},
						"0.3": {
							"post": [-7.0272, -15.22268, 3.20683],
							"lerp_mode": "catmullrom"
						},
						"0.4": {
							"post": [-7.47929, -14.09953, 3.66923],
							"lerp_mode": "catmullrom"
						},
						"0.5667": {
							"post": [-8.31875, -15.13971, 4.63872],
							"lerp_mode": "catmullrom"
						},
						"0.8": {
							"post": [-7.26916, -15.8059, 4.04332],
							"lerp_mode": "catmullrom"
						},
						"5.0": {
							"post": [-7.26916, -15.8059, 4.04332],
							"lerp_mode": "catmullrom"
						},
						"5.2667": {
							"post": [-6.62499, -15.40624, 5.04688],
							"lerp_mode": "catmullrom"
						}
					}
				},
				"constraint": {
					"rotation": [1, 1, 1],
					"position": [1, 1, 1]
				},
				"root": {
					"rotation": {
						"0.0": {
							"post": [0, 0, 0],
							"lerp_mode": "catmullrom"
						},
						"0.2": {
							"post": [2.35656, -9.28103, 83.60412],
							"lerp_mode": "catmullrom"
						},
						"0.4": {
							"post": [13.12183, 25.11855, 88.54235],
							"lerp_mode": "catmullrom"
						},
						"0.7": {
							"post": [31.67755, 30.92471, 91.3453],
							"lerp_mode": "catmullrom"
						},
						"0.9": {
							"post": [23.71189, 7.63315, 93.52398],
							"lerp_mode": "catmullrom"
						},
						"1.3": {
							"post": [-21.01187, -72.82854, -18.54991],
							"lerp_mode": "catmullrom"
						},
						"2.0": {
							"post": [9.61053, -73.59568, -53.57859],
							"lerp_mode": "catmullrom"
						},
						"2.3333": {
							"post": [-35.77, -59.54, -12.97],
							"lerp_mode": "catmullrom"
						},
						"2.6667": {
							"post": [-28.98292, -1.55417, -1.25895],
							"lerp_mode": "catmullrom"
						},
						"2.9": {
							"post": [-26.7788, -3.75437, -5.75584],
							"lerp_mode": "catmullrom"
						},
						"3.0": {
							"post": [-27.47668, 27.80113, 31.69716],
							"lerp_mode": "catmullrom"
						},
						"3.2": {
							"post": [-33.51111, 29.18134, 25.63333],
							"lerp_mode": "catmullrom"
						},
						"3.4333": {
							"post": [-10.62288, 12.33943, 21.10843],
							"lerp_mode": "catmullrom"
						},
						"3.5667": {
							"post": [-1.58808, 3.34295, 21.3627],
							"lerp_mode": "catmullrom"
						},
						"3.8": {
							"post": [5.65119, -2.05473, 14.81767],
							"lerp_mode": "catmullrom"
						},
						"4.1": {
							"post": [5.5711, -0.25508, 17.00608],
							"lerp_mode": "catmullrom"
						},
						"4.5": {
							"post": [5.55887, -0.44905, 18.99669],
							"lerp_mode": "catmullrom"
						},
						"4.7333": {
							"post": [4.98936, -2.4975, 40.91302],
							"lerp_mode": "catmullrom"
						},
						"4.9333": {
							"post": [-32.87452, 4.73037, -54.42965],
							"lerp_mode": "catmullrom"
						},
						"5.1667": {
							"post": [-23.4905, 4.98524, -48.87179],
							"lerp_mode": "catmullrom"
						},
						"5.3667": {
							"post": [-7.37978, 3.01986, -3.17101],
							"lerp_mode": "catmullrom"
						},
						"5.5667": {
							"post": [0, 0, 0],
							"lerp_mode": "catmullrom"
						}
					},
					"position": {
						"0.0": {
							"post": [0, 0, 0],
							"lerp_mode": "catmullrom"
						},
						"0.2": {
							"post": [-0.64443, -2.55378, -0.72583],
							"lerp_mode": "catmullrom"
						},
						"0.4": {
							"post": [-0.75018, -2.18682, -3.53236],
							"lerp_mode": "catmullrom"
						},
						"0.7": {
							"post": [-0.86815, -1.05584, -2.42732],
							"lerp_mode": "catmullrom"
						},
						"0.9": {
							"post": [-1.78098, -2.15194, -1.46435],
							"lerp_mode": "catmullrom"
						},
						"1.3": {
							"post": [0.33078, -0.26613, 1.93205],
							"lerp_mode": "catmullrom"
						},
						"2.0": {
							"post": [3.05635, 2.33479, 0.83567],
							"lerp_mode": "catmullrom"
						},
						"2.3333": {
							"post": [4.01644, 1.44685, 0.50807],
							"lerp_mode": "catmullrom"
						},
						"2.6667": {
							"post": [-0.43586, 0.51965, 0.64171],
							"lerp_mode": "catmullrom"
						},
						"2.9": {
							"post": [-0.1528, 0.77185, 0.95315],
							"lerp_mode": "catmullrom"
						},
						"3.0": {
							"post": [-0.04813, 0.46066, 0.6767],
							"lerp_mode": "catmullrom"
						},
						"3.2": {
							"post": [-0.04813, 0.46066, 0.6767],
							"lerp_mode": "catmullrom"
						},
						"3.4333": {
							"post": [-0.20008, 0.19948, 0.72306],
							"lerp_mode": "catmullrom"
						},
						"3.5667": {
							"post": [-0.05272, 0.51744, 1.08857],
							"lerp_mode": "catmullrom"
						},
						"3.8": {
							"post": [-0.14556, 0.70612, 1.06958],
							"lerp_mode": "catmullrom"
						},
						"4.1": {
							"post": [0.01685, 0.33958, 0.90617],
							"lerp_mode": "catmullrom"
						},
						"4.5": {
							"post": [0.06432, 0.32474, 0.91037],
							"lerp_mode": "catmullrom"
						},
						"4.7333": {
							"post": [0.31685, -0.33514, 0.96575],
							"lerp_mode": "catmullrom"
						},
						"4.9333": {
							"post": [-0.97715, 0.19176, 1.24679],
							"lerp_mode": "catmullrom"
						},
						"5.1667": {
							"post": [-0.48537, 0.14835, 1.20378],
							"lerp_mode": "catmullrom"
						},
						"5.3667": {
							"post": [0.36518, -0.50939, -0.31454],
							"lerp_mode": "catmullrom"
						},
						"5.5667": {
							"post": [0, 0, 0],
							"lerp_mode": "catmullrom"
						}
					}
				},
				"gun_main": {
					"rotation": {
						"0.3": {
							"pre": [0, 0, 0],
							"post": [0, 0, 0],
							"lerp_mode": "catmullrom"
						},
						"0.3667": {
							"post": [-60, 0, 0],
							"lerp_mode": "catmullrom"
						},
						"0.5": {
							"post": [-202.5, 0, 0],
							"lerp_mode": "catmullrom"
						},
						"0.6333": {
							"post": [-335, 0, 0],
							"lerp_mode": "catmullrom"
						},
						"0.8667": {
							"post": [-360, 0, 0],
							"lerp_mode": "catmullrom"
						}
					},
					"position": {
						"0.3": {
							"pre": [0, 0, 0],
							"post": [0, 0, 0],
							"lerp_mode": "catmullrom"
						},
						"0.3667": {
							"post": [0, -1.87963, 1.80689],
							"lerp_mode": "catmullrom"
						},
						"0.5": {
							"post": [0, -0.51612, 1.0896],
							"lerp_mode": "catmullrom"
						},
						"0.6333": {
							"post": [0, -1.05064, 1.5788],
							"lerp_mode": "catmullrom"
						},
						"0.8667": {
							"post": [0, 0, 0],
							"lerp_mode": "catmullrom"
						}
					}
				},
				"crane": {
					"rotation": {
						"2.9333": {
							"pre": [0, 0, 0],
							"post": [0, 0, 0],
							"lerp_mode": "catmullrom"
						},
						"3.1": {
							"post": [0, 0, 125],
							"lerp_mode": "catmullrom"
						},
						"3.2333": {
							"post": [0, 0, 110],
							"lerp_mode": "catmullrom"
						},
						"3.4667": {
							"post": [0, 0, 122.5],
							"lerp_mode": "catmullrom"
						},
						"4.7333": {
							"post": [0, 0, 122.5],
							"lerp_mode": "catmullrom"
						},
						"5.0": {
							"post": [0, 0, 0],
							"lerp_mode": "catmullrom"
						}
					}
				},
				"camera": {
					"rotation": {
						"0.0": {
							"post": [0, 0, 0],
							"lerp_mode": "catmullrom"
						},
						"0.2": {
							"post": [0, 1, 0.1],
							"lerp_mode": "catmullrom"
						},
						"0.4": {
							"post": [0, 0, -0.1],
							"lerp_mode": "catmullrom"
						},
						"0.5667": {
							"post": [0, 0, 0.5],
							"lerp_mode": "catmullrom"
						},
						"0.7": {
							"post": [0, 0, -0.4],
							"lerp_mode": "catmullrom"
						},
						"0.9": {
							"post": [0, -0.5, 0.2],
							"lerp_mode": "catmullrom"
						},
						"1.3": {
							"post": [3.8, 2.8, -2],
							"lerp_mode": "catmullrom"
						},
						"2.0": {
							"post": [1.9, 0.75, -2],
							"lerp_mode": "catmullrom"
						},
						"2.3333": {
							"post": [1.4, 1.2, -0.55],
							"lerp_mode": "catmullrom"
						},
						"2.6667": {
							"post": [1.4, 1.7, -0.5],
							"lerp_mode": "catmullrom"
						},
						"3.0": {
							"post": [2.5, 1.6, 1],
							"lerp_mode": "catmullrom"
						},
						"3.2": {
							"post": [1.4, 2.22, -0.5],
							"lerp_mode": "catmullrom"
						},
						"3.4333": {
							"post": [1.8, 2.25, -1.5],
							"lerp_mode": "catmullrom"
						},
						"3.7333": {
							"post": [2.3, 3.25, -1.44],
							"lerp_mode": "catmullrom"
						},
						"4.5333": {
							"post": [3, 3, 0.55],
							"lerp_mode": "catmullrom"
						},
						"4.8": {
							"post": [3, 2.4, 2.5],
							"lerp_mode": "catmullrom"
						},
						"4.9333": {
							"post": [3, 3, 0.4],
							"lerp_mode": "catmullrom"
						},
						"5.1667": {
							"post": [3, 3, 1.2],
							"lerp_mode": "catmullrom"
						},
						"5.5667": {
							"post": [0, 0, 0],
							"lerp_mode": "catmullrom"
						}
					}
				}
			}
		}
	}
}