{
	"format_version": "1.8.0",
	"animations": {
		"static_idle": {
			"loop": true,
			"bones": {
				"righthand": {
					"rotation": [108.54835, 19.03771, 186.24605],
					"position": [-6.2683, -14.63326, -1.99315]
				},
				"lefthand": {
					"rotation": [111.93615, -35.51932, 189.07133],
					"position": [5.5625, -15.5, -10.125]
				},
				"constraint": {
					"position": [0.2, 0.2, 0.2]
				}
			}
		},
		"shoot": {
			"animation_length": 0.4667,
			"bones": {
				"constraint": {
					"rotation": {
						"0.0": [0.08, 0.02, 0.08],
						"0.1": [0.08, 0.02, 0.08],
						"0.2333": [0, 0, 0]
					},
					"position": {
						"0.0": [0.2, 0.15, 0.4],
						"0.1": [0.2, 0.15, 0.4],
						"0.2333": [0, 0, 0]
					}
				},
				"root": {
					"rotation": {
						"0.0": {
							"post": [0, 0, 0],
							"lerp_mode": "catmullrom"
						},
						"0.0333": {
							"post": [0.03516, 0, -2.11172],
							"lerp_mode": "catmullrom"
						},
						"0.0667": {
							"post": [-0.56984, 0, 1.16812],
							"lerp_mode": "catmullrom"
						},
						"0.1333": {
							"post": [-1.03906, 0, -0.96172],
							"lerp_mode": "catmullrom"
						},
						"0.2333": {
							"post": [0.19531, 0, 0.43047],
							"lerp_mode": "catmullrom"
						},
						"0.3333": {
							"post": [-0.06641, 0, -0.18828],
							"lerp_mode": "catmullrom"
						},
						"0.5": {
							"post": [0, 0, 0],
							"lerp_mode": "catmullrom"
						}
					},
					"position": {
						"0.0": {
							"post": [0, 0, 0],
							"lerp_mode": "catmullrom"
						},
						"0.0333": {
							"post": [0, -0.18, 0.93297],
							"lerp_mode": "catmullrom"
						},
						"0.0667": {
							"post": [0, -0.15234, 0.38906],
							"lerp_mode": "catmullrom"
						},
						"0.1": {
							"post": [0, -0.13, 0.04],
							"lerp_mode": "catmullrom"
						},
						"0.1667": {
							"post": [0, -0.06641, -0.10937],
							"lerp_mode": "catmullrom"
						},
						"0.2667": {
							"post": [0, 0, 0.0625],
							"lerp_mode": "catmullrom"
						},
						"0.3667": {
							"post": [0, 0, -0.02734],
							"lerp_mode": "catmullrom"
						},
						"0.4667": {
							"post": [0, 0, 0],
							"lerp_mode": "catmullrom"
						}
					}
				},
				"bolt": {
					"position": {
						"0.0": [0, 0, 0],
						"0.0333": [0, 0, 3],
						"0.0667": [0, 0, 2],
						"0.1": [0, 0, 0]
					}
				},
				"camera": {
					"rotation": {
						"0.0": {
							"post": [0, 0, 0],
							"lerp_mode": "catmullrom"
						},
						"0.0333": {
							"post": [0, 0, 0.425],
							"lerp_mode": "catmullrom"
						},
						"0.0667": {
							"post": [0, 0, -0.25],
							"lerp_mode": "catmullrom"
						},
						"0.1333": {
							"post": [0, 0, 0.225],
							"lerp_mode": "catmullrom"
						},
						"0.2": {
							"post": [0, 0, -0.125],
							"lerp_mode": "catmullrom"
						},
						"0.2667": {
							"post": [0, 0, 0.05],
							"lerp_mode": "catmullrom"
						},
						"0.3333": {
							"post": [0, 0, 0],
							"lerp_mode": "catmullrom"
						}
					},
					"scale": 1
				}
			}
		},
		"reload_tactical": {
			"animation_length": 1.7,
			"bones": {
				"righthand": {
					"rotation": {
						"0.0": {
							"post": [108.54835, 19.03771, 186.24605],
							"lerp_mode": "catmullrom"
						},
						"0.1333": {
							"post": [107.5, 0, 180],
							"lerp_mode": "catmullrom"
						},
						"1.2333": {
							"post": [107.5, 0, 180],
							"lerp_mode": "catmullrom"
						},
						"1.4": {
							"post": [108.54835, 19.03771, 186.24605],
							"lerp_mode": "catmullrom"
						}
					},
					"position": {
						"0.0": {
							"post": [-6.2683, -14.63326, -1.99315],
							"lerp_mode": "catmullrom"
						},
						"0.1333": {
							"post": [-7.19018, -14.63326, -1.99315],
							"lerp_mode": "catmullrom"
						},
						"1.2333": {
							"post": [-7.19018, -14.63326, -1.99315],
							"lerp_mode": "catmullrom"
						},
						"1.4": {
							"post": [-6.2683, -14.63326, -1.99315],
							"lerp_mode": "catmullrom"
						}
					}
				},
				"lefthand": {
					"rotation": {
						"0.0": {
							"post": [111.93615, -35.51932, 189.07133],
							"lerp_mode": "catmullrom"
						},
						"0.2": {
							"post": [120.46288, -28.84783, 173.16325],
							"lerp_mode": "catmullrom"
						},
						"0.3667": {
							"post": [94.2666, -28.66013, 215.19018],
							"lerp_mode": "catmullrom"
						},
						"0.4667": {
							"post": [74.30662, -28.23029, 237.96552],
							"lerp_mode": "catmullrom"
						},
						"0.6": {
							"post": [68.09775, -15.49596, 251.47626],
							"lerp_mode": "catmullrom"
						},
						"0.8": {
							"post": [105.90091, -1.93978, 183.26309],
							"lerp_mode": "catmullrom"
						},
						"1.0333": {
							"post": [106.00694, 0.53871, 174.60977],
							"lerp_mode": "catmullrom"
						},
						"1.0667": {
							"post": [106.00694, 0.53871, 174.60977],
							"lerp_mode": "catmullrom"
						},
						"1.2333": {
							"post": [124.79085, -18.46096, 163.57097],
							"lerp_mode": "catmullrom"
						},
						"1.3667": {
							"post": [111.93615, -35.51932, 189.07133],
							"lerp_mode": "catmullrom"
						}
					},
					"position": {
						"0.0": {
							"post": [5.5625, -15.5, -10.125],
							"lerp_mode": "catmullrom"
						},
						"0.2": {
							"post": [12.10599, -29.20632, -0.3564],
							"lerp_mode": "catmullrom"
						},
						"0.3667": {
							"post": [10.80319, -23.04248, -4.23194],
							"lerp_mode": "catmullrom"
						},
						"0.4667": {
							"post": [6.71276, -20.56279, -3.64582],
							"lerp_mode": "catmullrom"
						},
						"0.6": {
							"post": [5.08613, -24.22005, -3.05907],
							"lerp_mode": "catmullrom"
						},
						"0.8": {
							"post": [6.58974, -24.71595, -2.32718],
							"lerp_mode": "catmullrom"
						},
						"0.9333": {
							"post": [6.89113, -22.83625, -1.91703],
							"lerp_mode": "catmullrom"
						},
						"1.0333": {
							"post": [6.86878, -20.40796, -1.34167],
							"lerp_mode": "catmullrom"
						},
						"1.0667": {
							"post": [6.86878, -20.40796, -1.34167],
							"lerp_mode": "catmullrom"
						},
						"1.2333": {
							"post": [11.39581, -26.66219, 0.50002],
							"lerp_mode": "catmullrom"
						},
						"1.3667": {
							"post": [5.5625, -15.5, -10.125],
							"lerp_mode": "catmullrom"
						}
					}
				},
				"constraint": {
					"rotation": [0.4, 0.4, 0.5],
					"position": [0.4, 0.5, 0.6]
				},
				"root": {
					"rotation": {
						"0.0": {
							"post": [0, 0, 0],
							"lerp_mode": "catmullrom"
						},
						"0.2": {
							"post": [-15.73685, -2.16887, -20.8343],
							"lerp_mode": "catmullrom"
						},
						"0.3667": {
							"post": [-13.82776, -3.63595, -18.40828],
							"lerp_mode": "catmullrom"
						},
						"0.4667": {
							"post": [-13.83, -3.64, -18.41],
							"lerp_mode": "catmullrom"
						},
						"0.5333": {
							"post": [-24.54541, -5.31125, -22.05538],
							"lerp_mode": "catmullrom"
						},
						"0.6667": {
							"post": [-14.54932, -4.65472, -22.28937],
							"lerp_mode": "catmullrom"
						},
						"0.8": {
							"post": [-9.30087, -7.54806, -34.00261],
							"lerp_mode": "catmullrom"
						},
						"0.9333": {
							"post": [-6.3, -7.55, -34],
							"lerp_mode": "catmullrom"
						},
						"1.0": {
							"post": [-14.38345, -5.15175, -24.23101],
							"lerp_mode": "catmullrom"
						},
						"1.1": {
							"post": [-8.16242, -6.60714, -27.01037],
							"lerp_mode": "catmullrom"
						},
						"1.2667": {
							"post": [-0.38, -2.19, -6.7],
							"lerp_mode": "catmullrom"
						},
						"1.3667": {
							"post": [-3.06237, 0.2116, 3.99489],
							"lerp_mode": "catmullrom"
						},
						"1.4667": {
							"post": [2.01714, 0.03505, -0.99953],
							"lerp_mode": "catmullrom"
						},
						"1.5667": {
							"post": [-1, 0, 0],
							"lerp_mode": "catmullrom"
						},
						"1.6333": {
							"post": [0, 0, 0],
							"lerp_mode": "catmullrom"
						}
					},
					"position": {
						"0.0": {
							"post": [0, 0, 0],
							"lerp_mode": "catmullrom"
						},
						"0.2": {
							"post": [0, 0.84375, 0],
							"lerp_mode": "catmullrom"
						},
						"0.3667": {
							"post": [-0.10937, 0.84, 0],
							"lerp_mode": "catmullrom"
						},
						"0.4667": {
							"post": [-0.10937, 0.84, 0],
							"lerp_mode": "catmullrom"
						},
						"0.6": {
							"post": [-0.11, 1.18375, 0.73438],
							"lerp_mode": "catmullrom"
						},
						"0.6667": {
							"post": [-0.235, 1.18, 0.73],
							"lerp_mode": "catmullrom"
						},
						"0.8": {
							"post": [-0.48, 1.18, 0.73],
							"lerp_mode": "catmullrom"
						},
						"0.9333": {
							"post": [-0.17837, 0.74652, 0.67221],
							"lerp_mode": "catmullrom"
						},
						"1.0": {
							"post": [-0.35789, 0.99684, 0.74127],
							"lerp_mode": "catmullrom"
						},
						"1.1": {
							"post": [-0.26229, 0.86027, 0.71835],
							"lerp_mode": "catmullrom"
						},
						"1.2667": {
							"post": [0.0452, -0.53235, -0.25875],
							"lerp_mode": "catmullrom"
						},
						"1.3667": {
							"post": [0.01053, 0.10876, -0.74788],
							"lerp_mode": "catmullrom"
						},
						"1.4667": {
							"post": [0.00561, -0.81741, 0.71893],
							"lerp_mode": "catmullrom"
						},
						"1.5667": {
							"post": [0, -0.15625, -0.04687],
							"lerp_mode": "catmullrom"
						},
						"1.6333": {
							"post": [0, 0, 0],
							"lerp_mode": "catmullrom"
						}
					}
				},
				"gun_main_and_right": {
					"position": {
						"0.2": {
							"pre": [0, 0, 0],
							"post": [0, 0, 0],
							"lerp_mode": "catmullrom"
						},
						"0.3667": {
							"post": [-0.00242, 0.31459, 0.05766],
							"lerp_mode": "catmullrom"
						},
						"0.4667": {
							"post": [-0.14583, 0.13204, 0.22623],
							"lerp_mode": "catmullrom"
						},
						"0.6": {
							"post": [-0.20533, 0.2523, 0.10677],
							"lerp_mode": "catmullrom"
						},
						"0.8": {
							"post": [-0.12814, 0.04556, -0.03852],
							"lerp_mode": "catmullrom"
						},
						"0.9667": {
							"post": [0, 0, 0],
							"lerp_mode": "catmullrom"
						}
					}
				},
				"magazine": {
					"rotation": {
						"0.0": {
							"post": [-11.9262, 30.2517, -8.84266],
							"lerp_mode": "catmullrom"
						},
						"0.2": {
							"post": [-11.9262, 30.2517, -8.84266],
							"lerp_mode": "catmullrom"
						},
						"0.3667": {
							"post": [8.64274, 27.44523, 38.94221],
							"lerp_mode": "catmullrom"
						},
						"0.4667": {
							"post": [26.87944, 27.31468, 71.04487],
							"lerp_mode": "catmullrom"
						},
						"0.6": {
							"post": [28.63262, 12.09445, 73.28879],
							"lerp_mode": "catmullrom"
						},
						"0.8": {
							"post": [0, 0, -6],
							"lerp_mode": "catmullrom"
						},
						"0.9333": {
							"post": [0, 0, 0],
							"lerp_mode": "catmullrom"
						},
						"1.0667": {
							"post": [0, 0, 0],
							"lerp_mode": "catmullrom"
						}
					},
					"position": {
						"0.0": {
							"post": [6.30383, -11.94349, 2.52896],
							"lerp_mode": "catmullrom"
						},
						"0.2": {
							"post": [6.30383, -11.94349, 2.52896],
							"lerp_mode": "catmullrom"
						},
						"0.3667": {
							"post": [7.57501, -5.92778, -2.77145],
							"lerp_mode": "catmullrom"
						},
						"0.4667": {
							"post": [4.95228, -4.61845, -3.71534],
							"lerp_mode": "catmullrom"
						},
						"0.6": {
							"post": [3.79169, -9.12116, -3.75254],
							"lerp_mode": "catmullrom"
						},
						"0.8": {
							"post": [-0.12546, -7.3911, -0.36273],
							"lerp_mode": "catmullrom"
						},
						"0.9333": {
							"post": [0, -6, 0],
							"lerp_mode": "catmullrom"
						},
						"1.0667": {
							"post": [0, 0, 0],
							"lerp_mode": "catmullrom"
						}
					}
				},
				"bullet_in_mag": {
					"position": [0, -1, 0]
				},
				"camera": {
					"rotation": {
						"0.0": {
							"post": [0, 0, 0],
							"lerp_mode": "catmullrom"
						},
						"0.2": {
							"post": [0.9, 0, -1.6],
							"lerp_mode": "catmullrom"
						},
						"0.3667": {
							"post": [0.1, 0, -0.9],
							"lerp_mode": "catmullrom"
						},
						"0.4667": {
							"post": [0.39994, 0.00698, -1.09998],
							"lerp_mode": "catmullrom"
						},
						"0.6": {
							"post": [-1.39808, 0.07326, 1.79911],
							"lerp_mode": "catmullrom"
						},
						"0.7": {
							"post": [-0.81195, 0.04169, -0.5998],
							"lerp_mode": "catmullrom"
						},
						"0.8": {
							"post": [0.2, 0, -1.7],
							"lerp_mode": "catmullrom"
						},
						"0.9": {
							"post": [1.8, 0, -0.4],
							"lerp_mode": "catmullrom"
						},
						"0.9667": {
							"post": [1.13983, -0.01989, 0.4298],
							"lerp_mode": "catmullrom"
						},
						"1.0667": {
							"post": [-0.19997, -0.00349, -1.99999],
							"lerp_mode": "catmullrom"
						},
						"1.1667": {
							"post": [0.29744, -0.05578, 1.69997],
							"lerp_mode": "catmullrom"
						},
						"1.3": {
							"post": [0.7, -0.05234, 0.2],
							"lerp_mode": "catmullrom"
						},
						"1.4": {
							"post": [0.15, -0.09743, 0.5],
							"lerp_mode": "catmullrom"
						},
						"1.6": {
							"post": [0, 0, 0],
							"lerp_mode": "catmullrom"
						}
					}
				},
				"additional_magazine": {
					"rotation": {
						"0.4667": {
							"pre": [0, 0, 0],
							"post": [0, 0, 0],
							"lerp_mode": "catmullrom"
						},
						"0.5667": {
							"post": [-3.8884, -0.64665, 5.0259],
							"lerp_mode": "catmullrom"
						},
						"0.6": {
							"post": [0, 0, 0],
							"lerp_mode": "catmullrom"
						},
						"0.8": {
							"post": [-30.03169, 9.19679, -71.47951],
							"lerp_mode": "catmullrom"
						},
						"1.1": {
							"post": [-30.03169, 9.19679, -71.47951],
							"lerp_mode": "catmullrom"
						},
						"1.4333": {
							"post": [-23.27629, 21.51211, -46.48882],
							"lerp_mode": "catmullrom"
						}
					},
					"position": {
						"0.4667": {
							"pre": [0, 0, 0],
							"post": [0, 0, 0],
							"lerp_mode": "catmullrom"
						},
						"0.5667": {
							"post": [0.02696, -4.5112, 0.16764],
							"lerp_mode": "catmullrom"
						},
						"0.6": {
							"post": [-0.3125, -6.03125, 0],
							"lerp_mode": "catmullrom"
						},
						"0.8": {
							"post": [-5.03765, -10.60349, 4.26354],
							"lerp_mode": "catmullrom"
						},
						"1.0333": {
							"post": [-3.97283, -8.18096, 3.39451],
							"lerp_mode": "catmullrom"
						},
						"1.1": {
							"post": [-3.97283, -8.18096, 3.39451],
							"lerp_mode": "catmullrom"
						},
						"1.2333": {
							"post": [2.69932, -12.48583, 3.68927],
							"lerp_mode": "catmullrom"
						},
						"1.4333": {
							"post": [11.8849, -19.88417, 6.12145],
							"lerp_mode": "catmullrom"
						}
					}
				}
			}
		},
		"reload_empty": {
			"animation_length": 2.6,
			"bones": {
				"righthand": {
					"rotation": {
						"0.0": {
							"post": [108.54835, 19.03771, 186.24605],
							"lerp_mode": "catmullrom"
						},
						"0.1333": [107.5, 0, 180],
						"1.5667": {
							"pre": [107.5, 0, 180],
							"post": [107.5, 0, 180],
							"lerp_mode": "catmullrom"
						},
						"1.6667": {
							"post": [119.02467, -10.79315, 195.62084],
							"lerp_mode": "catmullrom"
						},
						"1.7": {
							"post": [119.02467, -10.79315, 195.62084],
							"lerp_mode": "catmullrom"
						},
						"1.7333": {
							"post": [112.02467, -10.79315, 195.62084],
							"lerp_mode": "catmullrom"
						},
						"1.8": {
							"post": [152.02467, -10.79315, 195.62084],
							"lerp_mode": "catmullrom"
						},
						"1.8333": {
							"post": [152.02467, -10.79315, 195.62084],
							"lerp_mode": "catmullrom"
						},
						"1.8667": {
							"post": [152.02467, -10.79315, 195.62084],
							"lerp_mode": "catmullrom"
						},
						"1.9667": {
							"post": [125.14129, -12.22417, 165.74819],
							"lerp_mode": "catmullrom"
						},
						"2.0667": {
							"post": [124.21861, -4.95192, 149.3513],
							"lerp_mode": "catmullrom"
						},
						"2.2": {
							"post": [108.54835, 19.03771, 186.24605],
							"lerp_mode": "catmullrom"
						}
					},
					"position": {
						"0.0": {
							"post": [-6.2683, -14.63326, -1.99315],
							"lerp_mode": "catmullrom"
						},
						"0.1333": [-7.19018, -14.63326, -1.99315],
						"1.5667": {
							"pre": [-7.19018, -14.63326, -1.99315],
							"post": [-7.19018, -14.63326, -1.99315],
							"lerp_mode": "catmullrom"
						},
						"1.6667": {
							"post": [-9.4, -12.16687, -1.74812],
							"lerp_mode": "catmullrom"
						},
						"1.7": {
							"post": [-9.4, -12.16687, -1.74812],
							"lerp_mode": "catmullrom"
						},
						"1.7333": {
							"post": [-9.4, -12.16687, -1.74812],
							"lerp_mode": "catmullrom"
						},
						"1.8": {
							"post": [-9.4, -11.33875, 1.25188],
							"lerp_mode": "catmullrom"
						},
						"1.8333": {
							"post": [-9.4, -11.33875, 1.25188],
							"lerp_mode": "catmullrom"
						},
						"1.8667": {
							"post": [-9.4, -11.33875, 1.25188],
							"lerp_mode": "catmullrom"
						},
						"1.9667": {
							"post": [-10.295, -12.99312, 0.76],
							"lerp_mode": "catmullrom"
						},
						"2.0667": {
							"post": [-9.30437, -14.52062, 0.17],
							"lerp_mode": "catmullrom"
						},
						"2.2": {
							"post": [-6.2683, -14.63326, -1.99315],
							"lerp_mode": "catmullrom"
						}
					}
				},
				"lefthand": {
					"rotation": {
						"0.0": {
							"post": [111.93615, -35.51932, 189.07133],
							"lerp_mode": "catmullrom"
						},
						"0.2": {
							"post": [120.46288, -28.84783, 173.16325],
							"lerp_mode": "catmullrom"
						},
						"0.7667": {
							"post": [120.46288, -28.84783, 173.16325],
							"lerp_mode": "catmullrom"
						},
						"0.8667": {
							"post": [81.96377, 1.52356, 177.0902],
							"lerp_mode": "catmullrom"
						},
						"1.0": {
							"post": [86.48678, -19.26279, 180.13235],
							"lerp_mode": "catmullrom"
						},
						"1.1": {
							"post": [86.35741, -22.52622, 190.57701],
							"lerp_mode": "catmullrom"
						},
						"1.1333": {
							"post": [86.35741, -22.52622, 190.57701],
							"lerp_mode": "catmullrom"
						},
						"1.1667": {
							"post": [86.35741, -22.52622, 190.57701],
							"lerp_mode": "catmullrom"
						},
						"1.5": {
							"post": [111.93615, -35.51932, 189.07133],
							"lerp_mode": "catmullrom"
						}
					},
					"position": {
						"0.0": {
							"post": [5.5625, -15.5, -10.125],
							"lerp_mode": "catmullrom"
						},
						"0.2": {
							"post": [12.86598, -29.33043, 4.22509],
							"lerp_mode": "catmullrom"
						},
						"0.7667": {
							"post": [10.25793, -29.42789, 0.66888],
							"lerp_mode": "catmullrom"
						},
						"0.8667": {
							"post": [6.39068, -29.39087, -1.35654],
							"lerp_mode": "catmullrom"
						},
						"1.0": {
							"post": [6.29386, -23.1422, -1.67489],
							"lerp_mode": "catmullrom"
						},
						"1.1": {
							"post": [6.30715, -20.80453, -1.80722],
							"lerp_mode": "catmullrom"
						},
						"1.1333": {
							"post": [6.30715, -20.80453, -1.80722],
							"lerp_mode": "catmullrom"
						},
						"1.1667": {
							"post": [6.30715, -20.80453, -1.80722],
							"lerp_mode": "catmullrom"
						},
						"1.3": {
							"post": [7.44796, -18.93708, -5.04298],
							"lerp_mode": "catmullrom"
						},
						"1.5": {
							"post": [5.5625, -15.5, -10.125],
							"lerp_mode": "catmullrom"
						}
					}
				},
				"constraint": {
					"rotation": [0.4, 0.4, 0.5],
					"position": [0.4, 0.5, 0.6]
				},
				"root": {
					"rotation": {
						"0.0": {
							"post": [0, 0, 0],
							"lerp_mode": "catmullrom"
						},
						"0.1": {
							"post": [3.82587, -0.82721, 11.97363],
							"lerp_mode": "catmullrom"
						},
						"0.1333": {
							"post": [3.82587, -0.82721, 11.97363],
							"lerp_mode": "catmullrom"
						},
						"0.1667": {
							"post": [3.82587, -0.82721, 11.97363],
							"lerp_mode": "catmullrom"
						},
						"0.3333": {
							"post": [-24.27407, -14.0028, -30.5142],
							"lerp_mode": "catmullrom"
						},
						"0.4667": {
							"post": [-22.6192, -5.76056, -17.73488],
							"lerp_mode": "catmullrom"
						},
						"0.6333": {
							"post": [-24.11649, -9.1683, -12.9046],
							"lerp_mode": "catmullrom"
						},
						"0.8333": {
							"post": [-24.14183, -14.97209, -27.05365],
							"lerp_mode": "catmullrom"
						},
						"0.9333": {
							"post": [-22.47718, -14.68632, -21.48788],
							"lerp_mode": "catmullrom"
						},
						"1.0333": {
							"post": [-21.16401, -13.32502, -18.71436],
							"lerp_mode": "catmullrom"
						},
						"1.1": {
							"post": [-30.12, -16.61, -25.19],
							"lerp_mode": "catmullrom"
						},
						"1.2667": {
							"post": [-28.78239, -16.27938, -24.11671],
							"lerp_mode": "catmullrom"
						},
						"1.5667": {
							"post": [-6.67428, 6.39118, 66.59561],
							"lerp_mode": "catmullrom"
						},
						"1.6667": {
							"post": [-2.81938, 1.02565, 58.97476],
							"lerp_mode": "catmullrom"
						},
						"1.8": {
							"post": [-2.91907, 6.77269, 53.67058],
							"lerp_mode": "catmullrom"
						},
						"1.8667": {
							"post": [-8.933, 8.77008, 53.56755],
							"lerp_mode": "catmullrom"
						},
						"1.9667": {
							"post": [-4.81938, 1.02565, 58.97476],
							"lerp_mode": "catmullrom"
						},
						"2.0333": {
							"post": [-9.81938, 1.02565, 58.97476],
							"lerp_mode": "catmullrom"
						},
						"2.2667": {
							"post": [-5.06237, 0.2116, 3.99489],
							"lerp_mode": "catmullrom"
						},
						"2.3667": {
							"post": [1.9639, -0.06918, 1.99913],
							"lerp_mode": "catmullrom"
						},
						"2.4667": {
							"post": [-1, 0, 0],
							"lerp_mode": "catmullrom"
						},
						"2.5333": {
							"post": [0, 0, 0],
							"lerp_mode": "catmullrom"
						}
					},
					"position": {
						"0.0": {
							"post": [0, 0, 0],
							"lerp_mode": "catmullrom"
						},
						"0.1": {
							"post": [-0.04044, -0.7273, -0.14725],
							"lerp_mode": "catmullrom"
						},
						"0.1333": {
							"post": [-0.04044, -0.7273, -0.14725],
							"lerp_mode": "catmullrom"
						},
						"0.1667": {
							"post": [-0.04044, -0.7273, -0.14725],
							"lerp_mode": "catmullrom"
						},
						"0.3333": {
							"post": [0.40568, 1.92925, -0.43404],
							"lerp_mode": "catmullrom"
						},
						"0.4667": {
							"post": [-0.02404, 1.16998, -0.85464],
							"lerp_mode": "catmullrom"
						},
						"0.6333": {
							"post": [-0.06997, 1.32623, -0.97124],
							"lerp_mode": "catmullrom"
						},
						"0.8333": {
							"post": [-0.02155, 1.48946, -1.30077],
							"lerp_mode": "catmullrom"
						},
						"0.9333": {
							"post": [0.2693, 0.91438, -1.19331],
							"lerp_mode": "catmullrom"
						},
						"1.0333": {
							"post": [0.04657, 1.00296, -0.6352],
							"lerp_mode": "catmullrom"
						},
						"1.1": {
							"post": [-0.38156, 1.4973, -0.17897],
							"lerp_mode": "catmullrom"
						},
						"1.2667": {
							"post": [-0.71503, 1.24583, -0.75656],
							"lerp_mode": "catmullrom"
						},
						"1.5667": {
							"post": [-0.99608, -0.42706, -0.04876],
							"lerp_mode": "catmullrom"
						},
						"1.6667": {
							"post": [-0.39062, -0.64062, 0],
							"lerp_mode": "catmullrom"
						},
						"1.8": {
							"post": [-0.30756, -0.02149, 0.17045],
							"lerp_mode": "catmullrom"
						},
						"1.8667": {
							"post": [-0.3941, -0.40679, 1.93535],
							"lerp_mode": "catmullrom"
						},
						"1.9667": {
							"post": [-0.35833, -0.00887, 0.20241],
							"lerp_mode": "catmullrom"
						},
						"2.0333": {
							"post": [-0.19004, -0.02794, -0.60228],
							"lerp_mode": "catmullrom"
						},
						"2.2667": {
							"post": [0, 0.39063, -0.57812],
							"lerp_mode": "catmullrom"
						},
						"2.3667": {
							"post": [0, -0.375, 0.59375],
							"lerp_mode": "catmullrom"
						},
						"2.4667": {
							"post": [0, -0.15625, -0.04687],
							"lerp_mode": "catmullrom"
						},
						"2.5333": {
							"post": [0, 0, 0],
							"lerp_mode": "catmullrom"
						}
					}
				},
				"magazine": {
					"rotation": {
						"0.0": {
							"post": [-11.9262, 30.2517, -8.84266],
							"lerp_mode": "catmullrom"
						},
						"0.7667": {
							"post": [-11.9262, 30.2517, -8.84266],
							"lerp_mode": "catmullrom"
						},
						"0.8667": {
							"post": [0, 0, 0],
							"lerp_mode": "catmullrom"
						},
						"1.0": {
							"post": [0, 0, 0],
							"lerp_mode": "catmullrom"
						},
						"1.1333": {
							"post": [0, 0, 0],
							"lerp_mode": "catmullrom"
						}
					},
					"position": {
						"0.0": {
							"post": [6.30383, -11.94349, 7.52896],
							"lerp_mode": "catmullrom"
						},
						"0.2": {
							"post": [6.30383, -11.94349, 7.52896],
							"lerp_mode": "catmullrom"
						},
						"0.7667": {
							"post": [4.7435, -11.55473, 4.99448],
							"lerp_mode": "catmullrom"
						},
						"0.8667": {
							"post": [-0.15625, -11.85937, 0],
							"lerp_mode": "catmullrom"
						},
						"1.0": {
							"post": [-0.15625, -4.71875, 0],
							"lerp_mode": "catmullrom"
						},
						"1.1333": {
							"post": [0, 0, 0],
							"lerp_mode": "catmullrom"
						}
					}
				},
				"additional_magazine": {
					"rotation": {
						"0.1667": {
							"pre": [0, 0, 0],
							"post": [0, 0, 0],
							"lerp_mode": "catmullrom"
						},
						"0.2667": {
							"post": [0, 0, 0],
							"lerp_mode": "catmullrom"
						},
						"0.3333": {
							"post": [0, 0, -21],
							"lerp_mode": "catmullrom"
						},
						"0.4333": {
							"post": [27.92453, 8.12609, -117.40337],
							"lerp_mode": "catmullrom"
						},
						"0.5667": {
							"post": [-23.3384, -12.91953, -124.1897],
							"lerp_mode": "catmullrom"
						},
						"0.7333": {
							"post": [-20.30909, -17.39622, -135.72963],
							"lerp_mode": "catmullrom"
						}
					},
					"position": {
						"0.1667": {
							"pre": [0, 0, 0],
							"post": [0, 0, 0],
							"lerp_mode": "catmullrom"
						},
						"0.2667": {
							"post": [0, -5.70312, 0],
							"lerp_mode": "catmullrom"
						},
						"0.3333": {
							"post": [-0.77312, -7.29677, 0],
							"lerp_mode": "catmullrom"
						},
						"0.4333": {
							"post": [3.44286, -13.34039, -0.6955],
							"lerp_mode": "catmullrom"
						},
						"0.5667": {
							"post": [11.83553, -31.30718, -0.47693],
							"lerp_mode": "catmullrom"
						},
						"0.7333": {
							"post": [7.59797, -59.52889, 14.56488],
							"lerp_mode": "catmullrom"
						},
						"0.7667": {
							"post": [59.95267, -57.6234, 2.50339],
							"lerp_mode": "catmullrom"
						}
					}
				},
				"bolt": {
					"position": {
						"1.7333": [0, 0, 0],
						"1.8": [0, 0, 2.6875],
						"1.8333": [0, 0, 2.6875],
						"1.8667": [0, 0, 2.6875],
						"1.9333": [0, 0, 0]
					}
				},
				"bullet_in_mag": {
					"position": [0, -1, 0]
				},
				"camera": {
					"rotation": {
						"0.0": {
							"post": [0, 0, 0],
							"lerp_mode": "catmullrom"
						},
						"0.2333": {
							"post": [1.7476, -0.09157, 1.9986],
							"lerp_mode": "catmullrom"
						},
						"0.3333": {
							"post": [-0.59963, -0.02094, -2.49989],
							"lerp_mode": "catmullrom"
						},
						"0.4667": {
							"post": [0, 0, -0.3],
							"lerp_mode": "catmullrom"
						},
						"0.5667": {
							"post": [-0.00122, -0.06978, 0.5],
							"lerp_mode": "catmullrom"
						},
						"0.7": {
							"post": [1, -0.0349, -0.00061],
							"lerp_mode": "catmullrom"
						},
						"0.9333": {
							"post": [2.00365, 0.06962, 0.49878],
							"lerp_mode": "catmullrom"
						},
						"1.0333": {
							"post": [1.99726, 0.17436, -2.4994],
							"lerp_mode": "catmullrom"
						},
						"1.1": {
							"post": [-0.45432, 0.03272, 2.43568],
							"lerp_mode": "catmullrom"
						},
						"1.2": {
							"post": [1.20414, -0.09752, -1.49956],
							"lerp_mode": "catmullrom"
						},
						"1.8": {
							"post": [-1.22275, 2.23419, 2.55012],
							"lerp_mode": "catmullrom"
						},
						"1.8667": {
							"post": [1.20258, 1.3799, -0.87934],
							"lerp_mode": "catmullrom"
						},
						"1.9667": {
							"post": [-0.78206, 1.0346, 2.40007],
							"lerp_mode": "catmullrom"
						},
						"2.1333": {
							"post": [-0.2, 1.5, 0.21145],
							"lerp_mode": "catmullrom"
						},
						"2.2333": {
							"post": [0.2, 0.9, -0.4],
							"lerp_mode": "catmullrom"
						},
						"2.4": {
							"post": [0, 0, 0],
							"lerp_mode": "catmullrom"
						}
					}
				}
			}
		},
		"draw": {
			"animation_length": 0.7333,
			"bones": {
				"righthand": {
					"rotation": {
						"0.0333": [107.75313, 9.53274, 183.03513],
						"0.1667": [112.54407, 2.80291, 198.46499],
						"0.3": [108.54835, 19.03771, 186.24605]
					},
					"position": {
						"0.0333": [-12.62768, -14.63326, 7.94435],
						"0.1667": [-8.11205, -14.02388, -1.99315],
						"0.3": [-6.2683, -14.63326, -1.99315]
					}
				},
				"lefthand": {
					"rotation": {
						"0.2667": [86.84903, -24.99369, 219.86751],
						"0.4": [111.93615, -35.51932, 189.07133]
					},
					"position": {
						"0.2667": [5.5625, -15.5, -10.125],
						"0.4": [5.5625, -15.5, -10.125]
					}
				},
				"constraint": {
					"position": [0.2, 0.2, 0.2]
				},
				"root": {
					"rotation": {
						"0.0": [0.81, -32.64, 33.95],
						"0.0333": [0.27, -29.86, 31.4],
						"0.0667": [-0.53, -25.86, 27.73],
						"0.1": [-1.28, -21.36, 23.7],
						"0.1333": [-1.65, -17.06, 20.1],
						"0.1667": [-1.47, -12.69, 17.07],
						"0.2": [-0.93, -8.04, 14.24],
						"0.2333": [-0.31, -3.86, 11.52],
						"0.2667": [0.1, -0.92, 8.88],
						"0.3": [0.23, 0.25, 6.05],
						"0.3333": [0.22, 0.18, 3.17],
						"0.3667": [0.16, -0.37, 0.67],
						"0.4": [0.11, -0.62, -0.98],
						"0.4333": [0.05, -0.14, -0.96],
						"0.4667": [-0.01, 0.27, 0.27],
						"0.5": [-0.02, 0.27, 0.3],
						"0.5333": [-0.01, 0.19, 0.21],
						"0.5667": [0, 0.07, 0.08],
						"0.6": [0, 0, 0]
					},
					"position": {
						"0.0": [-3.18, -5.58, 24],
						"0.0333": [-2.73, -4.99, 20.05],
						"0.0667": [-2.08, -4.13, 14.3],
						"0.1": [-1.41, -3.22, 8.44],
						"0.1333": [-0.9, -2.45, 4.15],
						"0.1667": [-0.45, -1.32, 1.17],
						"0.2": [-0.25, -0.53, 0.54],
						"0.2333": [-0.14, -0.24, -0.06],
						"0.2667": [-0.07, -0.1, -0.38],
						"0.3": [-0.03, -0.04, -0.5],
						"0.3333": [-0.01, -0.05, -0.36],
						"0.3667": [-0.02, -0.14, -0.04],
						"0.4": [-0.03, -0.19, 0.17],
						"0.4333": [-0.02, -0.13, 0.02],
						"0.4667": [-0.01, -0.05, -0.18],
						"0.5": [-0.01, -0.02, -0.16],
						"0.5333": [0, -0.01, -0.07],
						"0.5667": [0, 0, 0]
					}
				},
				"grip": {
					"rotation": {
						"0.2667": [67.5, 0, 0],
						"0.4": [0, 0, 0]
					}
				},
				"camera": {
					"rotation": {
						"0.0": [0, 0, 0],
						"0.0333": [0.01, 0.01, 0.02],
						"0.0667": [0.03, 0.03, 0.06],
						"0.1": [0.11, 0.06, 0.13],
						"0.1333": [0.43, 0.14, 0.35],
						"0.1667": [0.76, 0.22, 0.53],
						"0.2": [0.91, 0.23, 0.52],
						"0.2333": [1.01, 0.22, 0.45],
						"0.2667": [1.02, 0.19, 0.35],
						"0.3": [0.79, 0.09, 0.05],
						"0.3333": [0.48, 0, -0.17],
						"0.3667": [0.31, -0.02, -0.02],
						"0.4": [0.17, -0.01, 0.19],
						"0.4333": [-0.17, -0.01, 0.09],
						"0.4667": [-0.11, 0, 0.01],
						"0.5": [0, 0, -0.05],
						"0.5333": [0.01, 0, -0.05],
						"0.5667": [0.01, 0, -0.02],
						"0.6": [0, 0, 0]
					}
				}
			}
		},
		"put_away": {
			"animation_length": 0.4333,
			"bones": {
				"righthand": {
					"rotation": [108.54835, 19.03771, 186.24605],
					"position": [-6.2683, -14.63326, -1.99315]
				},
				"lefthand": {
					"rotation": {
						"0.0": [111.93615, -35.51932, 189.07133],
						"0.1": [78.46824, -14.77099, 221.10997]
					},
					"position": {
						"0.0": [5.5625, -15.5, -10.125],
						"0.1": [6.81027, -14.81793, -8.2603]
					}
				},
				"root": {
					"rotation": {
						"0.0": [-0.73, -0.37, 2.96],
						"0.0333": [-1.62, -0.81, 7.37],
						"0.0667": [-3.72, -1.98, 11.25],
						"0.1": [-8.1, -4.56, 12.61],
						"0.1333": [-16.37, -9.07, 10.1],
						"0.1667": [-27.52, -15.04, 5.05],
						"0.2": [-38.69, -21.66, -0.49],
						"0.2333": [-46.98, -28.1, -4.48],
						"0.2667": [-51.39, -34.85, -6.32],
						"0.3": [-53.55, -42.12, -7.11],
						"0.3333": [-54.49, -48.64, -7.37],
						"0.3667": [-55.27, -53.19, -7.61],
						"0.4": [-55.27, -53.19, -7.61]
					},
					"position": {
						"0.0": [0.17, -0.22, 0],
						"0.0333": [0.4, -0.52, 0],
						"0.0667": [0.69, -0.93, 0],
						"0.1": [1.05, -1.48, 0],
						"0.1333": [1.62, -2.08, 0],
						"0.1667": [2.3, -2.9, 0],
						"0.2": [3.05, -5, 0],
						"0.2333": [3.49, -7.03, 0],
						"0.2667": [3.99, -9.74, 0],
						"0.3": [4.51, -12.77, 0],
						"0.3333": [5.01, -15.76, 0],
						"0.3667": [5.43, -18.32, 0],
						"0.4": [5.73, -20.1, 0],
						"0.4333": [5.73, -25.1, 0]
					}
				},
				"grip": {
					"rotation": {
						"0.0": [0, 0, 0],
						"0.1": [67.5, 0, 0]
					}
				},
				"camera": {
					"rotation": {
						"0.0": [0, 0, 0],
						"0.0333": [0.05, 0, -0.02],
						"0.0667": [0.12, 0, -0.04],
						"0.1": [0.18, 0, -0.07],
						"0.1333": [0.18, 0, -0.1],
						"0.1667": [0.07, 0, -0.14],
						"0.2": [-0.1, 0, -0.2],
						"0.2333": [-0.26, 0, -0.24],
						"0.2667": [-0.35, 0, -0.25],
						"0.3": [-0.32, 0, -0.21],
						"0.3333": [-0.21, 0, -0.13],
						"0.3667": [-0.08, 0, -0.05],
						"0.4": [0, 0, 0]
					}
				}
			}
		},
		"inspect": {
			"loop": "hold_on_last_frame",
			"animation_length": 4.7667,
			"bones": {
				"righthand": {
					"rotation": {
						"0.0": {
							"post": [108.54835, 19.03771, 186.24605],
							"lerp_mode": "catmullrom"
						},
						"0.2": {
							"post": [107.5, 0, 180],
							"lerp_mode": "catmullrom"
						},
						"2.7333": {
							"post": [107.5, 0, 180],
							"lerp_mode": "catmullrom"
						},
						"2.8333": {
							"post": [119.02467, -10.79315, 195.62084],
							"lerp_mode": "catmullrom"
						},
						"2.8667": {
							"post": [119.02467, -10.79315, 195.62084],
							"lerp_mode": "catmullrom"
						},
						"2.9": {
							"post": [112.02467, -10.79315, 195.62084],
							"lerp_mode": "catmullrom"
						},
						"3.0": {
							"post": [128.02467, -10.79315, 195.62084],
							"lerp_mode": "catmullrom"
						},
						"3.0333": {
							"post": [128.02467, -10.79315, 195.62084],
							"lerp_mode": "catmullrom"
						},
						"3.0667": {
							"post": [128.02467, -10.79315, 195.62084],
							"lerp_mode": "catmullrom"
						},
						"3.1": {
							"post": [128.02467, -10.79315, 195.62084],
							"lerp_mode": "catmullrom"
						},
						"3.1333": {
							"post": [128.02467, -10.79315, 195.62084],
							"lerp_mode": "catmullrom"
						},
						"3.1667": {
							"post": [128.02467, -10.79315, 195.62084],
							"lerp_mode": "catmullrom"
						},
						"3.2": {
							"post": [128.02467, -10.79315, 195.62084],
							"lerp_mode": "catmullrom"
						},
						"3.2333": {
							"post": [128.02467, -10.79315, 195.62084],
							"lerp_mode": "catmullrom"
						},
						"3.2667": {
							"post": [128.02467, -10.79315, 195.62084],
							"lerp_mode": "catmullrom"
						},
						"3.3": {
							"post": [128.02467, -10.79315, 195.62084],
							"lerp_mode": "catmullrom"
						},
						"3.3333": {
							"post": [128.02467, -10.79315, 195.62084],
							"lerp_mode": "catmullrom"
						},
						"3.3667": {
							"post": [128.02467, -10.79315, 195.62084],
							"lerp_mode": "catmullrom"
						},
						"3.4": {
							"post": [128.02467, -10.79315, 195.62084],
							"lerp_mode": "catmullrom"
						},
						"3.4333": {
							"post": [128.02467, -10.79315, 195.62084],
							"lerp_mode": "catmullrom"
						},
						"3.4667": {
							"post": [128.02467, -10.79315, 195.62084],
							"lerp_mode": "catmullrom"
						},
						"3.6333": {
							"post": [125.14129, -12.22417, 165.74819],
							"lerp_mode": "catmullrom"
						},
						"3.9333": {
							"post": [124.21861, -4.95192, 149.3513],
							"lerp_mode": "catmullrom"
						},
						"4.0667": {
							"post": [108.54835, 19.03771, 186.24605],
							"lerp_mode": "catmullrom"
						}
					},
					"position": {
						"0.0": {
							"post": [-6.2683, -14.63326, -1.99315],
							"lerp_mode": "catmullrom"
						},
						"0.2": {
							"post": [-7.19018, -14.63326, -1.99315],
							"lerp_mode": "catmullrom"
						},
						"2.7333": {
							"post": [-7.19018, -14.63326, -1.99315],
							"lerp_mode": "catmullrom"
						},
						"2.8333": {
							"post": [-9.4, -12.16687, -1.74812],
							"lerp_mode": "catmullrom"
						},
						"2.8667": {
							"post": [-9.4, -12.16687, -1.74812],
							"lerp_mode": "catmullrom"
						},
						"2.9": {
							"post": [-9.4, -12.16687, -1.74812],
							"lerp_mode": "catmullrom"
						},
						"3.0": {
							"post": [-9.4, -12.47937, -0.77937],
							"lerp_mode": "catmullrom"
						},
						"3.0333": {
							"post": [-9.4, -12.47937, -0.77937],
							"lerp_mode": "catmullrom"
						},
						"3.0667": {
							"post": [-9.4, -12.47937, -0.77937],
							"lerp_mode": "catmullrom"
						},
						"3.1": {
							"post": [-9.4, -12.47937, -0.77937],
							"lerp_mode": "catmullrom"
						},
						"3.1333": {
							"post": [-9.4, -12.47937, -0.77937],
							"lerp_mode": "catmullrom"
						},
						"3.1667": {
							"post": [-9.4, -12.47937, -0.77937],
							"lerp_mode": "catmullrom"
						},
						"3.2": {
							"post": [-9.4, -12.47937, -0.77937],
							"lerp_mode": "catmullrom"
						},
						"3.2333": {
							"post": [-9.4, -12.47937, -0.77937],
							"lerp_mode": "catmullrom"
						},
						"3.2667": {
							"post": [-9.4, -12.47937, -0.77937],
							"lerp_mode": "catmullrom"
						},
						"3.3": {
							"post": [-9.4, -12.47937, -0.77937],
							"lerp_mode": "catmullrom"
						},
						"3.3333": {
							"post": [-9.4, -12.47937, -0.77937],
							"lerp_mode": "catmullrom"
						},
						"3.3667": {
							"post": [-9.4, -12.47937, -0.77937],
							"lerp_mode": "catmullrom"
						},
						"3.4": {
							"post": [-9.4, -12.47937, -0.77937],
							"lerp_mode": "catmullrom"
						},
						"3.4333": {
							"post": [-9.4, -12.47937, -0.77937],
							"lerp_mode": "catmullrom"
						},
						"3.4667": {
							"post": [-9.4, -12.47937, -0.77937],
							"lerp_mode": "catmullrom"
						},
						"3.6333": {
							"post": [-10.295, -12.99312, 0.76],
							"lerp_mode": "catmullrom"
						},
						"3.9333": {
							"post": [-9.30437, -14.52062, 0.17],
							"lerp_mode": "catmullrom"
						},
						"4.0667": {
							"post": [-6.2683, -14.63326, -1.99315],
							"lerp_mode": "catmullrom"
						}
					}
				},
				"lefthand": {
					"rotation": {
						"0.0": {
							"post": [111.93615, -35.51932, 189.07133],
							"lerp_mode": "catmullrom"
						},
						"0.3333": {
							"post": [120.46288, -28.84783, 173.16325],
							"lerp_mode": "catmullrom"
						},
						"0.4": {
							"post": [105.89812, -56.7006, 207.85491],
							"lerp_mode": "catmullrom"
						},
						"0.6": {
							"post": [121.02727, -31.8303, 171.81059],
							"lerp_mode": "catmullrom"
						},
						"0.6333": {
							"post": [121.02727, -31.8303, 171.81059],
							"lerp_mode": "catmullrom"
						},
						"0.6667": {
							"post": [121.02727, -31.8303, 171.81059],
							"lerp_mode": "catmullrom"
						},
						"0.7": {
							"post": [121.02727, -31.8303, 171.81059],
							"lerp_mode": "catmullrom"
						},
						"0.7333": {
							"post": [121.02727, -31.8303, 171.81059],
							"lerp_mode": "catmullrom"
						},
						"0.8667": {
							"post": [117.37784, -33.8883, 178.62651],
							"lerp_mode": "catmullrom"
						},
						"1.0": {
							"post": [96.00743, -34.4454, 200.5734],
							"lerp_mode": "catmullrom"
						},
						"1.1333": {
							"post": [86.98885, -34.7878, 216.38064],
							"lerp_mode": "catmullrom"
						},
						"1.3": {
							"post": [97.72919, -34.34446, 211.5526],
							"lerp_mode": "catmullrom"
						},
						"1.3333": {
							"post": [97.72919, -34.34446, 211.5526],
							"lerp_mode": "catmullrom"
						},
						"1.3667": {
							"post": [97.72919, -34.34446, 211.5526],
							"lerp_mode": "catmullrom"
						},
						"1.4": {
							"post": [97.72919, -34.34446, 211.5526],
							"lerp_mode": "catmullrom"
						},
						"1.4333": {
							"post": [97.72919, -34.34446, 211.5526],
							"lerp_mode": "catmullrom"
						},
						"1.6333": {
							"post": [123.92323, -9.60265, 149.00934],
							"lerp_mode": "catmullrom"
						},
						"1.7333": {
							"post": [95.16806, -13.37324, 162.77175],
							"lerp_mode": "catmullrom"
						},
						"1.9": {
							"post": [121.02727, -31.8303, 171.81059],
							"lerp_mode": "catmullrom"
						},
						"1.9333": {
							"post": [121.02727, -31.8303, 171.81059],
							"lerp_mode": "catmullrom"
						},
						"1.9667": {
							"post": [121.02727, -31.8303, 171.81059],
							"lerp_mode": "catmullrom"
						},
						"2.4667": [56.15363, -19.55725, 178.99692],
						"3.9": [56.15363, -19.55725, 178.99692],
						"4.0333": {
							"pre": [82.51465, -25.49403, 178.05583],
							"post": [82.51465, -25.49403, 178.05583],
							"lerp_mode": "catmullrom"
						},
						"4.3": {
							"post": [111.93615, -35.51932, 189.07133],
							"lerp_mode": "catmullrom"
						}
					},
					"position": {
						"0.0": {
							"post": [5.5625, -15.5, -10.125],
							"lerp_mode": "catmullrom"
						},
						"0.3333": {
							"post": [12.10599, -29.20632, -0.3564],
							"lerp_mode": "catmullrom"
						},
						"0.4": {
							"post": [12.10599, -29.20632, -0.3564],
							"lerp_mode": "catmullrom"
						},
						"0.6": {
							"post": [5.85148, -20.41444, -2.44427],
							"lerp_mode": "catmullrom"
						},
						"0.6333": {
							"post": [5.85148, -20.41444, -2.44427],
							"lerp_mode": "catmullrom"
						},
						"0.6667": {
							"post": [5.85148, -20.41444, -2.44427],
							"lerp_mode": "catmullrom"
						},
						"0.7": {
							"post": [5.85148, -20.41444, -2.44427],
							"lerp_mode": "catmullrom"
						},
						"0.7333": {
							"post": [5.85148, -20.41444, -2.44427],
							"lerp_mode": "catmullrom"
						},
						"0.8667": {
							"post": [6.0815, -24.63936, -2.64367],
							"lerp_mode": "catmullrom"
						},
						"1.0": {
							"post": [9.23684, -23.56476, -4.32115],
							"lerp_mode": "catmullrom"
						},
						"1.1333": {
							"post": [9.7245, -24.2362, -4.16862],
							"lerp_mode": "catmullrom"
						},
						"1.3": {
							"post": [9.77947, -24.26996, -4.2127],
							"lerp_mode": "catmullrom"
						},
						"1.3333": {
							"post": [9.77947, -24.26996, -4.2127],
							"lerp_mode": "catmullrom"
						},
						"1.3667": {
							"post": [9.77947, -24.26996, -4.2127],
							"lerp_mode": "catmullrom"
						},
						"1.4": {
							"post": [9.77947, -24.26996, -4.2127],
							"lerp_mode": "catmullrom"
						},
						"1.4333": {
							"post": [9.77947, -24.26996, -4.2127],
							"lerp_mode": "catmullrom"
						},
						"1.6333": {
							"post": [5.44762, -26.87184, -3.35777],
							"lerp_mode": "catmullrom"
						},
						"1.7333": {
							"post": [5.57044, -26.57139, -1.8211],
							"lerp_mode": "catmullrom"
						},
						"1.9": {
							"post": [5.93657, -20.05649, -1.66356],
							"lerp_mode": "catmullrom"
						},
						"1.9333": {
							"post": [5.93657, -20.05649, -1.66356],
							"lerp_mode": "catmullrom"
						},
						"1.9667": {
							"post": [5.93657, -20.05649, -1.66356],
							"lerp_mode": "catmullrom"
						},
						"2.1": {
							"post": [7.44796, -18.93708, -5.04298],
							"lerp_mode": "catmullrom"
						},
						"2.2667": {
							"post": [9.1365, -17.75828, -2.75121],
							"lerp_mode": "catmullrom"
						},
						"2.4667": [7.6946, -9.81978, -4.60929],
						"3.9": [7.6946, -9.81978, -4.60929],
						"4.0333": {
							"pre": [8.97345, -10.82777, -5.37674],
							"post": [8.97345, -10.82777, -5.37674],
							"lerp_mode": "catmullrom"
						},
						"4.3": {
							"post": [5.5625, -15.5, -10.125],
							"lerp_mode": "catmullrom"
						}
					}
				},
				"constraint": {
					"rotation": [1, 1, 1],
					"position": [1, 1, 1]
				},
				"root": {
					"rotation": {
						"0.0": {
							"post": [0, 0, 0],
							"lerp_mode": "catmullrom"
						},
						"0.1333": {
							"post": [6.95813, -17.86158, -14.6278],
							"lerp_mode": "catmullrom"
						},
						"0.3333": {
							"post": [-5.69958, -47.59486, -45.74228],
							"lerp_mode": "catmullrom"
						},
						"0.6667": {
							"post": [-9.30769, -54.86904, -57.01732],
							"lerp_mode": "catmullrom"
						},
						"0.7667": {
							"post": [-10.79186, -52.1815, -38.00602],
							"lerp_mode": "catmullrom"
						},
						"0.9333": {
							"post": [-17.70879, -53.46338, -46.79738],
							"lerp_mode": "catmullrom"
						},
						"1.2": {
							"post": [-25.79567, -53.75229, -42.99646],
							"lerp_mode": "catmullrom"
						},
						"1.6333": {
							"post": [-21.79567, -53.75229, -42.99646],
							"lerp_mode": "catmullrom"
						},
						"1.8333": {
							"post": [-24.95985, -54.77309, -32.91971],
							"lerp_mode": "catmullrom"
						},
						"1.9333": {
							"post": [-33.34601, -58.19837, -44.30466],
							"lerp_mode": "catmullrom"
						},
						"2.1": {
							"post": [-24.95985, -54.77309, -32.91971],
							"lerp_mode": "catmullrom"
						},
						"2.4667": {
							"post": [-31.39255, 40.87701, 73.85124],
							"lerp_mode": "catmullrom"
						},
						"2.7333": {
							"post": [-23.39255, 40.87701, 73.85124],
							"lerp_mode": "catmullrom"
						},
						"2.9667": {
							"post": [-23.26353, 42.56069, 78.64039],
							"lerp_mode": "catmullrom"
						},
						"3.0667": {
							"post": [-28.26, 42.56, 78.64],
							"lerp_mode": "catmullrom"
						},
						"3.2": {
							"post": [-28.26, 42.56, 78.64],
							"lerp_mode": "catmullrom"
						},
						"3.5": {
							"post": [-23.09, 42.49, 73.88],
							"lerp_mode": "catmullrom"
						},
						"3.6": {
							"post": [-16.94641, 42.10325, 73.11621],
							"lerp_mode": "catmullrom"
						},
						"3.7333": {
							"post": [-23.09, 42.49, 73.88],
							"lerp_mode": "catmullrom"
						},
						"3.9667": {
							"post": [-20.49187, 37.44147, 75.4368],
							"lerp_mode": "catmullrom"
						},
						"4.2333": {
							"post": [4.34415, -22.99749, 19.27882],
							"lerp_mode": "catmullrom"
						},
						"4.5": {
							"post": [-5.06237, 0.2116, 3.99489],
							"lerp_mode": "catmullrom"
						},
						"4.6": {
							"post": [1.9639, -0.06918, 1.99913],
							"lerp_mode": "catmullrom"
						},
						"4.7": {
							"post": [-1, 0, 0],
							"lerp_mode": "catmullrom"
						},
						"4.7667": {
							"post": [0, 0, 0],
							"lerp_mode": "catmullrom"
						}
					},
					"position": {
						"0.0": {
							"post": [0, 0, 0],
							"lerp_mode": "catmullrom"
						},
						"0.1333": {
							"post": [0.02, 0.27625, -0.32],
							"lerp_mode": "catmullrom"
						},
						"0.3333": {
							"post": [0.03125, 1.26563, -1.07812],
							"lerp_mode": "catmullrom"
						},
						"0.6": {
							"post": [-0.11311, 0.5555, -1.12813],
							"lerp_mode": "catmullrom"
						},
						"0.7": {
							"post": [-0.27961, 0.55357, -1.23364],
							"lerp_mode": "catmullrom"
						},
						"0.9333": {
							"post": [-0.16436, 0.30333, -1.50994],
							"lerp_mode": "catmullrom"
						},
						"1.2": {
							"post": [-0.69489, 0.30655, -1.53082],
							"lerp_mode": "catmullrom"
						},
						"1.6333": {
							"post": [-0.35915, -0.08695, -1.51472],
							"lerp_mode": "catmullrom"
						},
						"1.8333": {
							"post": [-0.90009, 0.30285, -1.34682],
							"lerp_mode": "catmullrom"
						},
						"1.9333": {
							"post": [-1.38057, 0.2312, -1.11633],
							"lerp_mode": "catmullrom"
						},
						"2.1": {
							"post": [-1.20204, 0.34159, -1.18871],
							"lerp_mode": "catmullrom"
						},
						"2.3333": {
							"post": [-0.78924, 0.25048, -0.69355],
							"lerp_mode": "catmullrom"
						},
						"2.4667": {
							"post": [-0.12361, -0.34487, -1.48146],
							"lerp_mode": "catmullrom"
						},
						"2.7333": {
							"post": [-0.21461, 0.0957, -1.40355],
							"lerp_mode": "catmullrom"
						},
						"2.9": {
							"post": [-0.12233, 0.32159, -1.62556],
							"lerp_mode": "catmullrom"
						},
						"3.0667": {
							"post": [0.09599, 0.05429, -1.28819],
							"lerp_mode": "catmullrom"
						},
						"3.6": {
							"post": [-0.6373, 0.37583, -1.86289],
							"lerp_mode": "catmullrom"
						},
						"3.9667": {
							"post": [0.01089, 0.04638, -2.04345],
							"lerp_mode": "catmullrom"
						},
						"4.2333": {
							"post": [0.02454, -3.22275, -0.32477],
							"lerp_mode": "catmullrom"
						},
						"4.5": {
							"post": [0, 0.39063, -0.57812],
							"lerp_mode": "catmullrom"
						},
						"4.6": {
							"post": [0, -0.375, 0.59375],
							"lerp_mode": "catmullrom"
						},
						"4.7": {
							"post": [0, -0.15625, -0.04687],
							"lerp_mode": "catmullrom"
						},
						"4.7667": {
							"post": [0, 0, 0],
							"lerp_mode": "catmullrom"
						}
					}
				},
				"bolt": {
					"position": {
						"2.9": {
							"pre": [0, 0, 0],
							"post": [0, 0, 0],
							"lerp_mode": "catmullrom"
						},
						"3.0": {
							"post": [0, 0, 1],
							"lerp_mode": "catmullrom"
						},
						"3.0333": {
							"post": [0, 0, 1],
							"lerp_mode": "catmullrom"
						},
						"3.0667": {
							"post": [0, 0, 1],
							"lerp_mode": "catmullrom"
						},
						"3.1": {
							"post": [0, 0, 1],
							"lerp_mode": "catmullrom"
						},
						"3.1333": {
							"post": [0, 0, 1],
							"lerp_mode": "catmullrom"
						},
						"3.1667": {
							"post": [0, 0, 1],
							"lerp_mode": "catmullrom"
						},
						"3.2": {
							"post": [0, 0, 1],
							"lerp_mode": "catmullrom"
						},
						"3.2333": {
							"post": [0, 0, 1],
							"lerp_mode": "catmullrom"
						},
						"3.2667": {
							"post": [0, 0, 1],
							"lerp_mode": "catmullrom"
						},
						"3.3": {
							"post": [0, 0, 1],
							"lerp_mode": "catmullrom"
						},
						"3.3333": {
							"post": [0, 0, 1],
							"lerp_mode": "catmullrom"
						},
						"3.3667": {
							"post": [0, 0, 1],
							"lerp_mode": "catmullrom"
						},
						"3.4": {
							"post": [0, 0, 1],
							"lerp_mode": "catmullrom"
						},
						"3.4333": {
							"post": [0, 0, 1],
							"lerp_mode": "catmullrom"
						},
						"3.4667": {
							"post": [0, 0, 1],
							"lerp_mode": "catmullrom"
						},
						"3.5333": {
							"post": [0, 0, 0],
							"lerp_mode": "catmullrom"
						}
					}
				},
				"additional_magazine": {
					"rotation": {
						"0.0": {
							"post": [-31.08835, -3.66606, -92.98753],
							"lerp_mode": "catmullrom"
						}
					},
					"position": {
						"0.0": {
							"post": [367.21606, -97.91238, 739.92499],
							"lerp_mode": "catmullrom"
						}
					}
				},
				"magazine": {
					"rotation": {
						"0.8667": {
							"pre": [0, 0, 0],
							"post": [0, 0, 0],
							"lerp_mode": "catmullrom"
						},
						"1.0": {
							"post": [0, 20, 25],
							"lerp_mode": "catmullrom"
						},
						"1.1333": {
							"post": [-3.57638, 35.16939, 31.67593],
							"lerp_mode": "catmullrom"
						},
						"1.3": {
							"post": [-10.57638, 35.16939, 31.67593],
							"lerp_mode": "catmullrom"
						},
						"1.3333": {
							"post": [-10.57638, 35.16939, 31.67593],
							"lerp_mode": "catmullrom"
						},
						"1.3667": {
							"post": [-10.57638, 35.16939, 31.67593],
							"lerp_mode": "catmullrom"
						},
						"1.4": {
							"post": [-10.57638, 35.16939, 31.67593],
							"lerp_mode": "catmullrom"
						},
						"1.4333": {
							"post": [-10.57638, 35.16939, 31.67593],
							"lerp_mode": "catmullrom"
						},
						"1.6333": {
							"post": [-21.22115, 30.84025, -11.74572],
							"lerp_mode": "catmullrom"
						},
						"1.7333": {
							"post": [0, 0, 0],
							"lerp_mode": "catmullrom"
						},
						"1.9": {
							"post": [0, 0, 0],
							"lerp_mode": "catmullrom"
						}
					},
					"position": {
						"0.6": {
							"pre": [0, 0, 0],
							"post": [0, 0, 0],
							"lerp_mode": "catmullrom"
						},
						"0.6333": {
							"post": [0, 0, 0],
							"lerp_mode": "catmullrom"
						},
						"0.6667": {
							"post": [0, 0, 0],
							"lerp_mode": "catmullrom"
						},
						"0.7": {
							"post": [0, 0, 0],
							"lerp_mode": "catmullrom"
						},
						"0.7333": {
							"post": [0, 0, 0],
							"lerp_mode": "catmullrom"
						},
						"0.8667": {
							"post": [0, -7.03125, 0],
							"lerp_mode": "catmullrom"
						},
						"1.0": {
							"post": [5.55916, -5.27773, -2.44553],
							"lerp_mode": "catmullrom"
						},
						"1.1333": {
							"post": [7.15598, -6.33499, -2.01262],
							"lerp_mode": "catmullrom"
						},
						"1.3": {
							"post": [7.42581, -6.72734, -1.39433],
							"lerp_mode": "catmullrom"
						},
						"1.3333": {
							"post": [7.42581, -6.72734, -1.39433],
							"lerp_mode": "catmullrom"
						},
						"1.3667": {
							"post": [7.42581, -6.72734, -1.39433],
							"lerp_mode": "catmullrom"
						},
						"1.4": {
							"post": [7.42581, -6.72734, -1.39433],
							"lerp_mode": "catmullrom"
						},
						"1.4333": {
							"post": [7.42581, -6.72734, -1.39433],
							"lerp_mode": "catmullrom"
						},
						"1.6333": {
							"post": [-1.26269, -8.42107, 1.1699],
							"lerp_mode": "catmullrom"
						},
						"1.7333": {
							"post": [0, -6.32812, 0],
							"lerp_mode": "catmullrom"
						},
						"1.9": {
							"post": [0, 0, 0],
							"lerp_mode": "catmullrom"
						}
					}
				},
				"bullet": {
					"position": {
						"1.8667": [0, -2.46875, 0],
						"2.9": [0, 1.85938, -0.84375]
					}
				},
				"camera": {
					"rotation": {
						"0.0": {
							"post": [0, 0, 0],
							"lerp_mode": "catmullrom"
						},
						"0.2": {
							"post": [2.99818, 0.10465, -1],
							"lerp_mode": "catmullrom"
						},
						"0.3333": {
							"post": [0.9962, 0.12205, -1.5],
							"lerp_mode": "catmullrom"
						},
						"0.4": {
							"post": [0.9962, 0.12205, -1.2],
							"lerp_mode": "catmullrom"
						},
						"0.6": {
							"post": [0.84, 0.14, -1.64],
							"lerp_mode": "catmullrom"
						},
						"0.6667": {
							"post": [0.99775, 0.13743, -1.67],
							"lerp_mode": "catmullrom"
						},
						"0.7667": {
							"post": [3.20058, -0.1034, 2.29532],
							"lerp_mode": "catmullrom"
						},
						"0.9": {
							"post": [1.29771, 0.14267, -2.19975],
							"lerp_mode": "catmullrom"
						},
						"1.1333": {
							"post": [-0.697, -1.92529, -0.37619],
							"lerp_mode": "catmullrom"
						},
						"1.3333": {
							"post": [1.30249, -2.92522, -0.36401],
							"lerp_mode": "catmullrom"
						},
						"1.6667": {
							"post": [1.26515, -1.95263, 0.66302],
							"lerp_mode": "catmullrom"
						},
						"1.7667": {
							"post": [-1.095, -1.84291, 2.10071],
							"lerp_mode": "catmullrom"
						},
						"1.8667": {
							"post": [-2.632, -2.02331, -2.33633],
							"lerp_mode": "catmullrom"
						},
						"2.0": {
							"post": [2.15989, -2.06848, 3.66263],
							"lerp_mode": "catmullrom"
						},
						"2.4": {
							"post": [4.19301, -0.03583, 2.80901],
							"lerp_mode": "catmullrom"
						},
						"2.8667": {
							"post": [3.19741, 2.95838, 2.99368],
							"lerp_mode": "catmullrom"
						},
						"3.0": {
							"post": [7.09053, 3.20713, 1.00633],
							"lerp_mode": "catmullrom"
						},
						"3.1333": {
							"post": [5.14516, 3.04852, 1.99638],
							"lerp_mode": "catmullrom"
						},
						"3.4333": {
							"post": [4.13998, 1.05374, 1.85182],
							"lerp_mode": "catmullrom"
						},
						"3.5333": {
							"post": [1.13998, 1.05374, 1.85182],
							"lerp_mode": "catmullrom"
						},
						"3.6333": {
							"post": [3.13801, 0.11, 0.79854],
							"lerp_mode": "catmullrom"
						},
						"3.7667": {
							"post": [0.13227, 0.21939, -1.19847],
							"lerp_mode": "catmullrom"
						},
						"4.1667": {
							"post": [1.1, -0.75, 0.3],
							"lerp_mode": "catmullrom"
						},
						"4.6333": {
							"post": [0, 0, 0],
							"lerp_mode": "catmullrom"
						}
					}
				}
			}
		},
		"inspect_empty": {
			"loop": "hold_on_last_frame",
			"animation_length": 5.0667,
			"bones": {
				"righthand": {
					"rotation": {
						"0.0": {
							"post": [108.54835, 19.03771, 186.24605],
							"lerp_mode": "catmullrom"
						},
						"0.2": {
							"post": [107.5, 0, 180],
							"lerp_mode": "catmullrom"
						},
						"2.1333": {
							"post": [107.5, 0, 180],
							"lerp_mode": "catmullrom"
						},
						"2.2333": {
							"post": [119.02467, -10.79315, 195.62084],
							"lerp_mode": "catmullrom"
						},
						"2.2667": {
							"post": [119.02467, -10.79315, 195.62084],
							"lerp_mode": "catmullrom"
						},
						"2.3": {
							"post": [112.02467, -10.79315, 195.62084],
							"lerp_mode": "catmullrom"
						},
						"2.4": {
							"post": [124.02467, -10.79315, 195.62084],
							"lerp_mode": "catmullrom"
						},
						"2.4333": {
							"post": [124.02467, -10.79315, 195.62084],
							"lerp_mode": "catmullrom"
						},
						"2.5": {
							"post": [119.02467, -10.79315, 195.62084],
							"lerp_mode": "catmullrom"
						},
						"2.5333": {
							"post": [112.02467, -10.79315, 195.62084],
							"lerp_mode": "catmullrom"
						},
						"2.6": {
							"post": [124.02467, -10.79315, 195.62084],
							"lerp_mode": "catmullrom"
						},
						"2.6333": {
							"post": [124.02467, -10.79315, 195.62084],
							"lerp_mode": "catmullrom"
						},
						"2.7": {
							"post": [119.02467, -10.79315, 195.62084],
							"lerp_mode": "catmullrom"
						},
						"2.7333": {
							"post": [112.02467, -10.79315, 195.62084],
							"lerp_mode": "catmullrom"
						},
						"2.8": {
							"post": [124.02467, -10.79315, 195.62084],
							"lerp_mode": "catmullrom"
						},
						"2.8333": {
							"post": [124.02467, -10.79315, 195.62084],
							"lerp_mode": "catmullrom"
						},
						"2.9": {
							"post": [119.02467, -10.79315, 195.62084],
							"lerp_mode": "catmullrom"
						},
						"2.9333": {
							"post": [112.02467, -10.79315, 195.62084],
							"lerp_mode": "catmullrom"
						},
						"3.1333": {
							"post": [118.18784, -14.17413, 179.99868],
							"lerp_mode": "catmullrom"
						},
						"3.3667": {
							"post": [124.21861, -4.95192, 149.3513],
							"lerp_mode": "catmullrom"
						},
						"3.4667": {
							"post": [108.54835, 19.03771, 186.24605],
							"lerp_mode": "catmullrom"
						}
					},
					"position": {
						"0.0": {
							"post": [-6.2683, -14.63326, -1.99315],
							"lerp_mode": "catmullrom"
						},
						"0.2": {
							"post": [-7.19018, -14.63326, -1.99315],
							"lerp_mode": "catmullrom"
						},
						"2.1333": {
							"post": [-7.19018, -14.63326, -1.99315],
							"lerp_mode": "catmullrom"
						},
						"2.2333": {
							"post": [-9.4, -12.16687, -1.74812],
							"lerp_mode": "catmullrom"
						},
						"2.2667": {
							"post": [-9.4, -12.16687, -1.74812],
							"lerp_mode": "catmullrom"
						},
						"2.3": {
							"post": [-9.4, -12.16687, -1.74812],
							"lerp_mode": "catmullrom"
						},
						"2.4": {
							"post": [-9.4, -12.47937, 0.18938],
							"lerp_mode": "catmullrom"
						},
						"2.4333": {
							"post": [-9.4, -12.47937, 0.18938],
							"lerp_mode": "catmullrom"
						},
						"2.5": {
							"post": [-9.4, -12.16687, -1.74812],
							"lerp_mode": "catmullrom"
						},
						"2.5333": {
							"post": [-9.4, -12.16687, -1.74812],
							"lerp_mode": "catmullrom"
						},
						"2.6": {
							"post": [-9.4, -12.47937, 0.18938],
							"lerp_mode": "catmullrom"
						},
						"2.6333": {
							"post": [-9.4, -12.47937, 0.18938],
							"lerp_mode": "catmullrom"
						},
						"2.7": {
							"post": [-9.4, -12.16687, -1.74812],
							"lerp_mode": "catmullrom"
						},
						"2.7333": {
							"post": [-9.4, -12.16687, -1.74812],
							"lerp_mode": "catmullrom"
						},
						"2.8": {
							"post": [-9.4, -12.47937, 0.18938],
							"lerp_mode": "catmullrom"
						},
						"2.8333": {
							"post": [-9.4, -12.47937, 0.18938],
							"lerp_mode": "catmullrom"
						},
						"2.9": {
							"post": [-9.4, -12.16687, -1.74812],
							"lerp_mode": "catmullrom"
						},
						"2.9333": {
							"post": [-9.4, -12.16687, -1.74812],
							"lerp_mode": "catmullrom"
						},
						"3.1333": {
							"post": [-9.95125, -13.75875, -0.02125],
							"lerp_mode": "catmullrom"
						},
						"3.3667": {
							"post": [-9.30437, -14.52062, 0.17],
							"lerp_mode": "catmullrom"
						},
						"3.4667": {
							"post": [-6.2683, -14.63326, -1.99315],
							"lerp_mode": "catmullrom"
						}
					}
				},
				"lefthand": {
					"rotation": {
						"0.0": {
							"post": [111.93615, -35.51932, 189.07133],
							"lerp_mode": "catmullrom"
						},
						"0.3333": {
							"post": [120.46288, -28.84783, 173.16325],
							"lerp_mode": "catmullrom"
						},
						"0.4": {
							"post": [105.89812, -56.7006, 207.85491],
							"lerp_mode": "catmullrom"
						},
						"0.6": {
							"post": [121.02727, -31.8303, 171.81059],
							"lerp_mode": "catmullrom"
						},
						"0.6333": {
							"post": [121.02727, -31.8303, 171.81059],
							"lerp_mode": "catmullrom"
						},
						"0.6667": {
							"post": [121.02727, -31.8303, 171.81059],
							"lerp_mode": "catmullrom"
						},
						"0.7": {
							"post": [121.02727, -31.8303, 171.81059],
							"lerp_mode": "catmullrom"
						},
						"0.7333": {
							"post": [121.02727, -31.8303, 171.81059],
							"lerp_mode": "catmullrom"
						},
						"0.8667": {
							"post": [117.37784, -33.8883, 178.62651],
							"lerp_mode": "catmullrom"
						},
						"1.0": {
							"post": [96.00743, -34.4454, 200.5734],
							"lerp_mode": "catmullrom"
						},
						"1.1333": {
							"post": [86.98885, -34.7878, 216.38064],
							"lerp_mode": "catmullrom"
						},
						"1.3": [98.07632, -34.89083, 212.72743],
						"1.4667": [98.07632, -34.89083, 212.72743],
						"1.9333": [56.15363, -19.55725, 178.99692],
						"3.3": [56.15363, -19.55725, 178.99692],
						"3.4333": {
							"pre": [84.31297, -28.46779, 178.50021],
							"post": [84.31297, -28.46779, 178.50021],
							"lerp_mode": "catmullrom"
						},
						"3.7": {
							"post": [115.30634, -41.46512, 192.06838],
							"lerp_mode": "catmullrom"
						},
						"3.8667": {
							"post": [123.92323, -9.60265, 149.00934],
							"lerp_mode": "catmullrom"
						},
						"3.9667": {
							"post": [95.16806, -13.37324, 162.77175],
							"lerp_mode": "catmullrom"
						},
						"4.1333": {
							"post": [121.02727, -31.8303, 171.81059],
							"lerp_mode": "catmullrom"
						},
						"4.1667": {
							"post": [121.02727, -31.8303, 171.81059],
							"lerp_mode": "catmullrom"
						},
						"4.2": {
							"post": [121.02727, -31.8303, 171.81059],
							"lerp_mode": "catmullrom"
						},
						"4.5667": {
							"post": [111.93615, -35.51932, 189.07133],
							"lerp_mode": "catmullrom"
						}
					},
					"position": {
						"0.0": {
							"post": [5.5625, -15.5, -10.125],
							"lerp_mode": "catmullrom"
						},
						"0.3333": {
							"post": [12.10599, -29.20632, -0.3564],
							"lerp_mode": "catmullrom"
						},
						"0.4": {
							"post": [12.10599, -29.20632, -0.3564],
							"lerp_mode": "catmullrom"
						},
						"0.6": {
							"post": [5.85148, -20.41444, -2.44427],
							"lerp_mode": "catmullrom"
						},
						"0.6333": {
							"post": [5.85148, -20.41444, -2.44427],
							"lerp_mode": "catmullrom"
						},
						"0.6667": {
							"post": [5.85148, -20.41444, -2.44427],
							"lerp_mode": "catmullrom"
						},
						"0.7": {
							"post": [5.85148, -20.41444, -2.44427],
							"lerp_mode": "catmullrom"
						},
						"0.7333": {
							"post": [5.85148, -20.41444, -2.44427],
							"lerp_mode": "catmullrom"
						},
						"0.8667": {
							"post": [6.0815, -24.63936, -2.64367],
							"lerp_mode": "catmullrom"
						},
						"1.0": {
							"post": [9.23684, -23.56476, -4.32115],
							"lerp_mode": "catmullrom"
						},
						"1.1333": {
							"post": [9.7245, -24.2362, -4.16862],
							"lerp_mode": "catmullrom"
						},
						"1.3": [9.93175, -23.96482, -4.12901],
						"1.4667": [9.93175, -23.96482, -4.12901],
						"1.9333": [7.6946, -9.81978, -4.60929],
						"3.3": [7.6946, -9.81978, -4.60929],
						"3.4333": {
							"pre": [8.32486, -12.51614, -6.07135],
							"post": [8.32486, -12.51614, -6.07135],
							"lerp_mode": "catmullrom"
						},
						"3.7": {
							"post": [6.5946, -15.98877, -9.80494],
							"lerp_mode": "catmullrom"
						},
						"3.8667": {
							"post": [5.44762, -26.87184, -3.35777],
							"lerp_mode": "catmullrom"
						},
						"3.9667": {
							"post": [5.57044, -26.57139, -1.8211],
							"lerp_mode": "catmullrom"
						},
						"4.1333": {
							"post": [5.93657, -20.05649, -1.66356],
							"lerp_mode": "catmullrom"
						},
						"4.1667": {
							"post": [5.93657, -20.05649, -1.66356],
							"lerp_mode": "catmullrom"
						},
						"4.2": {
							"post": [5.93657, -20.05649, -1.66356],
							"lerp_mode": "catmullrom"
						},
						"4.3333": {
							"post": [7.44796, -18.93708, -5.04298],
							"lerp_mode": "catmullrom"
						},
						"4.5667": {
							"post": [5.5625, -15.5, -10.125],
							"lerp_mode": "catmullrom"
						}
					}
				},
				"constraint": {
					"rotation": [1, 1, 1],
					"position": [1, 1, 1]
				},
				"root": {
					"rotation": {
						"0.0": {
							"post": [0, 0, 0],
							"lerp_mode": "catmullrom"
						},
						"0.1333": {
							"post": [6.95813, -17.86158, -14.6278],
							"lerp_mode": "catmullrom"
						},
						"0.3333": {
							"post": [-5.69958, -47.59486, -45.74228],
							"lerp_mode": "catmullrom"
						},
						"0.6667": {
							"post": [-9.30769, -54.86904, -57.01732],
							"lerp_mode": "catmullrom"
						},
						"0.7667": {
							"post": [-10.79186, -52.1815, -38.00602],
							"lerp_mode": "catmullrom"
						},
						"0.9333": {
							"post": [-17.70879, -53.46338, -46.79738],
							"lerp_mode": "catmullrom"
						},
						"1.2": {
							"post": [-25.79567, -53.75229, -42.99646],
							"lerp_mode": "catmullrom"
						},
						"1.5333": {
							"post": [-25.79567, -53.75229, -42.99646],
							"lerp_mode": "catmullrom"
						},
						"1.9333": {
							"post": [-31.39255, 40.87701, 73.85124],
							"lerp_mode": "catmullrom"
						},
						"2.2667": {
							"post": [-23.39255, 40.87701, 73.85124],
							"lerp_mode": "catmullrom"
						},
						"2.3667": {
							"post": [-23.26353, 42.56069, 78.64039],
							"lerp_mode": "catmullrom"
						},
						"2.4667": {
							"post": [-28.26, 42.56, 78.64],
							"lerp_mode": "catmullrom"
						},
						"2.5667": {
							"post": [-23.26353, 42.56069, 78.64039],
							"lerp_mode": "catmullrom"
						},
						"2.6667": {
							"post": [-28.26, 42.56, 78.64],
							"lerp_mode": "catmullrom"
						},
						"2.7667": {
							"post": [-23.26353, 42.56069, 78.64039],
							"lerp_mode": "catmullrom"
						},
						"2.8667": {
							"post": [-28.26, 42.56, 78.64],
							"lerp_mode": "catmullrom"
						},
						"3.3667": {
							"post": [-20.49187, 37.44147, 75.4368],
							"lerp_mode": "catmullrom"
						},
						"3.6333": {
							"post": [4.34415, -22.99749, 19.27882],
							"lerp_mode": "catmullrom"
						},
						"3.8667": {
							"post": [-21.79567, -53.75229, -42.99646],
							"lerp_mode": "catmullrom"
						},
						"4.0667": {
							"post": [-24.95985, -54.77309, -32.91971],
							"lerp_mode": "catmullrom"
						},
						"4.1667": {
							"post": [-37.34601, -58.19837, -44.30466],
							"lerp_mode": "catmullrom"
						},
						"4.3333": {
							"post": [-24.95985, -54.77309, -32.91971],
							"lerp_mode": "catmullrom"
						},
						"4.5667": {
							"post": [4.34415, -22.99749, 19.27882],
							"lerp_mode": "catmullrom"
						},
						"4.8": {
							"post": [-5.06237, 0.2116, 3.99489],
							"lerp_mode": "catmullrom"
						},
						"4.9": {
							"post": [1.9639, -0.06918, 1.99913],
							"lerp_mode": "catmullrom"
						},
						"5.0": {
							"post": [-1, 0, 0],
							"lerp_mode": "catmullrom"
						},
						"5.0667": {
							"post": [0, 0, 0],
							"lerp_mode": "catmullrom"
						}
					},
					"position": {
						"0.0": {
							"post": [0, 0, 0],
							"lerp_mode": "catmullrom"
						},
						"0.1333": {
							"post": [0.02, 0.27625, -0.32],
							"lerp_mode": "catmullrom"
						},
						"0.3333": {
							"post": [0.03125, 1.26563, -1.07812],
							"lerp_mode": "catmullrom"
						},
						"0.6": {
							"post": [-0.11311, 0.5555, -1.12813],
							"lerp_mode": "catmullrom"
						},
						"0.7": {
							"post": [-0.27961, 0.55357, -1.23364],
							"lerp_mode": "catmullrom"
						},
						"0.9333": {
							"post": [-0.16436, 0.30333, -1.50994],
							"lerp_mode": "catmullrom"
						},
						"1.2": {
							"post": [-0.69489, 0.30655, -1.53082],
							"lerp_mode": "catmullrom"
						},
						"1.5333": {
							"post": [-1.12296, 0.15276, -1.25061],
							"lerp_mode": "catmullrom"
						},
						"1.9333": {
							"post": [-0.12361, -0.34487, -1.48146],
							"lerp_mode": "catmullrom"
						},
						"2.1333": {
							"post": [-0.21461, 0.0957, -1.40355],
							"lerp_mode": "catmullrom"
						},
						"2.3": {
							"post": [-0.12233, 0.32159, -1.62556],
							"lerp_mode": "catmullrom"
						},
						"2.4667": {
							"post": [0.09599, 0.05429, -1.28819],
							"lerp_mode": "catmullrom"
						},
						"2.6667": {
							"post": [0.09599, 0.05429, -1.28819],
							"lerp_mode": "catmullrom"
						},
						"2.8667": {
							"post": [0.09599, 0.05429, -1.28819],
							"lerp_mode": "catmullrom"
						},
						"3.3667": {
							"post": [0.01089, 0.04638, -2.04345],
							"lerp_mode": "catmullrom"
						},
						"3.6333": {
							"post": [0.02454, -3.22275, -0.32477],
							"lerp_mode": "catmullrom"
						},
						"3.8667": {
							"post": [-0.35915, -0.08695, -1.51472],
							"lerp_mode": "catmullrom"
						},
						"4.0667": {
							"post": [-0.90009, 0.30285, -1.34682],
							"lerp_mode": "catmullrom"
						},
						"4.1667": {
							"post": [-1.95869, 0.2312, -1.11633],
							"lerp_mode": "catmullrom"
						},
						"4.3333": {
							"post": [-1.20204, 0.34159, -1.18871],
							"lerp_mode": "catmullrom"
						},
						"4.5667": {
							"post": [0.02454, -3.22275, -0.32477],
							"lerp_mode": "catmullrom"
						},
						"4.8": {
							"post": [0, 0.39063, -0.57812],
							"lerp_mode": "catmullrom"
						},
						"4.9": {
							"post": [0, -0.375, 0.59375],
							"lerp_mode": "catmullrom"
						},
						"5.0": {
							"post": [0, -0.15625, -0.04687],
							"lerp_mode": "catmullrom"
						},
						"5.0667": {
							"post": [0, 0, 0],
							"lerp_mode": "catmullrom"
						}
					}
				},
				"bolt": {
					"position": {
						"2.3": {
							"pre": [0, 0, 0],
							"post": [0, 0, 0],
							"lerp_mode": "catmullrom"
						},
						"2.4": {
							"post": [0, 0, 1.73438],
							"lerp_mode": "catmullrom"
						},
						"2.4333": {
							"post": [0, 0, 1.73438],
							"lerp_mode": "catmullrom"
						},
						"2.5": {
							"post": [0, 0, 0],
							"lerp_mode": "catmullrom"
						},
						"2.5333": {
							"post": [0, 0, 0],
							"lerp_mode": "catmullrom"
						},
						"2.6": {
							"post": [0, 0, 1.73438],
							"lerp_mode": "catmullrom"
						},
						"2.6333": {
							"post": [0, 0, 1.73438],
							"lerp_mode": "catmullrom"
						},
						"2.7": {
							"post": [0, 0, 0],
							"lerp_mode": "catmullrom"
						},
						"2.7333": {
							"post": [0, 0, 0],
							"lerp_mode": "catmullrom"
						},
						"2.8": {
							"post": [0, 0, 1.73438],
							"lerp_mode": "catmullrom"
						},
						"2.8333": {
							"post": [0, 0, 1.73438],
							"lerp_mode": "catmullrom"
						},
						"2.9": {
							"post": [0, 0, 0],
							"lerp_mode": "catmullrom"
						},
						"2.9333": {
							"post": [0, 0, 0],
							"lerp_mode": "catmullrom"
						}
					}
				},
				"additional_magazine": {
					"rotation": {
						"0.0": {
							"post": [-31.08835, -3.66606, -92.98753],
							"lerp_mode": "catmullrom"
						}
					},
					"position": {
						"0.0": {
							"post": [367.21606, -97.91238, 739.92499],
							"lerp_mode": "catmullrom"
						}
					}
				},
				"magazine": {
					"rotation": {
						"0.8667": {
							"pre": [0, 0, 0],
							"post": [0, 0, 0],
							"lerp_mode": "catmullrom"
						},
						"1.0": {
							"post": [0, 20, 25],
							"lerp_mode": "catmullrom"
						},
						"1.1333": {
							"post": [-3.57638, 35.16939, 31.67593],
							"lerp_mode": "catmullrom"
						},
						"1.3": [-10.57638, 35.16939, 31.67593],
						"1.4667": [-10.57638, 35.16939, 31.67593],
						"1.9333": [25.17248, 9.091, -20.80637],
						"3.3": [25.17248, 9.091, -20.80637],
						"3.5333": [-7.95019, 52.62564, 0.03781],
						"3.7": {
							"pre": [-21.67094, 36.84899, 12.64129],
							"post": [-21.67094, 36.84899, 12.64129],
							"lerp_mode": "catmullrom"
						},
						"3.8667": {
							"post": [-21.22115, 30.84025, -11.74572],
							"lerp_mode": "catmullrom"
						},
						"4.0333": {
							"post": [0, 0, 0],
							"lerp_mode": "catmullrom"
						},
						"4.1333": {
							"post": [0, 0, 0],
							"lerp_mode": "catmullrom"
						},
						"4.1667": {
							"post": [0, 0, 0],
							"lerp_mode": "catmullrom"
						},
						"4.2": {
							"post": [0, 0, 0],
							"lerp_mode": "catmullrom"
						}
					},
					"position": {
						"0.6": {
							"pre": [0, 0, 0],
							"post": [0, 0, 0],
							"lerp_mode": "catmullrom"
						},
						"0.6333": {
							"post": [0, 0, 0],
							"lerp_mode": "catmullrom"
						},
						"0.6667": {
							"post": [0, 0, 0],
							"lerp_mode": "catmullrom"
						},
						"0.7": {
							"post": [0, 0, 0],
							"lerp_mode": "catmullrom"
						},
						"0.7333": {
							"post": [0, 0, 0],
							"lerp_mode": "catmullrom"
						},
						"0.8667": {
							"post": [0, -7.03125, 0],
							"lerp_mode": "catmullrom"
						},
						"1.0": {
							"post": [5.55916, -5.27773, -2.44553],
							"lerp_mode": "catmullrom"
						},
						"1.1333": {
							"post": [7.15598, -6.33499, -2.01262],
							"lerp_mode": "catmullrom"
						},
						"1.3": [7.42581, -6.72734, -1.39433],
						"1.4667": [7.42581, -6.72734, -1.39433],
						"1.9333": [-0.82985, 7.93245, -4.99349],
						"3.3": [-0.82985, 7.93245, -4.99349],
						"3.5333": [2.86904, 4.51028, -4.37765],
						"3.7": {
							"pre": [2.10171, 0.16269, -6.75106],
							"post": [2.10171, 0.16269, -6.75106],
							"lerp_mode": "catmullrom"
						},
						"3.8667": {
							"post": [-0.41398, -9.19673, 0.34647],
							"lerp_mode": "catmullrom"
						},
						"4.0333": {
							"post": [0, -6.32812, 0],
							"lerp_mode": "catmullrom"
						},
						"4.1333": {
							"post": [0, 0, 0],
							"lerp_mode": "catmullrom"
						},
						"4.1667": {
							"post": [0, 0, 0],
							"lerp_mode": "catmullrom"
						},
						"4.2": {
							"post": [0, 0, 0],
							"lerp_mode": "catmullrom"
						}
					}
				},
				"bullet": {
					"position": [0, -2.46875, 0]
				},
				"camera": {
					"rotation": {
						"0.0": {
							"post": [0, 0, 0],
							"lerp_mode": "catmullrom"
						},
						"0.2": {
							"post": [2.99818, 0.10465, -1],
							"lerp_mode": "catmullrom"
						},
						"0.3333": {
							"post": [0.9962, 0.12205, -1.5],
							"lerp_mode": "catmullrom"
						},
						"0.4": {
							"post": [0.9962, 0.12205, -1.2],
							"lerp_mode": "catmullrom"
						},
						"0.6": {
							"post": [0.84, 0.14, -1.64],
							"lerp_mode": "catmullrom"
						},
						"0.6667": {
							"post": [0.99775, 0.13743, -1.67],
							"lerp_mode": "catmullrom"
						},
						"0.7667": {
							"post": [3.20058, -0.1034, 2.29532],
							"lerp_mode": "catmullrom"
						},
						"0.9": {
							"post": [1.29771, 0.14267, -2.19975],
							"lerp_mode": "catmullrom"
						},
						"1.1333": {
							"post": [-0.697, -1.92529, -0.37619],
							"lerp_mode": "catmullrom"
						},
						"1.3333": {
							"post": [1.30249, -2.92522, -0.36401],
							"lerp_mode": "catmullrom"
						},
						"1.8": {
							"post": [-0.69592, 2, -0.20489],
							"lerp_mode": "catmullrom"
						},
						"2.1333": {
							"post": [0.8, 4.07731, -0.20479],
							"lerp_mode": "catmullrom"
						},
						"2.3": {
							"post": [1.3, 0.0611, 0.80177],
							"lerp_mode": "catmullrom"
						},
						"2.4": {
							"post": [0.6, 4.15227, -1.19996],
							"lerp_mode": "catmullrom"
						},
						"2.5333": {
							"post": [1.2, 3.04211, 0.76244],
							"lerp_mode": "catmullrom"
						},
						"2.6333": {
							"post": [0.4, 3.65355, -1.23586],
							"lerp_mode": "catmullrom"
						},
						"2.7333": {
							"post": [1.1, 3.04211, 0.76244],
							"lerp_mode": "catmullrom"
						},
						"2.8333": {
							"post": [0.2, 3.15483, -1.27171],
							"lerp_mode": "catmullrom"
						},
						"3.0": {
							"post": [3, 2.04288, 0.72318],
							"lerp_mode": "catmullrom"
						},
						"3.2667": {
							"post": [1.25097, 3.03976, 0.74184],
							"lerp_mode": "catmullrom"
						},
						"3.5333": {
							"post": [7.07269, 1.42937, -2.48608],
							"lerp_mode": "catmullrom"
						},
						"3.7333": {
							"post": [5.09154, 4.40649, -2.11577],
							"lerp_mode": "catmullrom"
						},
						"3.9333": {
							"post": [1.26515, -1.95263, 0.66302],
							"lerp_mode": "catmullrom"
						},
						"4.0333": {
							"post": [-1.095, -1.84291, 2.10071],
							"lerp_mode": "catmullrom"
						},
						"4.1333": {
							"post": [-2.632, -2.02331, -2.33633],
							"lerp_mode": "catmullrom"
						},
						"4.2667": {
							"post": [2.15989, -2.06848, 3.66263],
							"lerp_mode": "catmullrom"
						},
						"4.5333": {
							"post": [1, -0.74532, 0.3],
							"lerp_mode": "catmullrom"
						},
						"5.0": {
							"post": [0, 0, 0],
							"lerp_mode": "catmullrom"
						}
					}
				}
			}
		}
	}
}